batch_id,time_hr,temperature_c,ph,do_pct,agitation_rpm,air_flow_slpm,o2_flow_slpm,co2_flow_slpm,feed_rate_ml_hr,glucose_g_l,lactate_g_l,viable_cell_density_million_ml,viability_pct,titer_g_l
B001,0,37.059389,7.116163,50.278936,300.433713,0.453299,0.000000,0.033934,0.035476,5.792172,0.166159,0.112260,97.842497,0.000000
B001,4,37.040061,7.059491,52.104474,301.199256,0.461034,0.000000,0.045750,0.022728,5.660585,0.274637,0.493678,98.044975,0.001703
B001,8,36.997045,7.049460,53.087246,304.016755,0.462274,0.000000,0.032465,0.000000,5.757624,0.195938,0.736999,98.104602,0.004247
B001,12,36.996508,7.150900,50.327072,300.911630,0.446251,0.000000,0.037282,0.031639,5.491181,0.303895,0.993674,98.242987,0.007682
B001,16,36.945392,7.091869,48.726857,298.076136,0.488829,0.000000,0.028622,0.000000,5.457813,0.273974,0.796071,98.346954,0.010437
B001,20,36.944986,7.071707,48.482504,307.283207,0.457389,0.000000,0.058337,0.020413,5.236304,0.269370,1.064765,98.355077,0.014122
B001,24,37.019916,7.124405,51.226266,298.048081,0.451039,0.000000,0.068814,0.002503,5.193375,0.277677,0.966679,98.152267,0.017460
B001,28,37.018088,7.095771,52.458635,302.896090,0.467823,0.000000,0.035331,0.021219,5.494510,0.324849,1.413333,97.523599,0.022310
B001,32,37.068777,7.105711,52.441363,304.454630,0.473893,0.000000,0.044924,0.000000,4.933659,0.383387,1.572260,98.123075,0.027739
B001,36,36.996395,7.077587,50.359075,305.529119,0.494791,0.000000,0.043175,0.000000,5.024277,0.491148,1.922724,98.362800,0.034393
B001,40,36.868044,7.118707,48.834927,306.220771,0.483617,0.000000,0.064142,1.276337,4.778047,0.510354,2.097054,98.468267,0.041659
B001,44,36.981702,7.047613,47.301720,309.584856,0.492524,0.000000,0.054113,1.355711,5.462116,0.434397,2.322384,98.277306,0.049690
B001,48,36.992443,7.127193,50.520705,298.827189,0.485013,0.000000,0.047095,1.326743,4.994647,0.485021,2.525241,97.943096,0.058393
B001,52,37.128351,7.080136,52.834513,302.066384,0.500789,0.000000,0.043447,1.335784,4.918658,0.606124,2.515126,98.096326,0.067074
B001,56,37.056237,7.072163,51.770844,302.495709,0.528312,0.000000,0.045748,1.313454,4.281438,0.529876,3.033653,98.092530,0.077545
B001,60,37.032758,7.065398,50.163231,302.414661,0.487487,0.000000,0.059773,1.309209,4.665268,0.703303,3.345935,98.359821,0.089125
B001,64,36.915246,7.086648,50.647382,298.469814,0.545437,0.000000,0.065579,1.430625,4.669382,0.639625,3.847295,98.259391,0.102426
B001,68,36.999447,7.091434,48.662878,307.736660,0.555953,0.000000,0.064839,1.444012,4.871048,0.769255,4.444551,98.258489,0.117793
B001,72,37.075768,7.081674,50.735928,306.106719,0.543538,0.000000,0.076599,1.411726,4.845482,0.972907,5.306667,98.233524,0.136135
B001,76,37.062981,7.096107,52.271333,308.104516,0.577836,0.000000,0.078930,1.399593,4.643214,0.831439,5.365359,97.985249,0.154634
B001,80,37.096491,7.091049,50.166322,314.313202,0.552460,0.000000,0.097435,1.454748,4.094365,1.148044,6.111063,98.384302,0.175789
B001,84,36.934295,7.086439,47.584789,314.587015,0.553008,0.000000,0.072802,1.513615,4.127652,1.147065,6.224806,97.987977,0.197251
B001,88,36.990258,7.087924,49.225925,312.007624,0.575423,0.000000,0.084139,1.501527,4.238179,1.106961,7.311835,98.431512,0.222575
B001,92,36.953293,7.088117,48.910278,311.362213,0.591377,0.000000,0.105276,1.510998,4.460619,1.368125,7.795172,98.024501,0.249462
B001,96,36.937290,7.073490,51.347383,314.968903,0.622535,0.000000,0.104956,1.564189,4.409527,1.464682,8.439223,98.445081,0.278695
B001,100,37.046252,7.050251,50.692917,308.840570,0.593265,0.000000,0.097181,1.518337,3.894311,1.360380,8.807569,98.304182,0.309160
B001,104,36.965819,7.055554,51.442178,310.666345,0.649424,0.000000,0.104184,1.527674,3.604605,1.506257,9.868439,98.218137,0.343265
B001,108,37.024036,7.058951,50.270881,311.353372,0.671846,0.000000,0.124616,1.561494,3.558715,1.715306,10.537181,97.886939,0.379558
B001,112,36.886890,7.042608,48.536379,311.414106,0.672139,0.000000,0.109134,1.604072,3.777997,1.768239,11.263332,98.333199,0.418529
B001,116,36.932939,7.072188,46.612777,317.427497,0.652353,0.000000,0.128936,1.590907,3.961492,1.951170,11.849674,98.049023,0.459410
B001,120,37.006341,7.030879,49.665358,312.418644,0.663956,0.000000,0.139213,1.547533,4.032712,2.022592,12.625612,98.166200,0.503021
B001,124,36.996558,7.025131,49.439931,318.073680,0.712881,0.000000,0.114764,1.674523,3.617039,2.049304,13.248511,97.792580,0.548609
B001,128,37.069780,7.013239,50.778167,311.071558,0.696882,0.000000,0.136106,1.626248,3.153642,2.186176,13.765746,97.731403,0.595947
B001,132,36.964354,7.062633,47.237843,328.938583,0.718619,0.000000,0.149696,1.685987,3.253589,2.344723,14.405209,97.959854,0.645599
B001,136,36.911988,6.977037,48.280287,323.267226,0.719820,0.000000,0.151665,1.677979,3.160168,2.436516,14.987779,97.701667,0.697124
B001,140,36.982701,7.046526,48.192819,325.398481,0.752876,0.000000,0.149292,1.726456,3.684386,2.384608,15.375385,97.743051,0.750003
B001,144,37.006216,7.082709,51.364398,317.943681,0.755877,0.000000,0.153835,1.735418,3.678107,2.460782,15.588341,98.054794,0.803786
B001,148,37.035815,7.079079,50.870676,313.653119,0.735459,0.000000,0.155971,1.772181,3.236148,2.421016,16.657453,97.281418,0.860805
B001,152,37.036166,7.072875,53.080576,316.863054,0.747484,0.000000,0.167749,1.757668,2.784437,2.450987,16.741662,96.944731,0.917913
B001,156,37.011084,7.076473,48.880898,319.307270,0.743407,0.000000,0.168970,1.843166,2.946405,2.307868,17.522798,96.738078,0.977558
B001,160,36.883113,7.065065,47.739760,319.878823,0.777835,0.000000,0.182278,1.834402,3.142216,2.253195,17.806163,97.148111,1.038425
B001,164,36.971399,7.025004,47.675916,325.961695,0.769754,0.000000,0.173382,1.788703,3.206972,2.008800,17.774032,96.899609,1.099026
B001,168,37.030428,7.076946,53.083863,322.562107,0.798612,0.000000,0.157486,1.818866,3.511956,2.081828,18.230826,96.988203,1.161242
B001,172,37.085638,7.048429,51.336224,325.306238,0.762130,0.000000,0.178056,1.762246,3.288384,1.809286,17.929369,96.458677,1.222095
B001,176,37.046729,7.109730,52.040030,324.451762,0.762043,0.000000,0.173355,1.833088,2.846761,1.826878,17.867819,96.167913,1.282557
B001,180,36.970781,7.079871,49.716345,322.662820,0.782306,0.000000,0.170848,1.919156,2.692391,1.682702,17.986272,96.747382,1.343785
B001,184,36.917539,7.063049,47.503371,322.155568,0.752102,0.000000,0.174950,1.889987,3.460608,1.526423,17.546632,96.434740,1.403325
B001,188,36.966435,7.088205,48.163660,324.709793,0.780387,0.000000,0.165353,1.945883,3.727567,1.550331,17.160794,95.756798,1.461145
B001,192,37.066223,7.160994,50.036337,322.182018,0.761615,0.000000,0.162393,1.988646,3.480274,1.347625,17.318663,95.666595,1.519443
B001,196,37.047674,7.088558,50.241744,317.469781,0.775951,0.000000,0.163464,1.982520,3.262132,1.158615,16.761563,95.861936,1.575980
B001,200,37.007528,7.108757,50.997258,316.940270,0.710924,0.000000,0.152878,1.945808,2.960685,1.167707,16.685616,95.542351,1.632074
B001,204,36.967791,7.052773,50.057581,313.652833,0.734136,0.000000,0.157734,2.005132,3.148125,1.136114,16.088027,95.565788,1.686172
B001,208,36.959892,7.102515,49.160655,320.957296,0.700710,0.000000,0.163076,1.984734,3.528322,1.069830,15.851261,95.283639,1.739316
B001,212,36.987323,7.030332,48.420593,321.441317,0.737587,0.000000,0.153798,2.032736,3.842805,0.909697,16.045324,94.986840,1.792944
B001,216,36.972795,7.098554,50.987537,318.292751,0.743363,0.000000,0.154218,2.013309,3.732325,0.785814,15.537505,94.668879,1.844700
B001,220,36.981706,7.045391,50.855360,317.856010,0.749517,0.000000,0.151551,2.125518,3.561870,0.956185,15.402935,94.853912,1.896108
B001,224,37.041751,7.046016,50.526226,311.171014,0.706751,0.000000,0.141214,2.081056,3.317742,0.770335,15.184210,94.069530,1.946368
B001,228,37.019558,7.115964,49.283485,320.491081,0.701278,0.000000,0.141400,2.097096,3.588864,0.854493,14.787398,94.329327,1.995449
B001,232,36.919706,7.120282,48.882063,313.918889,0.704238,0.000000,0.129988,2.148463,3.976179,0.809208,14.379833,93.781174,2.042900
B001,236,36.892262,7.119633,49.351948,316.924115,0.693606,0.000000,0.136074,2.053240,4.078121,0.619129,14.291637,94.247175,2.090294
B001,240,37.028855,7.028512,52.017849,320.162867,0.686052,0.000000,0.131324,2.110727,4.157878,0.485223,13.628511,93.783794,2.135267
B002,0,37.073871,7.098755,49.707391,302.747270,0.479472,0.000000,0.039553,0.000000,5.669764,0.252639,0.823244,98.403022,0.000000
B002,4,37.022226,7.123038,52.239705,300.727937,0.447553,0.000000,0.054094,0.000000,5.603147,0.222038,0.635900,97.919843,0.002177
B002,8,37.123477,7.136675,52.551635,301.736292,0.440319,0.000000,0.043590,0.000000,5.509201,0.215568,0.753909,98.389115,0.004771
B002,12,37.028240,7.073232,51.614984,304.963968,0.473475,0.000000,0.047697,0.006018,5.529772,0.345230,1.209738,98.505255,0.008937
B002,16,36.988670,7.128045,49.644852,304.910343,0.468844,0.000000,0.038580,0.000000,5.326588,0.393602,1.266228,98.507758,0.013299
B002,20,37.025928,7.090650,48.655982,302.379885,0.459578,0.000000,0.025869,0.006611,5.438948,0.406494,1.198920,98.264775,0.017418
B002,24,36.991462,7.065527,48.381338,302.212517,0.464408,0.000000,0.054623,0.000000,5.061176,0.346003,1.451103,98.222175,0.022401
B002,28,37.097551,7.073120,53.947293,300.687157,0.504016,0.000000,0.050021,0.020361,5.234878,0.324399,1.809354,97.858427,0.028592
B002,32,37.088013,7.095576,52.898645,300.502263,0.450298,0.000000,0.051204,0.000000,5.008781,0.338192,1.597860,98.204708,0.034079
B002,36,36.969099,7.105340,50.614072,305.686359,0.505693,0.000000,0.048740,0.000000,4.812282,0.456431,2.106356,98.031764,0.041299
B002,40,36.928016,7.045539,46.686768,311.343304,0.498390,0.000000,0.051053,1.271967,4.661792,0.559292,2.925429,98.357109,0.051359
B002,44,36.954955,7.124495,47.287055,301.378377,0.504949,0.000000,0.063198,1.314106,5.254996,0.605073,2.907577,98.114444,0.061334
B002,48,37.024763,7.112328,48.693207,306.615891,0.509676,0.000000,0.060226,1.265501,4.988627,0.636850,3.274461,98.132818,0.072569
B002,52,37.046750,7.100840,55.597140,300.871527,0.499896,0.000000,0.064097,1.372023,4.663582,0.681435,3.482845,98.384060,0.084550
B002,56,37.032206,7.099861,51.234659,306.126315,0.546581,0.000000,0.053579,1.371859,4.204357,0.729253,4.321552,98.546976,0.099441
B002,60,36.999845,7.104090,50.956286,303.008777,0.571307,0.000000,0.066541,1.372178,3.956068,0.905587,4.889603,98.373547,0.116259
B002,64,36.923823,7.101317,48.249340,310.024789,0.535073,0.000000,0.083606,1.328784,4.439558,0.843477,5.380857,98.555809,0.134801
B002,68,36.934641,7.014854,48.264631,315.350481,0.553307,0.000000,0.079631,1.393709,4.667563,0.914648,6.281442,98.063870,0.156339
B002,72,37.057423,7.035554,49.558440,308.143696,0.600202,0.000000,0.087772,1.428977,4.578608,1.221139,7.036094,98.386392,0.180544
B002,76,37.089626,7.096555,51.661975,313.394619,0.567090,0.000000,0.084512,1.517757,4.171159,1.294182,7.563555,98.229813,0.206521
B002,80,37.069736,7.116715,54.002727,306.389734,0.574433,0.000000,0.100309,1.431741,3.776788,1.399555,8.244155,98.463204,0.234904
B002,84,36.978229,7.135977,51.881027,310.550552,0.598317,0.000000,0.114054,1.478720,3.821915,1.457720,8.974335,98.450797,0.265796
B002,88,36.876209,7.053258,48.464271,313.963789,0.615881,0.000000,0.111843,1.458235,3.935622,1.527539,10.146407,97.841089,0.300507
B002,92,36.867929,7.029562,49.942224,313.173604,0.623059,0.000000,0.122764,1.512487,4.219078,1.689726,11.004244,97.896660,0.338174
B002,96,36.967213,7.020179,49.733384,311.406378,0.684693,0.000000,0.135612,1.500379,4.253080,1.926183,11.751881,98.029231,0.378454
B002,100,37.089337,7.046291,51.969027,312.257456,0.699523,0.000000,0.136587,1.540844,3.643371,2.107084,12.746472,98.138350,0.422192
B002,104,37.076525,7.034060,52.296945,316.615631,0.677761,0.000000,0.130237,1.526151,3.232023,2.147810,13.406669,98.041833,0.468150
B002,108,37.004863,7.050704,48.934106,318.072009,0.717908,0.000000,0.145806,1.530221,3.311672,2.347222,14.155754,97.940028,0.516626
B002,112,36.935994,7.005466,48.111358,319.609545,0.730143,0.000000,0.147087,1.615436,3.454964,2.520888,15.000657,97.741315,0.567890
B002,116,36.954449,7.038195,46.751697,322.997592,0.703860,0.000000,0.152686,1.650374,3.680226,2.443513,15.656151,98.079993,0.621581
B002,120,36.979066,7.113790,49.918172,317.302457,0.757886,0.000000,0.156663,1.572538,3.478764,2.520472,16.343569,98.022175,0.677595
B002,124,37.069926,7.066737,50.622807,322.539159,0.734408,0.000000,0.160411,1.629711,3.262126,2.668502,17.175090,97.832611,0.736346
B002,128,37.061578,7.120531,50.413072,320.043758,0.789708,0.000000,0.173662,1.634211,2.628255,2.922830,17.865337,97.135108,0.797022
B002,132,37.021070,7.070563,46.954328,328.442922,0.764550,0.000000,0.168235,1.616151,2.761504,2.937769,18.100787,97.949456,0.859013
B002,136,36.995445,7.058477,47.559022,323.546883,0.798995,0.000000,0.169985,1.708922,2.896413,3.133141,18.918134,97.411244,0.923448
B002,140,36.960631,7.020267,49.329769,327.641951,0.819401,0.000000,0.178565,1.680518,3.183827,3.029056,19.505440,97.163621,0.989714
B002,144,36.991447,7.061893,50.546252,317.247149,0.817274,0.000000,0.181824,1.711035,3.232053,3.062881,19.643734,96.585735,1.056052
B002,148,37.053599,7.016465,50.433702,317.397102,0.805753,0.000000,0.194421,1.706870,3.047547,3.004788,19.953749,96.870464,1.123637
B002,152,37.036541,7.092389,51.321348,327.929713,0.827979,0.000000,0.199972,1.691638,2.600837,2.964585,20.454906,96.979374,1.192996
B002,156,37.018546,7.086971,49.451407,328.680161,0.815301,0.000000,0.190801,1.838233,2.520126,2.661269,20.503667,97.137842,1.262635
B002,160,36.973884,7.081905,46.262136,328.434162,0.845418,0.000000,0.180637,1.783870,2.894226,2.590714,20.868992,96.519241,1.333063
B002,164,37.021112,7.060542,49.202449,334.499244,0.853901,0.000000,0.181020,1.812099,3.169585,2.467272,21.062060,96.798903,1.404349
B002,168,36.983997,7.049539,51.784963,324.117033,0.817800,0.000000,0.202384,1.818795,3.002940,2.366852,21.295792,96.568644,1.476254
B002,172,37.114373,7.065512,52.361818,322.855458,0.839952,0.000000,0.204398,1.829042,2.882807,2.201174,21.004177,96.597907,1.547196
B002,176,37.049085,7.101977,51.520550,325.037103,0.826055,0.000000,0.201125,1.839353,2.639899,2.029800,20.801320,96.789529,1.617592
B002,180,37.023349,7.036666,51.358917,323.769198,0.819783,0.000000,0.195834,1.837597,2.643740,1.901371,20.624060,96.529962,1.687201
B002,184,36.921631,7.041496,47.946635,327.295805,0.815856,0.000000,0.176171,1.869434,2.958589,1.836497,20.082686,96.017793,1.754624
B002,188,36.902007,7.053629,49.449446,327.109604,0.836932,0.000000,0.186269,1.889518,3.037945,1.701608,20.001574,95.589176,1.821474
B002,192,36.946241,7.072166,50.529130,318.520931,0.779163,0.000000,0.191007,1.902511,3.298325,1.556198,19.910239,96.110028,1.888382
B002,196,37.062653,7.049955,52.659412,323.041177,0.797405,0.000000,0.169705,1.899031,3.063783,1.529480,19.315944,95.817808,1.953095
B002,200,36.994655,7.058062,52.989056,324.207558,0.790513,0.000000,0.180587,2.003836,2.597258,1.428452,19.126147,95.393144,2.016888
B002,204,37.032185,7.094383,49.853422,317.011053,0.796211,0.000000,0.177735,1.961399,2.813289,1.245900,18.571030,95.221221,2.078718
B002,208,36.946923,7.078385,47.401283,327.888409,0.799639,0.000000,0.161008,2.030370,3.283571,1.004322,18.259338,95.630262,2.139772
B002,212,36.944832,7.072677,47.210087,320.516979,0.775715,0.000000,0.184604,1.975370,3.749774,1.155909,18.070634,95.094689,2.199856
B002,216,37.011769,7.053863,49.983105,318.868436,0.770668,0.000000,0.151188,2.002963,3.784177,1.073700,17.794863,94.951496,2.258934
B002,220,37.077629,7.085625,53.577559,320.603742,0.768826,0.000000,0.180284,1.991119,3.308023,1.085609,17.808209,94.595670,2.317835
B002,224,37.045079,7.078661,52.631474,316.255580,0.775177,0.000000,0.177342,2.066939,3.201309,0.845355,17.270495,94.490209,2.374893
B002,228,36.962976,7.064473,50.527930,322.169472,0.771658,0.000000,0.163274,2.073382,3.102696,0.868974,17.149410,94.103667,2.431320
B002,232,36.988132,7.062566,48.441069,324.524604,0.758706,0.000000,0.173538,2.091566,3.759547,0.753926,16.672622,93.836430,2.486023
B002,236,36.957675,7.016426,49.460211,318.090819,0.756881,0.000000,0.155205,2.158380,3.896800,0.624390,16.525839,93.871604,2.540264
B002,240,36.991697,7.066351,48.875284,321.200187,0.728458,0.000000,0.154258,2.158716,3.976912,0.686571,16.021745,93.420258,2.592597
B003,0,36.963992,7.096609,49.099053,302.449869,0.436712,0.000000,0.051744,0.000000,5.585796,0.133791,0.100000,97.921179,0.000000
B003,4,37.090013,7.147399,50.600417,302.374636,0.481712,0.000000,0.042225,0.027450,5.619404,0.092423,0.610678,98.511565,0.002250
B003,8,37.033017,7.071940,51.406540,299.732109,0.474298,0.000000,0.028584,0.000000,5.693700,0.145628,0.403233,98.302703,0.003732
B003,12,36.988106,7.118313,50.581665,301.348668,0.446549,0.000000,0.037524,0.000000,5.623289,0.174903,0.647717,98.260327,0.006112
B003,16,36.969838,7.082259,48.324993,299.688643,0.492034,0.000000,0.038286,0.000000,5.237841,0.162145,0.579290,98.223093,0.008240
B003,20,36.997256,7.081264,47.644003,305.800648,0.494674,0.000000,0.046344,0.048857,5.545529,0.305001,0.745659,98.403696,0.010983
B003,24,36.999984,7.114886,48.579064,306.864965,0.481709,0.000000,0.042987,0.010403,5.298893,0.287767,0.922188,98.161542,0.014368
B003,28,37.051288,7.136827,52.486099,295.301064,0.446637,0.000000,0.045597,0.000000,5.226336,0.333515,1.108205,98.306392,0.018442
B003,32,37.064933,7.085929,48.058678,304.285059,0.500953,0.000000,0.037311,0.000000,5.030633,0.326697,1.460538,98.328265,0.023813
B003,36,36.964183,7.076558,51.535550,308.096395,0.452227,0.000000,0.040435,0.000000,5.037712,0.319849,1.658352,98.380770,0.029914
B003,40,36.934904,7.043570,45.554411,312.607494,0.489239,0.008021,0.049306,0.001494,4.985965,0.509600,1.964578,97.958327,0.037110
B003,44,36.910503,7.097248,49.146968,306.357352,0.487026,0.000000,0.054351,0.049189,4.720469,0.550559,2.344416,98.494359,0.045745
B003,48,37.038747,7.095496,50.001232,303.384874,0.511802,0.000000,0.060897,1.317658,4.730229,0.386298,2.510667,98.026051,0.054948
B003,52,37.137093,7.110329,51.452167,304.923213,0.513658,0.000000,0.044923,1.398757,5.129027,0.537151,2.955917,97.890929,0.065768
B003,56,37.070617,7.073497,52.264529,309.071112,0.504658,0.000000,0.055215,1.339443,5.141273,0.583525,3.072318,97.909993,0.077017
B003,60,36.929517,7.043487,50.424850,303.272332,0.509292,0.000000,0.071615,1.364497,4.300229,0.609338,3.214690,97.838333,0.088778
B003,64,36.923783,7.118853,47.177648,309.429710,0.530600,0.000000,0.063372,1.359607,4.218512,0.717349,4.356706,98.700983,0.104858
B003,68,36.893226,7.062076,47.169103,307.787328,0.521997,0.000000,0.071957,1.428393,4.296857,0.893606,4.727364,97.998257,0.122182
B003,72,36.934360,7.096541,50.026276,310.792080,0.562562,0.000000,0.065933,1.439630,4.334005,0.825856,5.230225,98.382197,0.141424
B003,76,37.077708,7.101145,52.350083,309.987184,0.564464,0.000000,0.081873,1.448270,4.622970,1.013063,5.818527,98.027805,0.162753
B003,80,37.099441,7.111815,51.222846,307.259089,0.609770,0.000000,0.084999,1.496183,4.669799,1.127999,6.303728,97.647916,0.185771
B003,84,37.032136,7.086477,49.975985,315.997355,0.588620,0.000000,0.099992,1.453413,3.931616,1.163503,7.184511,98.070026,0.212118
B003,88,36.882818,7.106292,48.590229,315.865276,0.620678,0.000000,0.100915,1.475530,3.748844,1.268229,7.767398,98.040763,0.240595
B003,92,36.902338,7.073800,48.075560,312.089078,0.614714,0.000000,0.110375,1.573028,3.893802,1.458976,8.865433,98.318171,0.273189
B003,96,37.009048,7.075916,50.617264,313.505592,0.644080,0.000000,0.110678,1.555164,3.890362,1.512989,9.630345,98.353261,0.308608
B003,100,37.053048,7.095349,52.283569,313.712148,0.634542,0.000000,0.105587,1.521762,4.232352,1.598831,10.352976,98.362264,0.346689
B003,104,37.078169,7.052191,50.903621,309.496701,0.626820,0.000000,0.130491,1.557838,3.979636,1.744365,11.130137,98.684148,0.387762
B003,108,37.030599,7.091151,49.392020,318.397831,0.661087,0.000000,0.106366,1.655901,3.619547,1.881483,12.026699,98.340661,0.431988
B003,112,36.923898,6.998291,48.628667,313.441582,0.679064,0.000000,0.128381,1.617134,3.023180,1.978489,12.572557,98.254663,0.478182
B003,116,36.947982,7.052066,46.191466,320.889629,0.680462,0.000000,0.110662,1.693385,3.336558,2.074653,13.216792,98.268783,0.526750
B003,120,36.997156,7.063735,49.902868,319.535206,0.734868,0.000000,0.140601,1.741744,3.406257,2.337534,13.922252,97.953878,0.577746
B003,124,37.045547,7.073132,49.701544,319.754872,0.728118,0.000000,0.149105,1.672190,3.522975,2.501220,15.383601,97.941016,0.634088
B003,128,37.074107,7.068730,53.301384,319.807704,0.733146,0.000000,0.149228,1.672867,3.756526,2.529710,15.518877,97.888700,0.690895
B003,132,37.037710,7.077158,49.665199,321.535914,0.732465,0.000000,0.163793,1.656581,3.178420,2.575770,16.319549,97.729689,0.750535
B003,136,36.966388,7.058081,48.145906,321.284011,0.757046,0.000000,0.159391,1.762211,3.057102,2.635700,16.647091,98.109385,0.811609
B003,140,36.925585,7.037480,49.310849,321.952009,0.756901,0.000000,0.156326,1.787953,2.707755,2.673250,16.966776,97.705960,0.873600
B003,144,36.997624,7.053669,50.971510,318.977096,0.786873,0.000000,0.159457,1.803285,3.217877,2.738416,17.699634,97.135013,0.937891
B003,148,37.085438,7.055004,48.233167,326.384930,0.809732,0.000000,0.165629,1.782676,3.257550,2.701833,18.095756,97.274202,1.003714
B003,152,37.032507,7.096319,52.110050,320.616023,0.769498,0.000000,0.166064,1.797657,3.373276,2.378163,18.474786,97.215849,1.070876
B003,156,37.052023,7.039606,49.839210,325.204327,0.776358,0.000000,0.173793,1.825144,3.012393,2.442252,18.532396,96.748263,1.137923
B003,160,37.028841,7.038371,48.914644,330.429426,0.804834,0.000000,0.189081,1.863289,2.723099,2.522246,19.040995,97.120012,1.207075
B003,164,36.905384,7.069089,47.831635,321.952460,0.814801,0.000000,0.198491,1.897359,2.671549,2.352178,19.517475,96.832628,1.277748
B003,168,37.007390,7.059883,51.730296,327.216209,0.807049,0.000000,0.172038,1.852773,2.982511,2.361671,20.011642,96.969506,1.350313
B003,172,37.077799,7.049278,51.170114,324.099891,0.822361,0.000000,0.176668,1.932898,3.240505,2.082715,19.681178,96.628524,1.421428
B003,176,37.000946,7.064796,52.201364,327.371565,0.807834,0.000000,0.170316,1.963263,3.222072,1.922192,19.206868,96.601435,1.490810
B003,180,36.978787,7.047317,50.319801,319.950883,0.789934,0.000000,0.172026,1.936339,3.029715,1.849980,19.015305,96.284812,1.559275
B003,184,36.984419,7.028654,49.109315,318.735687,0.792800,0.000000,0.167320,1.959925,2.619475,1.678430,18.356638,95.954711,1.625142
B003,188,36.872925,7.045718,50.046340,316.771595,0.793946,0.000000,0.172995,1.968917,2.910302,1.605823,18.336479,95.883481,1.690888
B003,192,36.945597,7.100534,48.904657,324.662025,0.751592,0.000000,0.159593,2.003554,3.318181,1.427540,18.360100,95.275318,1.756300
B003,196,37.036765,7.060130,51.844296,315.787706,0.730955,0.000000,0.184282,2.030304,3.503847,1.381193,17.575683,95.840811,1.819290
B003,200,37.030635,7.107649,51.701609,317.354239,0.751768,0.000000,0.156968,2.023844,3.610761,1.266624,17.173586,95.346370,1.880521
B003,204,37.012576,7.062483,49.153677,318.899832,0.735603,0.000000,0.160962,2.008217,3.356651,1.105758,17.191005,95.292360,1.941780
B003,208,36.931402,7.080832,48.473292,326.751291,0.753858,0.000000,0.161548,2.087974,3.119819,1.078017,16.768928,95.233285,2.001497
B003,212,36.962167,7.057192,48.551739,323.407736,0.744036,0.000000,0.149455,2.043008,2.855815,1.009848,16.390936,95.055587,2.059759
B003,216,36.977876,7.094085,51.007163,322.466082,0.749504,0.000000,0.156872,2.102973,3.271751,0.908906,16.049225,95.045281,2.116801
B003,220,37.055904,7.111809,51.452177,322.041586,0.719898,0.000000,0.161108,2.175029,3.698199,0.759785,15.741788,94.362298,2.172348
B003,224,37.056256,7.084882,52.141415,318.466241,0.712170,0.000000,0.148967,2.101100,4.065084,0.772946,15.155438,94.478299,2.225892
B003,228,36.994839,7.099925,50.172424,322.009860,0.729201,0.000000,0.143268,2.162666,3.550549,0.809200,15.123225,94.237620,2.279185
B003,232,36.959490,7.088389,50.518163,317.263185,0.763498,0.000000,0.137970,2.222421,3.378204,0.710298,14.733642,94.026966,2.330990
B003,236,36.920144,7.079033,47.664767,320.924245,0.681079,0.000000,0.136253,2.206323,3.492861,0.606884,14.482080,93.689810,2.381728
B003,240,37.079619,7.072073,50.853192,313.784084,0.701621,0.000000,0.139897,2.266314,3.728097,0.538308,13.721296,93.285569,2.429592
B004,0,37.012830,7.123045,50.280027,295.513857,0.454301,0.000000,0.038695,0.012225,5.850513,0.239353,0.356960,98.393668,0.000000
B004,4,36.976129,7.073688,48.215016,306.306211,0.457024,0.000000,0.040176,0.053856,5.571539,0.276012,0.841878,98.170067,0.003395
B004,8,36.993550,7.103676,50.345257,305.749540,0.474405,0.000000,0.050928,0.000000,5.696137,0.291887,0.816499,98.406641,0.006695
B004,12,37.092702,7.101879,47.800019,307.830459,0.458860,0.000000,0.039199,0.036937,5.538341,0.333108,0.888408,98.743569,0.010298
B004,16,37.098372,7.148403,51.282912,303.250129,0.504412,0.000000,0.039782,0.026406,5.460426,0.088531,0.991011,98.104989,0.014291
B004,20,37.018677,7.107439,50.921870,302.727382,0.483031,0.000000,0.043612,0.006460,5.319073,0.264004,0.981399,97.932552,0.018239
B004,24,37.028285,7.112798,49.720106,297.022267,0.478371,0.000000,0.041173,0.000000,5.212045,0.345182,1.440089,98.297140,0.024053
B004,28,36.973530,7.067828,48.710902,307.131832,0.460316,0.000000,0.049337,0.000000,5.361642,0.373024,1.518703,97.522616,0.030136
B004,32,36.997471,7.073603,47.695754,303.140439,0.511392,0.000000,0.050487,0.004606,5.129126,0.429812,2.047623,98.034462,0.038381
B004,36,37.029645,7.096825,52.747237,302.945010,0.488174,0.000000,0.058229,0.019385,5.011468,0.423657,2.188264,98.615896,0.047245
B004,40,37.037986,7.098599,51.429834,302.120392,0.491452,0.000000,0.054412,0.000000,4.779994,0.453908,2.785897,98.219219,0.058483
B004,44,37.070927,7.076898,50.958716,296.961920,0.488461,0.000000,0.058226,0.011453,4.677965,0.835524,3.310004,98.386581,0.071859
B004,48,36.961307,7.079810,48.832233,308.405253,0.504789,0.000000,0.061282,1.277416,4.657018,0.627648,3.539522,98.345350,0.086157
B004,52,36.966361,7.069554,43.828890,323.170394,0.531960,0.039080,0.063473,1.352132,4.828533,0.716509,4.346308,97.679775,0.103594
B004,56,36.965622,7.059987,48.058139,314.517554,0.562684,0.000000,0.068811,1.440204,4.549662,0.815930,4.778689,98.374880,0.122903
B004,60,37.102327,7.083158,53.578143,304.118043,0.555154,0.000000,0.069841,1.414194,4.379542,0.914182,5.523217,98.169220,0.145173
B004,64,37.009901,7.104347,53.761300,306.128666,0.557019,0.000000,0.076266,1.419601,4.159669,0.943646,6.099558,98.221373,0.169780
B004,68,37.062498,7.065113,53.896171,311.049063,0.607561,0.000000,0.086168,1.465708,3.948263,1.254227,7.340832,98.646355,0.199523
B004,72,36.977753,7.029023,48.912833,311.847635,0.574962,0.000000,0.092327,1.415305,4.087261,1.316880,7.850317,98.397750,0.231251
B004,76,36.970934,7.012068,47.592828,311.639422,0.591232,0.000000,0.100737,1.470798,4.247135,1.408267,8.857228,98.040899,0.266917
B004,80,36.965056,7.055670,48.077894,315.176524,0.649921,0.000000,0.112347,1.506429,3.990027,1.710430,10.407800,97.614642,0.308646
B004,84,37.031971,7.094984,49.938062,314.175869,0.652961,0.000000,0.118134,1.507355,3.862861,1.873268,10.648845,97.866906,0.351451
B004,88,37.042952,7.110847,51.126215,308.473563,0.660947,0.000000,0.121402,1.484593,3.284798,1.857213,11.810459,98.109982,0.399044
B004,92,37.007188,7.074632,50.343994,313.759716,0.695549,0.000000,0.138130,1.485485,3.252768,2.065707,12.735718,98.342114,0.450486
B004,96,36.960705,7.040293,49.255189,315.375022,0.687830,0.000000,0.149731,1.543875,3.360077,2.245479,13.557413,98.132298,0.505131
B004,100,36.916635,7.048042,48.380696,321.323967,0.694245,0.000000,0.154231,1.647478,3.659788,2.341869,14.233046,98.217585,0.562548
B004,104,36.940651,7.060362,47.886620,320.336274,0.700664,0.000000,0.154709,1.639943,3.636487,2.423717,15.257657,97.724842,0.623791
B004,108,37.078129,7.079979,52.473577,320.011837,0.734163,0.000000,0.149927,1.602250,3.227974,2.572808,16.120242,97.845053,0.688575
B004,112,37.013586,7.086325,52.087961,316.570758,0.749522,0.000000,0.149679,1.653793,2.958953,2.666325,16.584770,97.984280,0.755321
B004,116,37.042342,7.045703,50.052139,317.087938,0.785551,0.000000,0.158702,1.666866,2.984533,2.779004,17.524119,98.090483,0.825923
B004,120,37.044200,7.039866,50.132012,320.058952,0.772714,0.000000,0.163987,1.737937,3.003485,2.800251,17.894160,97.945088,0.897910
B004,124,36.947919,7.035942,48.866984,325.659738,0.798629,0.000000,0.173617,1.761956,3.338714,2.855391,18.418286,97.506730,0.971674
B004,128,36.940895,7.052994,46.677777,328.933670,0.800644,0.000000,0.175052,1.696511,3.025594,2.894588,18.892387,97.560987,1.047378
B004,132,36.965966,7.046425,48.762010,324.097785,0.800289,0.000000,0.197218,1.744259,2.819208,3.027402,18.969275,97.269876,1.123164
B004,136,37.054914,7.034543,52.209160,323.327629,0.812539,0.000000,0.182268,1.774972,2.601187,3.053119,19.618072,97.251099,1.201527
B004,140,37.023123,7.054556,49.711206,322.022594,0.824098,0.000000,0.176997,1.800801,2.687523,3.070252,19.890887,97.668075,1.281320
B004,144,37.011762,7.032204,49.641677,321.088235,0.839983,0.000000,0.199387,1.714667,2.856306,3.058133,19.883992,96.926968,1.360480
B004,148,36.976805,7.024261,48.435708,324.131974,0.825490,0.000000,0.180170,1.784400,3.175789,3.131014,20.501208,96.812207,1.442001
B004,152,36.947119,7.060660,49.072840,328.329864,0.809412,0.000000,0.178869,1.849744,2.929521,2.894250,20.396414,97.125856,1.523368
B004,156,36.985370,7.048723,51.387596,325.007809,0.811402,0.000000,0.187144,1.864378,2.895808,2.685594,20.689540,96.767390,1.605599
B004,160,37.110007,7.056361,53.430445,323.419320,0.814829,0.000000,0.185761,1.900281,2.417785,2.630701,20.696812,96.586845,1.687706
B004,164,37.060591,7.076013,52.146868,325.350533,0.842175,0.000000,0.182703,1.858219,2.581845,2.492562,20.687963,96.641428,1.769824
B004,168,36.961454,7.023967,48.829055,320.911517,0.838587,0.000000,0.188015,1.924242,2.747163,2.342317,20.850918,96.811187,1.852735
B004,172,36.944720,6.995689,49.911696,325.497408,0.791933,0.000000,0.194111,1.845832,3.142947,2.113333,20.681640,96.522923,1.934727
B004,176,37.010853,7.042729,45.603144,332.777060,0.795684,0.007143,0.193873,1.927803,3.130477,2.060385,20.153543,96.430497,2.014550
B004,180,36.978983,7.060785,49.798917,320.600334,0.766914,0.000000,0.166990,1.975025,2.777258,1.880748,19.577873,96.069354,2.091802
B004,184,37.066917,7.079863,53.030659,326.377630,0.782361,0.000000,0.175966,1.899616,2.717650,1.885934,19.043074,95.928752,2.166833
B004,188,37.045605,7.094827,51.428420,320.499635,0.777299,0.000000,0.169850,1.977596,2.761183,1.570670,18.572759,95.784847,2.239902
B004,192,36.953137,7.102375,51.767374,318.767494,0.756872,0.000000,0.165114,1.957436,3.380861,1.411965,18.058506,96.394816,2.311400
B004,196,36.985537,7.075199,46.687414,326.722087,0.759725,0.000000,0.148158,1.992648,3.603167,1.351055,17.414390,95.704221,2.379854
B004,200,36.900267,7.106195,47.886680,323.068174,0.772128,0.000000,0.167685,2.028260,3.639435,1.199163,17.481767,95.478341,2.448410
B004,204,36.964896,7.053754,49.627909,321.036526,0.722243,0.000000,0.163270,2.110264,3.276758,1.189169,16.989391,95.239012,2.514869
B004,208,37.067702,7.093559,49.599586,323.011537,0.741869,0.000000,0.168363,2.054081,2.866512,1.093197,16.544097,95.653872,2.579868
B004,212,37.051645,7.089019,50.450064,320.464080,0.767685,0.000000,0.140967,2.114112,3.320295,0.977980,15.893066,94.696317,2.641684
B004,216,37.039330,7.090638,49.581184,313.666859,0.681410,0.000000,0.161412,2.083245,3.564712,0.919043,15.906396,94.870377,2.703665
B004,220,36.962734,7.060383,47.340050,325.224895,0.735776,0.000000,0.141838,2.145485,3.987214,0.745617,15.395483,94.634644,2.763506
B004,224,36.916957,7.048275,50.616653,317.967377,0.719673,0.000000,0.149553,2.140482,3.860457,0.796289,14.975699,94.002754,2.821327
B004,228,37.042619,7.138692,49.276409,318.773342,0.695766,0.000000,0.147476,2.146072,3.720116,0.623262,14.589370,94.294412,2.877832
B004,232,37.076475,7.092955,51.264781,320.006019,0.682700,0.000000,0.138438,2.215693,3.398573,0.715512,14.223357,94.168444,2.932845
B004,236,37.036716,7.061531,51.626339,312.895689,0.691791,0.000000,0.136744,2.185461,3.381954,0.577177,14.373497,93.519205,2.988055
B004,240,37.046228,7.063810,47.766063,319.818117,0.695871,0.000000,0.142987,2.287540,4.050109,0.480177,13.754846,93.435607,3.040842
B005,0,36.909705,7.057783,47.078484,304.855656,0.427041,0.000000,0.032333,0.000000,5.534792,0.451046,0.570494,98.667707,0.000000
B005,4,36.933803,7.129574,49.226919,299.049488,0.459181,0.000000,0.042937,0.022260,5.904022,0.215549,0.462975,98.144239,0.001722
B005,8,37.088092,7.090862,50.319219,294.976156,0.470400,0.000000,0.037491,0.000000,5.613528,0.192373,0.295042,98.546641,0.002823
B005,12,37.072935,7.087351,52.663567,301.841051,0.463906,0.000000,0.038763,0.000000,5.462571,0.309121,1.088490,98.184670,0.006873
B005,16,36.993790,7.104213,50.812698,300.879086,0.486858,0.000000,0.043230,0.012391,5.441714,0.071344,0.877729,97.987283,0.010132
B005,20,36.996232,7.087850,48.176173,302.624063,0.443639,0.000000,0.041129,0.000000,5.448928,0.126898,0.525628,97.921242,0.012082
B005,24,36.980714,7.043033,48.049914,300.652192,0.486586,0.000000,0.040925,0.000000,5.392365,0.224168,1.159100,97.943844,0.016384
B005,28,36.953429,7.095741,48.156206,310.585170,0.463603,0.000000,0.038045,0.000000,5.192998,0.282547,0.955406,97.873036,0.019928
B005,32,37.057225,7.144685,49.525886,301.502837,0.481227,0.000000,0.048664,0.016381,5.274917,0.223972,1.045445,97.861646,0.023804
B005,36,37.126181,7.132871,53.024110,303.300035,0.480319,0.000000,0.038175,0.000000,5.129200,0.275474,1.237550,98.620480,0.028429
B005,40,37.036803,7.131190,50.944671,301.143075,0.488824,0.000000,0.056471,0.000000,5.058307,0.412569,1.586620,98.503547,0.034351
B005,44,36.985007,7.097102,47.648064,310.878954,0.473393,0.000000,0.037874,0.027136,4.646965,0.374776,1.641090,98.213611,0.040458
B005,48,36.918049,7.067824,46.791412,307.131991,0.488989,0.000000,0.048539,1.385443,4.793303,0.416407,2.053820,98.231000,0.048103
B005,52,36.968174,7.048332,47.967358,307.208034,0.488678,0.000000,0.049976,1.393127,5.027241,0.566038,2.275663,98.031609,0.056556
B005,56,37.009073,7.129470,49.499830,306.332032,0.492888,0.000000,0.053380,1.395837,4.926611,0.458035,2.299754,98.373519,0.065129
B005,60,37.056468,7.109950,52.653683,302.488811,0.525228,0.000000,0.050729,1.449238,4.477742,0.439712,2.603891,98.477100,0.074845
B005,64,36.994921,7.088561,48.713555,301.239181,0.506103,0.000000,0.051330,1.425742,4.500096,0.467422,3.155495,98.017851,0.086565
B005,68,36.991688,7.121861,47.164057,309.851483,0.511611,0.000000,0.062428,1.397330,4.196969,0.706579,3.788879,98.235940,0.100669
B005,72,36.946165,7.084294,47.565346,311.007269,0.526491,0.000000,0.062850,1.487396,4.415328,0.718592,4.126706,98.055809,0.116002
B005,76,36.942558,7.086312,49.897220,303.130951,0.522686,0.000000,0.071874,1.435560,4.842843,0.706740,4.386537,98.382449,0.132355
B005,80,36.991680,7.052941,49.111793,309.223040,0.549005,0.000000,0.067371,1.489948,4.708630,0.848844,5.146252,98.109249,0.151486
B005,84,37.043509,7.092333,51.781527,311.910980,0.586964,0.000000,0.086247,1.497533,4.150006,1.141262,5.865657,98.267941,0.173328
B005,88,37.044173,7.030564,49.707294,312.271809,0.558343,0.000000,0.077497,1.574115,3.981374,1.136564,6.544053,98.492535,0.197751
B005,92,37.015597,7.076447,48.589913,311.367179,0.581048,0.000000,0.093175,1.555014,3.871039,1.190096,7.129734,97.971847,0.224219
B005,96,36.968928,7.086323,48.145616,313.759417,0.570491,0.000000,0.091974,1.571550,4.204974,1.224444,7.823282,98.255046,0.253346
B005,100,36.938342,7.047769,49.264707,313.539910,0.579782,0.000000,0.099805,1.606151,4.425293,1.361229,8.685191,97.984304,0.285593
B005,104,36.984600,7.067242,52.188710,315.473130,0.648398,0.000000,0.094428,1.658302,4.357535,1.472236,9.617160,98.411074,0.321456
B005,108,37.062618,7.085496,52.531897,314.083975,0.617968,0.000000,0.111485,1.637377,3.817440,1.654791,10.057617,98.438339,0.358971
B005,112,36.999974,7.042818,51.230313,312.617708,0.661636,0.000000,0.115744,1.682169,3.415687,1.810232,11.097970,98.090878,0.400221
B005,116,37.008121,7.055691,48.380113,315.875564,0.681470,0.000000,0.131982,1.664604,3.187530,1.976788,12.142360,98.209288,0.445407
B005,120,36.949102,7.017089,48.555143,320.202093,0.693374,0.000000,0.132370,1.643053,3.498702,2.145915,12.904980,98.344497,0.493498
B005,124,36.963267,7.050036,50.295201,312.750126,0.690794,0.000000,0.140535,1.611213,3.879289,2.202216,13.683705,98.343980,0.544490
B005,128,37.059757,7.048471,51.402383,318.096356,0.683890,0.000000,0.154940,1.711549,3.867036,2.319931,14.377205,97.727105,0.597730
B005,132,37.032167,7.072099,51.684854,324.295715,0.687626,0.000000,0.153686,1.717130,3.368978,2.352174,14.971572,97.437287,0.653007
B005,136,37.041952,7.052691,51.454718,314.349258,0.708834,0.000000,0.157829,1.738921,2.698368,2.560279,15.937715,97.661860,0.711986
B005,140,36.979425,7.060662,48.365754,328.748360,0.771859,0.000000,0.154170,1.782713,2.819381,2.657940,16.644684,97.853418,0.773703
B005,144,36.944782,7.036402,47.084115,327.438079,0.740595,0.000000,0.178340,1.792992,3.099571,2.666271,17.089919,97.324367,0.836728
B005,148,36.964840,7.037147,48.417621,318.725126,0.782013,0.000000,0.172212,1.843669,3.339838,2.623458,17.310240,97.066553,0.900396
B005,152,37.054699,7.036672,51.323972,320.749740,0.752977,0.000000,0.162374,1.866716,3.309040,2.522257,18.177941,96.948831,0.967175
B005,156,37.114705,7.080117,51.672263,320.261951,0.800616,0.000000,0.169960,1.796402,3.153378,2.379663,18.377368,97.265331,1.034907
B005,160,37.082386,7.051082,52.314040,324.254754,0.827421,0.000000,0.176110,1.853554,2.760479,2.397892,19.293903,96.834661,1.105702
B005,164,36.979363,7.074049,50.603839,314.897370,0.812847,0.000000,0.180622,1.789308,2.491415,2.157333,19.387442,97.253972,1.177148
B005,168,36.975650,7.036519,50.033649,325.730689,0.820880,0.000000,0.176515,1.932660,3.079286,2.262075,19.726740,96.717181,1.249443
B005,172,36.959332,7.104839,49.375962,331.912287,0.794331,0.000000,0.191807,1.936069,3.299607,2.037041,19.840864,97.269956,1.322572
B005,176,37.046265,7.054320,51.839358,321.226998,0.817763,0.000000,0.188005,1.952731,3.386240,1.910371,19.945283,96.049894,1.395164
B005,180,37.031293,7.090223,51.417771,319.087357,0.806735,0.000000,0.186052,1.866299,2.946266,1.793544,19.283031,96.028989,1.465331
B005,184,37.069240,7.042182,52.943287,324.596680,0.784748,0.000000,0.177964,2.079124,2.653549,1.774359,19.458178,96.174254,1.536241
B005,188,36.978600,7.058664,48.551139,320.391511,0.792612,0.000000,0.170932,1.975340,3.021241,1.646479,19.113626,95.903419,1.605700
B005,192,37.012378,7.071293,48.447734,326.201911,0.776898,0.000000,0.177789,2.004301,3.024298,1.656423,19.307717,96.323890,1.676172
B005,196,36.961811,7.098273,49.139985,322.904580,0.772403,0.000000,0.170846,2.053397,3.288842,1.409499,18.690935,95.620151,1.743894
B005,200,36.966252,7.098650,50.406265,321.577803,0.775403,0.000000,0.174974,1.990989,3.234245,1.308787,18.716612,95.320427,1.811497
B005,204,37.087615,7.060278,51.946603,319.306110,0.795032,0.000000,0.161871,2.002716,3.340800,1.106671,18.291798,95.447314,1.877654
B005,208,37.093200,7.113376,51.452401,327.308521,0.783185,0.000000,0.168459,2.108862,2.975390,1.128871,17.947883,94.549757,1.941956
B005,212,36.957261,7.119445,47.550406,327.452619,0.763593,0.000000,0.182091,2.082684,3.178636,0.973916,17.682063,95.200480,2.005741
B005,216,36.892850,7.021837,47.853583,324.072143,0.795130,0.000000,0.170621,2.077404,3.502633,1.130943,17.606915,94.155952,2.068559
B005,220,36.931052,7.055924,49.693195,318.464358,0.780793,0.000000,0.160396,2.090817,3.567424,0.894309,17.370675,94.538898,2.130786
B005,224,36.987988,7.090599,50.819351,322.917812,0.760853,0.000000,0.159762,2.148132,3.805780,0.975664,17.085321,94.128822,2.191725
B005,228,37.106778,7.085688,53.239464,319.815000,0.773815,0.000000,0.149325,2.046381,3.593724,0.827382,16.461478,93.663144,2.250149
B005,232,36.996566,7.073313,48.597381,323.548004,0.717086,0.000000,0.159344,2.211296,3.392034,0.713620,16.336566,94.004310,2.308340
B005,236,36.936497,7.055161,48.617581,323.889413,0.761939,0.000000,0.157424,2.240901,3.229345,0.680462,16.315679,93.728729,2.366287
B005,240,37.008358,7.075536,46.537399,327.382676,0.709452,0.000000,0.154889,2.096289,3.688776,0.645387,16.053326,93.515588,2.423172
B006,0,37.007153,7.086978,50.278603,296.341995,0.429630,0.000000,0.035798,0.000000,5.567099,0.177860,0.504313,98.255427,0.000000
B006,4,37.006818,7.075560,48.601026,296.770662,0.453328,0.000000,0.036466,0.000000,5.421359,0.181266,0.645056,98.172820,0.002513
B006,8,36.912506,7.090627,48.331134,299.980090,0.476557,0.000000,0.048319,0.000000,5.269661,0.148263,0.565137,98.464027,0.004721
B006,12,37.026624,7.102140,47.853474,309.270313,0.471420,0.000000,0.030960,0.029690,5.548001,0.191043,0.507512,98.076948,0.006696
B006,16,37.053724,7.094735,51.133301,297.900798,0.450461,0.000000,0.038919,0.079791,5.194477,0.228780,0.918288,98.399454,0.010282
B006,20,37.105174,7.108352,52.365784,299.393015,0.459823,0.000000,0.048288,0.046709,5.194462,0.311102,1.034827,98.517579,0.014328
B006,24,36.935089,7.090533,49.706178,298.610148,0.442620,0.000000,0.042603,0.000000,5.526594,0.306107,1.066680,98.017163,0.018477
B006,28,36.974387,7.099872,47.994481,298.685605,0.476753,0.000000,0.042598,0.000000,5.224924,0.367980,1.605877,98.040738,0.024724
B006,32,36.936249,7.095430,47.697965,309.759170,0.475200,0.000000,0.045884,0.000000,4.897352,0.283672,1.522131,98.173627,0.030654
B006,36,36.976425,7.128011,49.541042,300.935054,0.461165,0.000000,0.043544,0.000000,4.696436,0.345291,1.790223,98.558079,0.037656
B006,40,37.043691,7.120784,51.595137,305.576031,0.467094,0.000000,0.045129,0.000000,4.856443,0.502242,1.943013,97.824860,0.045199
B006,44,37.095382,7.084955,50.803245,301.084731,0.507192,0.000000,0.045829,0.031730,4.710074,0.638625,2.056177,98.128430,0.053206
B006,48,37.049946,7.095083,50.243409,297.985512,0.510000,0.000000,0.047755,1.429421,4.670234,0.539144,2.886515,98.784506,0.064521
B006,52,36.868814,7.090173,47.944827,309.868319,0.529492,0.000000,0.057625,1.329779,5.172481,0.605350,3.319908,97.664934,0.077388
B006,56,36.899233,7.094856,47.222685,309.775580,0.500292,0.000000,0.067334,1.370566,4.980877,0.620760,3.627623,98.121006,0.091513
B006,60,37.004246,7.068981,49.539425,306.104982,0.532832,0.000000,0.059877,1.408017,4.772073,0.903105,4.278303,98.337319,0.108208
B006,64,37.006996,7.084785,51.459982,308.504497,0.556453,0.000000,0.077940,1.433192,4.219629,0.803970,4.747721,98.090549,0.126689
B006,68,37.082529,7.108657,51.110179,305.063863,0.553944,0.000000,0.073237,1.481757,4.128588,0.724923,4.969512,98.297745,0.146073
B006,72,36.989728,7.102286,51.997869,302.467843,0.550927,0.000000,0.089251,1.444249,4.468822,1.045915,5.916210,98.611642,0.169225
B006,76,36.946182,7.047308,48.829875,308.372060,0.561752,0.000000,0.078831,1.432364,4.602251,1.177872,6.634462,98.383117,0.195126
B006,80,36.929842,7.032938,46.548237,318.115771,0.558824,0.000000,0.088897,1.458544,4.643938,1.185483,7.123140,98.296833,0.222912
B006,84,36.954890,7.099408,50.467385,308.928804,0.578846,0.000000,0.084956,1.458288,4.167392,1.121587,7.775247,98.526448,0.253312
B006,88,37.021900,7.084215,49.875273,314.098529,0.633189,0.000000,0.087776,1.505571,3.807716,1.278350,8.695663,98.182472,0.287191
B006,92,37.037737,7.023446,52.320429,312.393422,0.629862,0.000000,0.107061,1.510895,3.485868,1.634745,9.845068,98.157514,0.325540
B006,96,37.033526,7.091173,53.289523,314.803177,0.662424,0.000000,0.101830,1.573236,3.720375,1.666114,10.674555,98.292643,0.367176
B006,100,36.945461,7.095355,49.459574,316.334757,0.684683,0.000000,0.125066,1.655190,3.893613,1.775450,11.707750,98.378695,0.412883
B006,104,36.891838,7.034798,47.056388,317.949491,0.668408,0.000000,0.131247,1.671579,3.899680,1.971350,12.034139,98.217422,0.459786
B006,108,37.012088,7.023567,47.828372,318.127388,0.696670,0.000000,0.141984,1.649348,3.700250,2.142466,12.971659,98.069598,0.510268
B006,112,37.037775,7.047399,51.050519,317.978787,0.684512,0.000000,0.149461,1.633202,3.039274,2.248589,13.663764,97.558552,0.563166
B006,116,37.068107,7.083917,53.106113,318.820972,0.692475,0.000000,0.155337,1.671166,2.980055,2.415183,14.627013,98.373431,0.620266
B006,120,37.004183,7.045035,52.877991,322.520477,0.725817,0.000000,0.152027,1.635804,3.257347,2.459108,15.688817,97.725893,0.681108
B006,124,36.951802,7.052214,47.965034,315.721874,0.727447,0.000000,0.162196,1.695884,3.528258,2.599554,15.985377,98.153986,0.743372
B006,128,36.917562,7.032967,48.925274,322.867646,0.752888,0.000000,0.173495,1.700486,3.483494,2.633300,16.549442,97.446809,0.807368
B006,132,37.013263,7.047227,49.866418,318.590435,0.742680,0.000000,0.176503,1.715487,3.166870,2.750952,17.274955,97.508071,0.874212
B006,136,36.974891,7.067957,51.517096,324.296957,0.751247,0.000000,0.176202,1.775733,2.703360,2.798428,18.261623,97.486624,0.944858
B006,140,37.068720,7.065228,50.194978,318.428427,0.759652,0.000000,0.167600,1.801414,2.462975,2.922180,18.437366,97.432830,1.016145
B006,144,37.034156,7.043548,49.817046,323.960361,0.772796,0.000000,0.183977,1.804945,3.108747,2.989167,18.946575,97.073507,1.089130
B006,148,36.926990,7.054120,48.650795,325.662284,0.803196,0.000000,0.176070,1.794725,3.284862,2.941284,19.152271,97.094147,1.162923
B006,152,36.956698,7.062322,48.370711,324.037401,0.800495,0.000000,0.169064,1.844000,3.217582,2.697842,19.354775,97.120081,1.237517
B006,156,36.970121,6.985659,47.408017,330.608413,0.805048,0.000000,0.189112,1.835058,2.852195,2.688505,19.897246,96.709149,1.313877
B006,160,36.978106,7.048869,53.029842,319.919775,0.833218,0.000000,0.184909,1.865112,2.576186,2.360271,20.273800,97.043414,1.391950
B006,164,36.995511,7.068614,51.391689,321.565511,0.807913,0.000000,0.188195,1.790185,2.471470,2.394839,20.543449,96.776833,1.470845
B006,168,37.032122,7.059526,51.574160,320.266998,0.813887,0.000000,0.203026,1.906912,2.822069,2.255033,20.741318,97.429398,1.551037
B006,172,36.966217,7.061621,49.907877,324.627240,0.762488,0.000000,0.187766,1.927224,3.068687,2.119474,20.584249,96.880478,1.630173
B006,176,36.888468,7.044217,47.403500,328.725063,0.803780,0.000000,0.191883,1.930608,3.236223,1.997373,20.371005,96.363730,1.708072
B006,180,37.007272,7.039859,49.144000,323.805789,0.821273,0.000000,0.175137,1.967752,2.888165,1.749592,19.869314,96.040678,1.783797
B006,184,37.093564,7.078079,50.622998,322.654478,0.769935,0.000000,0.187238,2.011196,2.484681,1.788023,19.710174,96.621598,1.859371
B006,188,37.094408,7.071655,48.438375,326.783385,0.784193,0.000000,0.172610,1.969321,2.944678,1.569965,19.013638,96.705533,1.932337
B006,192,37.019756,7.088687,52.006516,322.002897,0.804104,0.000000,0.180387,1.982491,2.983526,1.471966,19.035114,95.923395,2.004794
B006,196,36.971606,7.097114,50.631604,324.779105,0.740312,0.000000,0.170430,2.025480,3.408873,1.285071,18.284913,95.755407,2.074274
B006,200,36.972781,7.072667,47.033085,327.833890,0.753027,0.000000,0.169304,1.995123,3.456948,1.428670,18.258877,95.334192,2.143350
B006,204,37.019541,7.062350,48.347312,322.368737,0.740356,0.000000,0.174196,2.036748,3.318787,1.187854,17.779600,95.304838,2.210592
B006,208,37.008375,7.090092,52.306390,313.020771,0.738855,0.000000,0.147390,2.145668,3.242632,1.129873,17.500111,94.936439,2.276521
B006,212,37.053233,7.077550,51.733624,319.043638,0.751023,0.000000,0.162836,2.157825,2.969344,1.119399,16.906728,95.273327,2.340441
B006,216,37.003125,7.070159,51.338105,312.778961,0.710730,0.000000,0.163254,2.102259,3.548680,0.976028,16.639967,94.885748,2.403096
B006,220,36.970430,7.108391,50.381236,314.525271,0.728326,0.000000,0.157976,2.123903,3.726111,0.877037,16.534526,94.325352,2.464987
B006,224,36.929153,7.050003,48.479312,324.821000,0.727937,0.000000,0.158643,2.124595,3.811579,0.866675,15.611131,94.479805,2.523517
B006,228,36.964535,7.079059,48.056058,323.703709,0.741057,0.000000,0.161423,2.179677,3.800556,0.785044,15.824105,94.154285,2.582641
B006,232,37.020432,7.134672,50.459668,311.732100,0.757462,0.000000,0.144491,2.120685,3.308880,0.737352,15.476226,93.974073,2.640354
B006,236,37.077401,7.097354,54.860983,314.966628,0.717420,0.000000,0.151506,2.139523,3.180484,0.540558,14.886046,93.783967,2.695754
B006,240,37.048466,7.090905,51.870675,319.550971,0.745075,0.000000,0.136803,2.235346,3.545803,0.675712,14.890034,93.311263,2.750890
B007,0,36.940043,7.033095,50.070366,301.487838,0.420406,0.000000,0.047303,0.004660,5.632529,0.242782,0.516355,98.256189,0.000000
B007,4,36.979364,7.067948,48.933065,304.748764,0.469607,0.000000,0.044967,0.000000,5.780285,0.329992,0.647882,97.857731,0.002710
B007,8,36.983615,7.056937,50.690532,298.366331,0.472025,0.000000,0.041759,0.000000,5.663138,0.189954,0.586386,97.927383,0.005164
B007,12,37.066308,7.068166,52.909504,302.912125,0.474273,0.000000,0.049986,0.000000,5.413517,0.379320,1.000370,98.046611,0.009356
B007,16,37.104919,7.125260,53.364872,300.792907,0.449773,0.000000,0.028932,0.083632,5.435886,0.168311,0.898072,98.009957,0.013118
B007,20,36.990026,7.128728,51.775287,301.387728,0.468504,0.000000,0.034756,0.000000,5.411877,0.468052,1.254632,98.066393,0.018377
B007,24,36.874752,7.057689,46.842519,311.128463,0.453009,0.000000,0.031058,0.000000,5.221208,0.362483,1.156104,98.361089,0.023237
B007,28,36.946028,7.090213,47.725773,308.847067,0.467299,0.000000,0.044451,0.000000,5.085145,0.401126,1.800726,98.557533,0.030823
B007,32,36.929266,7.054058,49.703620,302.121572,0.503489,0.000000,0.060985,0.000000,5.061969,0.431556,1.865331,98.012642,0.038637
B007,36,37.002392,7.109156,54.195236,303.497620,0.497972,0.000000,0.046796,0.000000,4.876345,0.535645,2.173876,98.623312,0.047801
B007,40,37.056573,7.048521,52.101050,308.274932,0.508434,0.000000,0.052800,1.309241,4.565042,0.640967,2.830498,98.167865,0.059677
B007,44,37.023921,7.082485,47.628578,308.155288,0.496026,0.000000,0.029271,1.350466,5.105662,0.703134,2.414748,98.446398,0.069837
B007,48,36.958432,7.051508,50.952891,305.324293,0.541693,0.000000,0.067878,1.304443,4.886770,0.889500,3.526217,97.729009,0.084566
B007,52,36.953733,7.107604,48.759458,309.787074,0.525637,0.000000,0.076306,1.299971,4.805476,0.922642,3.741080,98.154352,0.100261
B007,56,36.993072,7.140153,48.643254,307.303243,0.547713,0.000000,0.060553,1.339282,4.350635,1.310054,4.406939,98.274109,0.118772
B007,60,37.017984,7.104158,52.447880,310.280024,0.560764,0.000000,0.071731,1.400242,4.193623,1.327855,4.861991,97.988228,0.139134
B007,64,37.048432,7.096282,52.177706,308.649065,0.557428,0.000000,0.061981,1.401633,4.448080,1.694554,5.767581,98.043201,0.163303
B007,68,37.041920,7.052952,50.451918,307.678004,0.578003,0.000000,0.077188,1.352670,4.663158,1.860850,6.416756,98.463134,0.190308
B007,72,36.967818,7.056135,48.406130,316.429744,0.561972,0.000000,0.090573,1.438581,4.470369,2.343927,7.402775,98.189338,0.221375
B007,76,36.949788,6.993060,47.613548,316.498069,0.614980,0.000000,0.100777,1.461967,4.246373,2.504843,7.883690,97.734875,0.254308
B007,80,36.976818,7.017755,48.554510,314.181193,0.584255,0.000000,0.105570,1.447606,3.693917,2.799380,9.080376,97.820021,0.292272
B007,84,37.183268,7.057500,49.308005,308.755616,0.635661,0.000000,0.118072,1.476182,3.736647,3.199753,9.737961,97.368648,0.332798
B007,88,37.050725,7.078163,52.544015,315.093534,0.655537,0.000000,0.114259,1.500385,3.805637,3.484969,10.848556,97.556941,0.378033
B007,92,37.058199,7.096524,50.062473,318.437157,0.651538,0.000000,0.124301,1.466892,3.872455,3.668199,11.733231,97.551417,0.426954
B007,96,36.918651,7.029018,49.091613,322.171082,0.708641,0.000000,0.126617,1.522159,3.812761,3.944036,12.692468,97.119855,0.479641
B007,100,36.966991,7.016664,46.619815,321.109782,0.713747,0.000000,0.137494,1.594666,3.485859,4.022923,13.599194,96.868267,0.535945
B007,104,37.034291,7.007429,51.192458,318.508115,0.673777,0.000000,0.148630,1.595077,3.101818,4.293537,14.558413,96.798222,0.596177
B007,108,36.979949,7.025402,51.021999,321.521174,0.723910,0.000000,0.149262,1.539478,3.012761,4.526033,15.497706,96.551443,0.660131
B007,112,37.058075,6.999077,49.807526,317.746093,0.729963,0.000000,0.157674,1.591611,3.332549,4.496095,16.386994,96.676786,0.727844
B007,116,36.995728,7.040734,48.916102,320.911896,0.774624,0.000000,0.165296,1.623837,3.557723,4.699566,17.176511,96.387047,0.798605
B007,120,36.951962,6.947531,48.413864,319.609588,0.731106,0.000000,0.181419,1.607890,3.362461,4.740915,17.816420,96.477567,0.872072
B007,124,36.970367,7.017622,47.415286,326.316943,0.778015,0.000000,0.179186,1.619511,2.855594,4.884485,18.519888,96.431108,0.948403
B007,128,37.028543,6.991289,50.754924,323.414928,0.788125,0.000000,0.178495,1.687510,2.829385,5.050382,19.080124,96.155020,1.026818
B007,132,37.084689,6.997932,53.603657,320.898220,0.774340,0.000000,0.194453,1.686882,2.613034,5.230533,20.027389,95.864259,1.108877
B007,136,37.092855,6.994597,51.169570,319.829082,0.792303,0.000000,0.180535,1.679663,2.754107,5.209897,20.365816,95.625600,1.192115
B007,140,36.932688,7.030091,50.387149,329.167408,0.849333,0.000000,0.193197,1.706880,2.955532,5.399539,20.940347,95.307893,1.277417
B007,144,36.977164,6.960874,48.500438,330.463722,0.819074,0.000000,0.182929,1.721558,3.017640,5.430773,21.460141,95.474242,1.364989
B007,148,36.890088,6.948026,49.186034,326.751284,0.816900,0.000000,0.199274,1.733447,2.732733,5.202918,21.697143,95.369545,1.453431
B007,152,36.998733,7.035781,50.224093,326.293473,0.837346,0.000000,0.202009,1.751106,2.492775,5.068547,21.877502,95.711926,1.542928
B007,156,37.028108,6.998731,51.886030,326.333380,0.861566,0.000000,0.202087,1.795974,2.330011,5.104200,22.381601,95.393361,1.634182
B007,160,37.087078,6.975532,50.000545,322.608194,0.848289,0.000000,0.212845,1.746657,2.650740,4.847954,22.681292,95.035997,1.726312
B007,164,36.985954,6.971738,51.062861,325.657523,0.843453,0.000000,0.206035,1.839416,3.220927,4.829699,22.535210,95.501181,1.818297
B007,168,36.924378,6.989968,48.469156,325.454812,0.880111,0.000000,0.216399,1.840308,2.944103,4.604357,22.854663,95.058213,1.911153
B007,172,36.947800,7.013790,47.533265,331.745904,0.861686,0.000000,0.225305,1.827110,2.483188,4.386714,22.861414,94.917752,2.003899
B007,176,36.956643,7.049749,50.195308,325.187001,0.834926,0.000000,0.190570,1.875248,2.300292,4.129114,22.382197,95.043184,2.094821
B007,180,37.019557,6.988404,53.018883,329.596718,0.830409,0.000000,0.197030,1.861118,2.372114,3.902202,21.815743,94.673477,2.183098
B007,184,37.069408,7.047373,51.130393,325.801948,0.835916,0.000000,0.201276,1.868492,2.770624,3.769878,21.671071,94.994773,2.271086
B007,188,36.996673,6.991258,50.925790,322.171958,0.815393,0.000000,0.194788,1.928514,3.240789,3.562786,21.046720,95.216073,2.356739
B007,192,36.931009,7.034654,47.606734,324.440885,0.826794,0.000000,0.197803,1.930800,3.395796,3.436324,20.424447,94.857266,2.439545
B007,196,36.933580,7.054655,48.442004,329.909853,0.808440,0.000000,0.187813,1.992551,2.942865,3.382833,20.611413,94.547856,2.522838
B007,200,37.049560,7.051720,49.875714,321.271657,0.804294,0.000000,0.194053,1.945883,2.641069,3.049971,20.264963,94.674574,2.604840
B007,204,37.029836,7.020554,51.675788,324.184532,0.793262,0.000000,0.176246,2.038653,2.788425,3.016408,19.599086,94.350702,2.683876
B007,208,37.102851,7.042602,53.762281,327.291662,0.777649,0.000000,0.181560,1.996770,3.166546,2.808437,19.357375,94.809122,2.762317
B007,212,37.108317,7.022565,49.630731,323.979242,0.776487,0.000000,0.181659,1.988282,3.615140,2.752983,18.979104,94.573305,2.839034
B007,216,36.945362,7.041251,48.150256,330.473342,0.769829,0.000000,0.170709,2.001595,3.508141,2.572747,18.401524,95.018940,2.913766
B007,220,36.915771,7.064536,45.884094,325.597575,0.764520,0.002086,0.175817,2.078766,3.611250,2.475781,17.834282,94.022680,2.985435
B007,224,36.985511,7.059052,51.244632,322.384705,0.767764,0.000000,0.160863,2.024070,3.027722,2.495632,17.698017,94.370364,3.056820
B007,228,37.077493,7.088375,51.345466,315.540656,0.782967,0.000000,0.140581,2.156167,3.332177,2.195437,16.889559,94.557683,3.125079
B007,232,37.009850,7.062859,53.092902,322.965657,0.772061,0.000000,0.156306,2.096838,3.545412,2.262345,16.544567,94.180986,3.191678
B007,236,37.021602,7.071250,49.307845,326.695633,0.711929,0.000000,0.163351,2.119078,3.940260,2.177531,16.301869,93.871220,3.257083
B007,240,36.972217,7.046948,49.835611,316.293300,0.719407,0.000000,0.157717,2.118746,4.100409,2.134737,16.087559,93.835948,3.321605
B008,0,36.979616,7.079236,52.196267,299.322278,0.452854,0.000000,0.039712,0.000000,5.838615,0.345174,0.524837,98.189214,0.000000
B008,4,36.950322,7.074466,47.951301,310.066835,0.448274,0.000000,0.030796,0.000000,5.679371,0.210492,0.798670,98.382989,0.002743
B008,8,36.944649,7.090721,48.392029,308.641650,0.468130,0.000000,0.032535,0.000000,5.426721,0.191760,0.688953,98.099724,0.005103
B008,12,36.988100,7.060616,50.320174,298.095753,0.447855,0.000000,0.024702,0.014206,5.521206,0.191620,0.473001,97.777682,0.006717
B008,16,37.090641,7.132535,53.153298,298.278844,0.456250,0.000000,0.022575,0.000000,5.259568,0.223971,0.654460,98.014934,0.008957
B008,20,37.038826,7.101072,54.605737,306.413047,0.459143,0.000000,0.038160,0.044806,5.215702,0.288658,0.818010,98.149843,0.011760
B008,24,37.013070,7.111630,49.486930,307.862621,0.457157,0.000000,0.055954,0.047130,5.411690,0.259665,1.032035,98.236191,0.015299
B008,28,36.973591,7.097645,47.178274,303.969644,0.470217,0.000000,0.046088,0.000000,5.269918,0.359490,1.176651,97.832435,0.019318
B008,32,37.011740,7.065886,47.965783,303.439458,0.495982,0.000000,0.050467,0.042106,5.287324,0.247678,1.203444,98.652506,0.023463
B008,36,37.067213,7.164503,50.624917,305.983783,0.459916,0.000000,0.056239,0.000000,5.092839,0.203285,1.572344,98.549784,0.028872
B008,40,37.053023,7.055522,50.643788,299.641499,0.498730,0.000000,0.050353,0.000000,4.830486,0.398086,1.638044,97.904597,0.034471
B008,44,37.096622,7.155835,53.087466,302.842110,0.480279,0.000000,0.061952,0.035026,4.804427,0.477496,2.080538,98.412050,0.041619
B008,48,37.078444,7.082817,51.832690,302.232521,0.488802,0.000000,0.062609,1.372172,4.705998,0.472141,2.102666,97.876025,0.048804
B008,52,36.988398,7.068450,47.846863,309.555027,0.505343,0.000000,0.051046,1.369384,5.235207,0.351765,2.423612,98.177762,0.057111
B008,56,36.966655,7.067456,46.614543,313.261300,0.514517,0.000000,0.066235,1.413496,4.984499,0.701382,2.989829,98.192331,0.067360
B008,60,37.013493,7.074497,50.265541,307.372184,0.506876,0.000000,0.066269,1.378692,4.525453,0.662915,3.290412,97.955310,0.078613
B008,64,37.099025,7.137213,50.832905,308.036778,0.523936,0.000000,0.071693,1.412723,4.124228,0.802674,3.791692,97.975122,0.091582
B008,68,37.060317,7.107567,51.366556,303.051776,0.555074,0.000000,0.072843,1.453019,4.255459,0.718039,3.780473,98.078361,0.104526
B008,72,36.961318,7.104480,49.603062,308.323842,0.543991,0.000000,0.072780,1.463407,4.471731,0.695755,4.313672,97.495840,0.119209
B008,76,36.932817,7.065032,48.123489,308.560221,0.566391,0.000000,0.076938,1.425938,4.653925,0.909301,5.069050,97.572906,0.136476
B008,80,36.941706,7.058443,49.121921,307.539564,0.533852,0.000000,0.079967,1.548024,4.553600,0.962004,5.442673,97.980460,0.155093
B008,84,37.052758,7.129109,50.906535,305.102763,0.590327,0.000000,0.073585,1.579195,4.472338,1.064026,6.347605,98.103197,0.176833
B008,88,37.095391,7.054216,51.642939,307.617831,0.542910,0.000000,0.095644,1.553606,3.814598,1.059675,6.900071,98.099987,0.200465
B008,92,37.046167,7.056842,50.926906,305.293637,0.578405,0.000000,0.084499,1.575804,3.959325,0.967023,6.740633,97.778089,0.223474
B008,96,36.996615,7.061663,50.903471,309.038341,0.561627,0.000000,0.097004,1.578012,4.145155,1.181135,7.905724,98.034746,0.250532
B008,100,36.999393,7.041961,48.486949,317.758451,0.577748,0.000000,0.097977,1.573142,4.290333,1.434756,8.822167,98.143560,0.280759
B008,104,36.959677,7.065991,48.716318,307.242036,0.643741,0.000000,0.106442,1.561468,4.267432,1.482012,9.367228,98.509864,0.312974
B008,108,37.024256,7.089291,51.091657,316.101394,0.626008,0.000000,0.101401,1.627642,3.771859,1.547505,10.010131,97.938200,0.347200
B008,112,37.076945,7.137694,50.897797,307.419422,0.641296,0.000000,0.115838,1.659006,3.519855,1.722724,10.855931,98.576472,0.384560
B008,116,37.041763,7.111641,51.953200,313.728074,0.648747,0.000000,0.122711,1.657186,3.657634,1.874599,11.548350,98.281808,0.424184
B008,120,36.940123,7.081879,51.442675,311.350385,0.696601,0.000000,0.137230,1.632161,3.535495,1.812478,12.092139,98.699036,0.465850
B008,124,36.887794,7.031850,49.892070,314.456131,0.689188,0.000000,0.117146,1.684552,3.970051,2.069044,13.038785,98.159868,0.510533
B008,128,36.973672,7.053657,48.674870,320.490189,0.696934,0.000000,0.144538,1.755384,3.728546,2.121522,13.665651,98.176393,0.557371
B008,132,36.908849,7.045499,49.342166,314.362442,0.689243,0.000000,0.129714,1.724631,3.224677,2.342825,14.154353,97.557802,0.605579
B008,136,37.097408,7.063617,51.079897,326.966305,0.732269,0.000000,0.162605,1.740166,2.954159,2.331462,15.013467,98.044492,0.656968
B008,140,37.033162,7.115963,51.088971,321.325597,0.708898,0.000000,0.135750,1.764655,3.107178,2.418237,15.470923,97.418647,0.709585
B008,144,36.969968,7.012882,48.217640,326.197302,0.735775,0.000000,0.154606,1.833939,3.172483,2.545746,15.847495,97.164335,0.763342
B008,148,36.904346,7.083610,45.451617,330.833799,0.778718,0.009871,0.159828,1.849000,3.497352,2.538654,16.553319,97.009120,0.819403
B008,152,36.960723,7.069260,48.756347,318.045819,0.757599,0.000000,0.166552,1.845978,3.384849,2.470636,17.053956,96.983005,0.877144
B008,156,37.031485,7.016044,48.937779,325.377180,0.740951,0.000000,0.168958,1.898571,3.038798,2.391930,17.557068,97.164426,0.936700
B008,160,37.048604,7.055944,53.061713,319.592313,0.787924,0.000000,0.164903,1.779973,2.822171,2.228142,17.920139,96.974328,0.997369
B008,164,37.094404,7.042543,49.710447,319.476973,0.786360,0.000000,0.162732,1.873609,2.842503,2.098774,17.808886,96.776053,1.057538
B008,168,36.967145,6.985975,48.096470,326.267181,0.770965,0.000000,0.172896,1.903021,3.234675,2.134912,18.501010,96.637603,1.119955
B008,172,36.918550,7.032385,48.584007,330.590360,0.773796,0.000000,0.170606,1.949165,3.117281,1.984078,18.569666,96.728022,1.182663
B008,176,37.011461,7.043331,47.523114,327.385468,0.770860,0.000000,0.170305,1.948153,3.529528,1.767450,18.355176,96.375082,1.244421
B008,180,36.966700,7.105234,50.042822,324.240488,0.795515,0.000000,0.170161,1.897500,3.229337,1.683909,18.272916,96.141026,1.305752
B008,184,37.105943,7.064391,52.119495,317.881102,0.740226,0.000000,0.167332,1.996522,2.909637,1.719032,17.842402,95.955845,1.365523
B008,188,37.047942,7.114560,53.788438,318.190383,0.776065,0.000000,0.164084,1.986263,3.069879,1.450332,17.593172,95.777666,1.424350
B008,192,37.022143,7.076116,50.627830,321.559364,0.773660,0.000000,0.165514,2.002319,3.262091,1.410999,17.587247,95.599650,1.483047
B008,196,36.989192,7.100723,47.526942,323.930739,0.741291,0.000000,0.164355,2.085991,3.617992,1.199501,17.113807,95.527045,1.540121
B008,200,36.940357,7.036523,48.282193,324.401539,0.761432,0.000000,0.161693,2.052540,3.620877,1.224061,16.948706,95.440296,1.596594
B008,204,37.007046,7.060558,51.551169,318.461478,0.726991,0.000000,0.166738,2.067030,3.556414,1.108591,16.519391,95.369659,1.651595
B008,208,37.051462,7.075594,52.275928,322.486129,0.736844,0.000000,0.163524,2.093528,3.018436,1.067472,16.447625,95.044024,1.706170
B008,212,37.080031,7.061181,51.899182,310.648806,0.750275,0.000000,0.155388,2.095734,3.257300,1.042660,16.256313,95.066771,1.760123
B008,216,37.014956,7.050120,49.249136,320.180118,0.731080,0.000000,0.136105,2.049393,3.354734,0.980895,16.211283,94.922950,1.813845
B008,220,36.883194,7.042176,47.387505,324.808824,0.752539,0.000000,0.144976,2.104956,3.843981,0.945038,15.717189,94.242448,1.865557
B008,224,36.994558,7.094876,47.839424,325.361937,0.690385,0.000000,0.148672,2.102673,4.020913,0.756175,15.395309,94.026766,1.916093
B008,228,36.996336,7.111189,51.192319,317.790438,0.750956,0.000000,0.157181,2.114507,3.914606,0.829350,15.003908,94.059294,1.965362
B008,232,36.982434,7.028487,51.403872,313.704718,0.724817,0.000000,0.153525,2.144293,3.394476,0.650152,14.754607,94.008220,2.013786
B008,236,37.048022,7.116040,50.985999,322.982917,0.712975,0.000000,0.153971,2.200316,3.570145,0.663568,14.992094,93.666153,2.062810
B008,240,37.038004,7.100550,49.188724,318.339094,0.704796,0.000000,0.142488,2.221851,3.712930,0.596396,14.729189,93.916974,2.111104
B009,0,36.980405,7.097737,47.724451,312.837870,0.454951,0.000000,0.039615,0.046630,5.738262,0.260726,0.686215,98.516565,0.000000
B009,4,36.989689,7.101222,48.566969,303.964248,0.457325,0.000000,0.051624,0.039852,5.442724,0.248589,0.748705,98.083944,0.003134
B009,8,37.042150,7.081152,51.635800,298.689859,0.467484,0.000000,0.042362,0.000000,5.468952,0.371832,0.892734,98.263058,0.006878
B009,12,37.042498,7.104022,50.683639,298.470361,0.450979,0.000000,0.024141,0.028665,5.421599,0.188453,1.096554,97.908285,0.011460
B009,16,37.000768,7.073144,49.114360,302.482428,0.458490,0.000000,0.047426,0.060196,5.464543,0.163098,0.973669,98.163902,0.015540
B009,20,36.989126,7.069314,49.553015,300.698051,0.453526,0.000000,0.042245,0.045885,5.376558,0.372112,1.185816,98.407172,0.020520
B009,24,37.016862,7.064122,49.187546,303.766433,0.497949,0.000000,0.040679,0.006768,4.974708,0.440816,1.435951,98.318654,0.026546
B009,28,37.080780,7.093621,50.897891,298.139893,0.467372,0.000000,0.043124,0.024076,5.174254,0.462410,1.763020,98.446285,0.033953
B009,32,37.115036,7.100627,53.233574,301.574352,0.470178,0.000000,0.046712,0.019525,5.124318,0.405452,1.781011,98.314015,0.041426
B009,36,36.934677,7.074367,51.616975,297.891742,0.498991,0.000000,0.051944,0.008183,5.020934,0.526705,2.281897,98.511253,0.051020
B009,40,36.938760,7.072663,46.215846,308.725681,0.484256,0.000000,0.052066,1.293172,4.849085,0.319866,2.299447,98.558588,0.060693
B009,44,36.938661,7.079714,48.837097,309.943677,0.515741,0.000000,0.050349,1.274405,5.384859,0.334973,2.671597,98.408100,0.071914
B009,48,36.963990,7.093951,51.254703,307.363413,0.523833,0.000000,0.058724,1.335766,5.386756,0.663319,3.141030,98.059413,0.085059
B009,52,37.019081,7.112572,51.480401,305.882533,0.508464,0.000000,0.071349,1.288699,4.874454,0.744685,3.681385,97.787213,0.100424
B009,56,37.072859,7.099984,53.594843,302.937579,0.517652,0.000000,0.068746,1.344390,4.321249,0.747413,3.938682,98.859784,0.117042
B009,60,36.966948,7.075723,50.223179,300.607223,0.516425,0.000000,0.072109,1.365872,4.143077,0.770224,4.624195,98.389589,0.136460
B009,64,36.990933,7.081945,48.812732,306.021337,0.544173,0.000000,0.072996,1.396648,4.719572,0.878662,5.365637,98.056752,0.158916
B009,68,36.967210,7.085599,48.070749,312.503930,0.549968,0.000000,0.063793,1.451985,4.670760,1.005570,6.026130,98.091620,0.184144
B009,72,36.954181,7.068773,50.342411,309.969689,0.552556,0.000000,0.098960,1.441777,4.671113,1.107337,6.454285,98.463748,0.211268
B009,76,37.013252,7.083273,49.882877,307.653541,0.605731,0.000000,0.089025,1.489163,4.266082,1.154359,7.234178,98.079572,0.241550
B009,80,37.103799,7.083230,49.012884,318.277216,0.578602,0.000000,0.109216,1.416609,3.873550,1.276015,8.102648,98.212511,0.275513
B009,84,37.059099,7.054760,49.803318,310.495421,0.604717,0.000000,0.100827,1.390594,3.848699,1.498268,8.932378,98.135962,0.312926
B009,88,36.988235,7.022282,48.343780,320.364760,0.608255,0.000000,0.098284,1.470591,3.994670,1.654418,9.834838,98.497452,0.354270
B009,92,36.969905,7.069900,48.254888,318.377787,0.613901,0.000000,0.112715,1.507282,4.290014,1.770956,10.701750,98.251410,0.399146
B009,96,36.991434,7.046329,48.410127,319.695889,0.683409,0.000000,0.101611,1.552688,4.267214,1.793299,11.539470,97.978762,0.447401
B009,100,36.968057,7.102328,53.185914,312.654574,0.686729,0.000000,0.132791,1.475403,3.620498,2.079309,12.909916,98.285910,0.501555
B009,104,37.059638,7.106625,52.623682,312.599077,0.694145,0.000000,0.130903,1.536049,3.369527,2.001778,13.349912,98.286949,0.557556
B009,108,37.061415,7.058402,51.498245,310.247638,0.692955,0.000000,0.132394,1.611376,3.108046,2.219278,14.143920,98.136819,0.616797
B009,112,37.004021,7.037712,48.550030,323.811488,0.717028,0.000000,0.158287,1.595820,3.280075,2.362394,15.217714,98.351139,0.680675
B009,116,36.947288,7.060803,48.894141,321.886511,0.721750,0.000000,0.142138,1.588831,3.762831,2.613106,16.018470,97.645502,0.747431
B009,120,37.022084,7.036447,49.386035,315.949056,0.760096,0.000000,0.156125,1.641591,3.377227,2.601006,16.906120,97.627902,0.817875
B009,124,37.050580,7.065745,53.211097,315.358864,0.717129,0.000000,0.160253,1.683822,3.047041,2.786586,17.256194,97.896889,0.889974
B009,128,37.061722,7.067279,52.496671,319.405765,0.781002,0.000000,0.160669,1.625757,2.563996,2.903344,18.196650,97.654532,0.965816
B009,132,36.989630,7.049890,52.375045,325.194245,0.785296,0.000000,0.171638,1.671319,2.656311,2.931031,18.849526,97.355612,1.044137
B009,136,36.921886,7.064742,48.075573,329.502446,0.825568,0.000000,0.180395,1.680645,3.059861,3.151052,19.647454,97.222647,1.125663
B009,140,36.962466,7.046993,45.009845,334.195160,0.847558,0.017823,0.190634,1.708180,3.298940,3.234502,20.235260,96.552785,1.209049
B009,144,37.014609,7.038625,47.776164,326.258042,0.838322,0.000000,0.200915,1.728330,3.096082,3.182951,20.433724,96.494573,1.293202
B009,148,37.047881,7.063364,52.377277,326.473841,0.838392,0.000000,0.197341,1.758696,3.034180,3.085339,21.146857,96.897439,1.380656
B009,152,37.103987,7.079323,49.147505,325.295493,0.852330,0.000000,0.198293,1.781754,2.251315,2.971288,21.513504,97.062387,1.469778
B009,156,37.004053,7.033035,50.467941,321.954999,0.815903,0.000000,0.195822,1.802512,2.495941,2.732163,21.634983,96.569174,1.558947
B009,160,36.978927,7.080320,48.556324,326.492562,0.846168,0.000000,0.198481,1.807499,2.471128,2.715907,22.002237,96.639140,1.649696
B009,164,36.925722,7.054720,47.272345,332.091750,0.880753,0.000000,0.206131,1.823536,3.039131,2.568200,22.376588,96.518989,1.741874
B009,168,36.985434,7.081144,49.415574,331.119351,0.877362,0.000000,0.199147,1.809383,2.912118,2.561310,23.040165,96.678215,1.836942
B009,172,37.033489,7.065270,51.600676,323.780139,0.851628,0.000000,0.207311,1.834197,2.745042,2.368637,22.475490,96.304533,1.929322
B009,176,37.050070,7.051738,54.041504,325.137509,0.811407,0.000000,0.206196,1.857921,2.414644,2.222592,22.070262,96.610614,2.020324
B009,180,37.019169,7.028616,48.738367,324.730655,0.817677,0.000000,0.204270,1.890758,2.487070,2.139286,21.642148,95.949972,2.108951
B009,184,36.988542,7.075374,49.172688,331.949099,0.835481,0.000000,0.200258,1.887659,2.952220,1.768403,20.969209,95.969042,2.194840
B009,188,36.863091,7.071529,47.836288,329.401086,0.811596,0.000000,0.190099,1.927815,3.244006,1.802692,21.127534,96.454060,2.281814
B009,192,37.044277,7.064151,50.278462,325.108098,0.823098,0.000000,0.199895,1.939696,3.415627,1.573669,20.585386,95.505024,2.365722
B009,196,37.024463,7.078470,53.739392,325.572499,0.817701,0.000000,0.182754,1.966994,3.138859,1.566016,20.000804,96.113187,2.447767
B009,200,37.023196,7.072576,52.943854,325.708834,0.812445,0.000000,0.195561,2.024161,2.823127,1.415679,19.754576,94.940351,2.527813
B009,204,37.006852,7.069932,52.940075,320.097510,0.800893,0.000000,0.164052,2.010876,2.787146,1.287660,19.076990,95.230840,2.605350
B009,208,36.904692,7.050122,50.432319,326.795639,0.800811,0.000000,0.192620,1.969480,3.103451,1.115326,19.100976,95.137683,2.682908
B009,212,36.939844,7.071919,48.315247,327.320155,0.767864,0.000000,0.176289,2.060422,3.536217,1.108918,18.739132,94.850908,2.758768
B009,216,37.004688,7.087228,47.469293,325.966738,0.796388,0.000000,0.169670,2.025406,3.661360,0.972216,18.437174,94.930672,2.833468
B009,220,37.069620,7.084893,50.358642,319.686039,0.759582,0.000000,0.167035,1.981582,3.356257,1.197512,17.947912,94.412397,2.905789
B009,224,37.050541,7.071179,51.615062,320.522094,0.765591,0.000000,0.167142,1.997637,3.103197,0.916639,17.391414,94.737861,2.976109
B009,228,37.028997,7.107010,50.009271,318.608656,0.744123,0.000000,0.164733,2.102859,3.143957,0.884891,17.472973,94.112167,3.046293
B009,232,36.948457,7.103900,48.904555,325.119945,0.767372,0.000000,0.165050,2.077627,3.545703,0.859237,16.902312,93.672848,3.113867
B009,236,36.981238,7.029837,48.019911,318.588819,0.747172,0.000000,0.171903,2.059918,4.023391,0.813714,16.237741,94.079840,3.179066
B009,240,36.947322,7.041002,48.365529,322.393436,0.752704,0.000000,0.153393,2.088903,4.055783,0.534738,16.182871,93.702038,3.243784
B010,0,36.927687,7.094578,48.139045,307.392870,0.464837,0.000000,0.025694,0.000000,5.836034,0.092796,0.366314,98.238930,0.000000
B010,4,37.056254,7.095835,48.926318,304.870927,0.490822,0.000000,0.045202,0.000000,5.744673,0.295576,0.590938,98.204133,0.002076
B010,8,37.001199,7.094401,52.627006,297.888628,0.471858,0.000000,0.047340,0.000000,5.504041,0.261710,0.790686,97.854088,0.004845
B010,12,37.053747,7.106544,52.407030,300.763682,0.439687,0.000000,0.030009,0.009129,5.559836,0.234079,0.440675,98.107764,0.006392
B010,16,36.999155,7.089444,48.484028,304.454263,0.454300,0.000000,0.042170,0.031896,5.684246,0.327992,0.730926,98.237660,0.008961
B010,20,36.956683,7.106497,49.682471,301.726221,0.454547,0.000000,0.035792,0.038659,5.186408,0.189591,0.950156,97.702882,0.012282
B010,24,36.915887,7.093523,47.242170,307.275879,0.486627,0.000000,0.029333,0.000000,5.070241,0.416874,1.231177,97.882840,0.016594
B010,28,37.029234,7.102119,49.325941,299.097214,0.455094,0.000000,0.042033,0.070234,4.949082,0.267335,1.088324,98.103485,0.020414
B010,32,37.113683,7.096646,50.217386,299.598388,0.492719,0.000000,0.036917,0.018346,5.045074,0.424075,1.318319,98.685087,0.025069
B010,36,37.061693,7.109506,51.279201,299.969105,0.460720,0.000000,0.031364,0.000000,4.980246,0.378530,1.404275,98.284486,0.030007
B010,40,37.018846,7.109105,48.783007,304.897185,0.495532,0.000000,0.042798,0.000000,4.857395,0.541453,2.190452,98.373285,0.037717
B010,44,36.969575,7.071518,46.695593,309.008362,0.475209,0.000000,0.041730,0.006839,4.860924,0.430512,2.034124,98.330733,0.044873
B010,48,36.969184,7.099220,49.230540,305.214550,0.464459,0.000000,0.051032,1.618732,4.832743,0.472997,2.361403,98.165677,0.053167
B010,52,37.048975,7.102287,51.408667,303.113351,0.521541,0.000000,0.057070,1.601102,4.877820,0.292442,2.658920,98.225786,0.062512
B010,56,37.023433,7.089408,53.276678,306.697259,0.498289,0.000000,0.047333,1.661257,4.906138,0.580514,2.681802,98.689819,0.071981
B010,60,37.062148,7.114356,50.683749,304.794675,0.497533,0.000000,0.054380,1.718933,4.583415,0.591003,2.971520,98.647580,0.082469
B010,64,36.994218,7.083003,45.922234,313.964341,0.477378,0.001400,0.071900,1.694265,4.513784,0.740122,3.467633,98.361345,0.094673
B010,68,37.000296,7.070890,47.366331,306.756486,0.544091,0.000000,0.071002,1.728026,4.473912,0.729742,4.237634,98.250897,0.109570
B010,72,36.913612,7.082242,48.242461,309.383487,0.494525,0.000000,0.064609,1.715571,4.237689,0.770392,4.362919,98.509681,0.124947
B010,76,36.961457,7.066863,48.874426,306.302750,0.519469,0.000000,0.072619,1.769625,4.873142,0.785381,4.597309,97.996603,0.141066
B010,80,37.030790,7.140021,51.614161,311.095642,0.534835,0.000000,0.065814,1.766554,4.414349,0.939017,5.105856,98.066848,0.158981
B010,84,37.060740,7.083790,51.959857,305.912250,0.534917,0.000000,0.061202,1.810924,4.317118,0.844949,5.621201,98.615531,0.178815
B010,88,36.940936,7.081238,48.244920,310.133879,0.589271,0.000000,0.094898,1.841368,3.986275,1.108203,6.773435,97.610610,0.202471
B010,92,36.928668,7.071395,49.556649,310.620830,0.575799,0.000000,0.093683,1.842088,4.122702,1.181513,7.073154,98.409667,0.227376
B010,96,36.982163,7.027427,48.502820,317.280359,0.576999,0.000000,0.095345,1.839671,4.041179,1.386464,7.763618,97.989754,0.254595
B010,100,37.038941,7.061449,50.209494,309.522745,0.607308,0.000000,0.093193,1.917160,4.477079,1.321815,8.085043,98.011749,0.282947
B010,104,37.010624,7.096442,53.525364,306.139193,0.617788,0.000000,0.088661,1.910734,4.364015,1.362678,8.832785,97.864725,0.313875
B010,108,37.048465,7.092465,51.349288,311.259857,0.635518,0.000000,0.102281,1.897208,4.020785,1.632961,9.739385,98.215008,0.348100
B010,112,36.988995,7.060205,49.967052,311.989242,0.645859,0.000000,0.113734,1.945350,3.844251,1.627599,10.030105,97.970727,0.383258
B010,116,36.950772,7.075980,47.470924,324.230170,0.665721,0.000000,0.123701,1.988506,3.738720,1.697122,10.945789,98.552776,0.421855
B010,120,36.908265,7.049490,47.942576,320.391069,0.674695,0.000000,0.129782,1.956729,3.921101,1.875052,11.834964,98.290570,0.463475
B010,124,37.014762,7.067716,51.974261,319.755503,0.653033,0.000000,0.121627,1.975422,4.376125,2.022077,12.395334,98.003887,0.506940
B010,128,37.024366,7.090110,51.737615,312.421325,0.645564,0.000000,0.119863,2.042169,4.123839,2.133629,12.912229,98.080868,0.552252
B010,132,37.024003,7.080252,51.040984,316.813686,0.709714,0.000000,0.137022,2.040444,3.734691,2.134409,13.704739,97.716251,0.600166
B010,136,36.930742,7.031000,50.836939,318.324130,0.704548,0.000000,0.141270,2.122639,3.605126,2.202947,13.958995,97.367939,0.648796
B010,140,36.894769,7.054831,47.359678,324.360935,0.716181,0.000000,0.147435,2.119597,3.548414,2.203464,14.775954,97.860561,0.700532
B010,144,36.957081,7.047758,51.136689,320.767990,0.684401,0.000000,0.134379,2.143981,3.508448,2.557181,15.388990,97.518172,0.754226
B010,148,37.009147,7.056179,49.455550,318.728766,0.769498,0.000000,0.156298,2.169536,4.083194,2.362480,15.680591,97.391912,0.808866
B010,152,37.056079,7.068672,50.941591,320.306616,0.748987,0.000000,0.164071,2.145884,3.900119,2.260429,16.051155,97.170559,0.864671
B010,156,37.002257,7.082795,52.716734,314.119353,0.755434,0.000000,0.151855,2.272704,3.610450,2.160125,16.513812,97.424078,0.922234
B010,160,37.031348,7.059585,50.256828,316.113658,0.783069,0.000000,0.161947,2.270583,3.270877,2.072687,17.103870,97.083625,0.981646
B010,164,36.964957,7.026305,47.936441,327.229301,0.758219,0.000000,0.178576,2.251146,3.187205,2.042950,17.345506,96.729698,1.041677
B010,168,36.902956,7.038738,48.733652,325.820360,0.756403,0.000000,0.156437,2.273269,3.478871,2.046744,17.760654,96.967612,1.103296
B010,172,37.018250,7.040386,49.769217,324.085002,0.750708,0.000000,0.164450,2.225632,3.948484,1.771037,17.583500,96.586423,1.164060
B010,176,37.057589,7.076217,54.123501,323.300316,0.756127,0.000000,0.183265,2.341408,3.775821,1.808270,18.070215,96.174014,1.226240
B010,180,37.080768,7.077227,52.526381,325.232747,0.778774,0.000000,0.171336,2.344404,3.856874,1.626264,17.627908,96.354892,1.287013
B010,184,36.927588,7.049529,51.070510,318.714105,0.780305,0.000000,0.158633,2.357000,3.291909,1.498249,17.332767,96.635846,1.346941
B010,188,37.004707,7.067066,46.978415,325.935501,0.758631,0.000000,0.167952,2.409947,3.449243,1.436727,17.206606,95.762510,1.405896
B010,192,36.981299,7.062090,46.372834,319.884886,0.756762,0.000000,0.163872,2.414114,3.773482,1.382028,17.433421,95.763140,1.465629
B010,196,37.019025,7.066049,49.526696,321.226363,0.734574,0.000000,0.161460,2.440226,4.399300,1.337213,17.036796,95.537162,1.523865
B010,200,37.019057,7.100595,51.059884,316.392901,0.771637,0.000000,0.162902,2.460053,4.450624,1.153673,16.827755,95.411446,1.581310
B010,204,37.056636,7.091583,52.652879,319.736042,0.738221,0.000000,0.151371,2.460009,3.923778,1.225456,16.908241,95.415917,1.639033
B010,208,37.063702,7.038850,49.315801,319.584345,0.736330,0.000000,0.155963,2.508436,3.611098,1.147365,16.713162,95.001624,1.695843
B010,212,36.919437,7.084119,46.830808,331.386096,0.738633,0.000000,0.150808,2.489917,3.860574,1.027056,16.083496,94.939944,1.750476
B010,216,36.954534,7.079604,47.097245,322.168186,0.737701,0.000000,0.160833,2.533626,3.990549,1.007636,15.986283,94.156622,1.804331
B010,220,36.944696,7.112971,51.825430,317.539847,0.749239,0.000000,0.144319,2.604989,4.733718,0.821473,15.747692,94.564574,1.857613
B010,224,37.034479,7.091867,51.448907,321.102305,0.740042,0.000000,0.157335,2.535509,4.749301,0.839032,15.777810,94.261737,1.910825
B010,228,37.072048,7.070753,54.229555,320.526591,0.702769,0.000000,0.144635,2.558187,4.434159,0.817424,14.784815,94.178441,1.960644
B010,232,36.928660,7.114635,48.204157,324.524464,0.717733,0.000000,0.151835,2.602652,4.148723,0.656411,14.729262,93.738569,2.010045
B010,236,37.004997,7.070086,46.042117,329.547837,0.740902,0.000000,0.166070,2.643650,4.274230,0.640051,14.716107,93.886663,2.059479
B010,240,36.986422,7.053650,49.784155,317.950026,0.705315,0.000000,0.144076,2.672201,4.662185,0.661130,14.156526,93.097684,2.106633
B011,0,37.053162,7.084045,48.910886,304.173475,0.423146,0.000000,0.028121,0.027583,5.747586,0.113638,0.358878,98.032075,0.000000
B011,4,37.088675,7.112493,51.538556,300.195389,0.444795,0.000000,0.044430,0.031228,5.598735,0.134078,0.622971,98.258175,0.002485
B011,8,37.014932,7.100958,49.224884,306.202674,0.460179,0.000000,0.042102,0.000000,5.503059,0.330117,0.800692,98.432169,0.005684
B011,12,36.963850,7.073193,48.105412,300.068487,0.466756,0.000000,0.041371,0.001183,5.477049,0.302372,0.833350,98.675898,0.009023
B011,16,36.948215,7.071830,48.053241,304.048918,0.446948,0.000000,0.037192,0.047092,5.537712,0.282245,1.115790,98.478411,0.013483
B011,20,36.977320,7.122441,50.037303,301.497185,0.446228,0.000000,0.047013,0.027599,5.255496,0.266909,0.986217,98.687511,0.017434
B011,24,37.022273,7.099555,50.654575,301.628651,0.488859,0.000000,0.040872,0.000000,5.307162,0.358431,0.932798,98.044015,0.021147
B011,28,37.053856,7.106045,52.773129,298.504508,0.490610,0.000000,0.057528,0.010040,4.848930,0.341236,1.338832,98.107709,0.026479
B011,32,37.016717,7.094527,49.108808,306.722518,0.496590,0.000000,0.057727,0.005922,5.096777,0.344376,1.635007,98.077439,0.032989
B011,36,36.969200,7.073697,47.760742,299.676004,0.447157,0.000000,0.045744,0.001535,5.325861,0.420399,2.030279,97.928637,0.041060
B011,40,37.000149,7.110167,47.336049,310.276825,0.508230,0.000000,0.040674,0.022244,4.595464,0.514750,2.336654,98.246978,0.050379
B011,44,36.956555,7.065171,50.740278,302.944069,0.496765,0.000000,0.052595,0.000000,4.807644,0.474572,2.313266,98.457163,0.059625
B011,48,37.096401,7.100954,51.712885,304.479255,0.501320,0.000000,0.057171,1.343647,4.669872,0.539043,2.864517,97.517504,0.070965
B011,52,37.052661,7.088005,51.805500,306.538954,0.488253,0.000000,0.062904,1.404267,4.960001,0.690852,3.546046,98.507955,0.085145
B011,56,37.047680,7.071667,49.063126,312.153958,0.538505,0.000000,0.053133,1.351430,4.863002,0.721985,3.728804,98.416595,0.100042
B011,60,36.978663,7.072778,48.591157,313.041791,0.537768,0.000000,0.071071,1.413381,4.427191,0.713219,3.950368,97.874963,0.115738
B011,64,36.941796,7.051849,49.184835,308.443886,0.534511,0.000000,0.050238,1.409121,4.132387,0.895341,4.603802,98.069210,0.134066
B011,68,36.945497,7.081997,49.866031,312.575518,0.526468,0.000000,0.070664,1.437061,4.336227,0.932724,5.343940,98.327994,0.155397
B011,72,37.076314,7.109644,53.139409,307.880944,0.584152,0.000000,0.084363,1.430091,4.220106,0.874066,5.781554,98.245497,0.178456
B011,76,37.054440,7.085983,52.141340,307.319064,0.590303,0.000000,0.094476,1.477921,4.643450,1.004472,6.797406,98.155888,0.205541
B011,80,36.981111,7.087854,50.035971,311.147233,0.561572,0.000000,0.077559,1.601228,4.276357,1.242302,7.422173,98.231436,0.235138
B011,84,36.940422,7.073070,49.397675,306.830564,0.594572,0.000000,0.097644,1.511596,3.987302,1.512220,8.264737,98.329781,0.268129
B011,88,36.926152,7.067200,48.096732,309.604480,0.600059,0.000000,0.105231,1.515839,3.751617,1.439031,8.834248,98.295381,0.303380
B011,92,37.023909,7.060644,45.135495,319.645635,0.608122,0.015561,0.093246,1.527030,3.721162,1.631946,9.619836,97.765194,0.341559
B011,96,37.032607,7.075733,53.164721,311.749947,0.654679,0.000000,0.111564,1.573774,3.497125,1.654160,10.522001,98.239059,0.383521
B011,100,37.104537,7.112879,52.939052,318.867124,0.629464,0.000000,0.114152,1.575741,4.165637,1.780040,11.012953,97.943713,0.427308
B011,104,37.059970,7.056679,49.780297,312.654471,0.686445,0.000000,0.133761,1.647762,3.877290,2.026314,12.281804,98.585357,0.476461
B011,108,36.917013,7.014877,47.062282,323.492546,0.661393,0.000000,0.139128,1.622354,3.412014,2.225554,13.318546,98.206986,0.529558
B011,112,36.918085,7.034858,48.504113,319.535389,0.701536,0.000000,0.142299,1.618433,3.187769,2.275846,13.617237,98.148912,0.583814
B011,116,36.945950,7.086791,48.244949,322.667533,0.709009,0.000000,0.142583,1.623635,3.113389,2.288001,14.535349,98.335855,0.641838
B011,120,37.074625,7.072360,50.235231,310.983749,0.740249,0.000000,0.147429,1.617262,3.436558,2.364104,15.259533,97.924240,0.702498
B011,124,37.088484,7.076741,53.818740,319.856275,0.769832,0.000000,0.141743,1.667416,3.542274,2.478145,16.149795,98.007872,0.766752
B011,128,37.010110,7.073707,51.691975,317.621743,0.745275,0.000000,0.162985,1.645668,3.571131,2.676983,16.726124,97.666157,0.833067
B011,132,36.923904,7.033112,47.594456,325.379484,0.770947,0.000000,0.157541,1.737812,3.054771,2.757766,17.388400,97.427435,0.901839
B011,136,36.931794,7.011679,46.237447,326.020645,0.737672,0.000000,0.155274,1.782895,2.878935,2.798029,17.686004,97.444332,0.971801
B011,140,36.986563,7.032671,48.812285,318.421009,0.763478,0.000000,0.176564,1.719868,2.711620,2.808101,17.940342,97.502575,1.042811
B011,144,37.074243,7.058850,51.976296,321.425004,0.776035,0.000000,0.170802,1.843772,2.888938,2.923761,18.808458,96.915713,1.116808
B011,148,37.050952,7.096813,51.520220,314.747078,0.771652,0.000000,0.174676,1.776189,3.262111,2.741836,19.047347,96.773298,1.191636
B011,152,36.998656,7.067949,51.832234,320.911871,0.812856,0.000000,0.194844,1.823750,3.202673,2.763774,19.677225,96.868431,1.269014
B011,156,36.947381,7.056523,50.150713,322.848193,0.801637,0.000000,0.175793,1.854315,2.969222,2.497978,19.671932,96.586777,1.346147
B011,160,36.940295,7.042120,48.566007,324.320908,0.808137,0.000000,0.190815,1.873846,2.375213,2.450256,19.921177,97.047600,1.424629
B011,164,36.976690,7.047533,50.574675,319.813327,0.824390,0.000000,0.184434,1.923432,2.477608,2.588315,20.248622,97.022621,1.504381
B011,168,37.063512,7.075988,50.423612,324.289264,0.840693,0.000000,0.193019,1.881157,3.018220,2.244970,20.342188,96.540470,1.584103
B011,172,37.092493,7.071974,52.790713,322.610537,0.802152,0.000000,0.192141,1.961069,3.155740,2.043025,20.071293,96.731613,1.662919
B011,176,37.037891,7.047443,51.978832,315.890042,0.823990,0.000000,0.172548,1.906112,3.063224,1.928579,20.059302,96.479338,1.741483
B011,180,37.013181,7.050257,48.153617,320.389437,0.817971,0.000000,0.182459,1.991307,2.878024,2.058476,20.075223,96.342439,1.819997
B011,184,36.889729,7.054173,48.018390,329.006540,0.797054,0.000000,0.179254,1.947953,2.619530,1.653979,19.133892,96.265854,1.894771
B011,188,36.973818,7.087878,50.622306,327.319311,0.776586,0.000000,0.185213,1.976286,2.898064,1.580538,19.183910,95.929170,1.969477
B011,192,37.009261,7.075718,50.471996,317.019161,0.770317,0.000000,0.173432,2.037197,3.207607,1.503885,18.845042,95.334853,2.042410
B011,196,37.028975,7.076578,51.535609,315.157264,0.819888,0.000000,0.170306,2.035890,3.404399,1.475666,18.415361,96.059224,2.114221
B011,200,37.026482,7.098632,49.761466,320.133668,0.776314,0.000000,0.193129,2.020731,3.443994,1.349112,18.220411,95.118924,2.184576
B011,204,36.929292,7.075280,48.383302,327.258794,0.759558,0.000000,0.165991,2.072946,3.102822,1.139567,17.931049,95.613082,2.254174
B011,208,36.911834,7.076345,46.127067,330.556229,0.756110,0.000000,0.169271,2.038012,3.175913,1.139946,17.692474,94.969044,2.322383
B011,212,36.969582,7.072498,49.685899,321.627422,0.779977,0.000000,0.182225,2.136803,3.285444,1.056564,17.122427,95.313255,2.388634
B011,216,37.010806,7.077736,52.595400,318.160445,0.740508,0.000000,0.160415,2.055578,3.330323,0.963449,17.159268,94.507919,2.454466
B011,220,37.031994,7.123686,50.822230,323.783554,0.779896,0.000000,0.155105,2.138811,3.984147,0.996513,16.668387,94.596466,2.518475
B011,224,36.972583,7.109534,51.472665,312.461787,0.766948,0.000000,0.135532,2.128276,3.839158,0.726280,16.041528,94.708363,2.580149
B011,228,36.936367,7.030844,49.278777,319.464111,0.707833,0.000000,0.148047,2.101982,3.501126,0.827772,15.880607,94.315444,2.640952
B011,232,36.914528,7.061774,46.686504,323.397711,0.744217,0.000000,0.148875,2.195629,3.182531,0.670339,15.891033,94.162093,2.701696
B011,236,36.985518,7.083267,50.028094,315.755702,0.691343,0.000000,0.161887,2.207525,3.585533,0.637872,15.048011,94.155893,2.759213
B011,240,37.005264,7.088651,53.605069,314.871633,0.751454,0.000000,0.147173,2.254320,3.831347,0.723691,15.259822,93.687100,2.817249
B012,0,36.979733,7.094389,47.146353,305.378906,0.480458,0.000000,0.037064,0.000000,5.909156,0.193274,0.229342,98.331437,0.000000
B012,4,37.012709,7.069139,50.055252,302.316783,0.471208,0.000000,0.035712,0.000000,5.959567,0.207360,0.615024,97.792626,0.002486
B012,8,37.001065,7.135283,48.901240,304.981048,0.471819,0.000000,0.028373,0.055433,5.821003,0.275753,0.701891,97.807061,0.005324
B012,12,37.130523,7.137386,50.777293,305.783017,0.492267,0.000000,0.037519,0.000000,5.484544,0.186417,1.049982,98.180951,0.009586
B012,16,37.071749,7.122592,52.018548,302.555376,0.439468,0.000000,0.051070,0.000000,5.431702,0.308202,0.712586,98.487940,0.012487
B012,20,36.964018,7.091999,51.103947,298.652868,0.456032,0.000000,0.045119,0.004066,5.294957,0.249409,0.630054,98.423056,0.015050
B012,24,36.920969,7.089709,46.784298,311.286897,0.460911,0.000000,0.031703,0.027239,5.283582,0.252470,1.179035,98.714696,0.019861
B012,28,36.937761,7.211113,46.228108,311.279688,0.469812,0.000000,0.030913,0.000000,5.028669,0.209964,1.341083,97.911841,0.025290
B012,32,36.960737,7.084462,51.172068,302.344386,0.508628,0.000000,0.043647,0.000000,5.319944,0.266458,1.446756,98.000932,0.031151
B012,36,37.064378,7.139823,51.621245,297.353134,0.441106,0.000000,0.049933,0.000000,4.964337,0.291951,1.574512,98.018454,0.037530
B012,40,37.014437,7.081001,48.473213,311.969525,0.492131,0.000000,0.038098,0.005394,4.979935,0.394417,1.859631,98.502586,0.045103
B012,44,36.965658,7.027564,48.570459,304.237350,0.518365,0.000000,0.047686,0.019548,4.792878,0.458708,2.152928,98.651526,0.053882
B012,48,36.950676,7.037326,48.967212,300.291458,0.499174,0.000000,0.054235,1.638197,4.739126,0.512897,2.409320,98.125076,0.063655
B012,52,36.979574,7.105959,47.917130,311.287548,0.505968,0.000000,0.062545,1.574411,5.099293,0.423164,3.030112,98.371644,0.075977
B012,56,37.005523,7.121344,49.665718,303.804812,0.540654,0.000000,0.077782,1.657021,4.796046,0.616184,3.353611,98.228658,0.089595
B012,60,37.036132,7.068409,53.122386,306.151164,0.543582,0.000000,0.077438,1.649205,4.652930,0.777533,4.139626,98.379877,0.106430
B012,64,36.975094,7.121935,51.152848,307.785919,0.515988,0.000000,0.062349,1.743253,4.157538,0.723048,4.543887,97.979429,0.124834
B012,68,36.957176,7.089593,46.529513,310.675282,0.533270,0.000000,0.061967,1.736393,4.269839,0.884260,5.374607,98.188823,0.146649
B012,72,36.946050,7.052367,47.588538,316.038238,0.573014,0.000000,0.083323,1.783688,4.403489,1.118608,6.050074,98.184920,0.171205
B012,76,36.921132,7.080428,49.019977,307.511810,0.564254,0.000000,0.074640,1.665303,4.575348,1.168670,6.473464,98.405891,0.197539
B012,80,36.999123,7.029595,49.075467,308.588331,0.588768,0.000000,0.098980,1.721789,4.583198,1.338938,7.609104,98.149269,0.228411
B012,84,37.000915,7.102090,51.013497,305.127862,0.620507,0.000000,0.095310,1.790401,4.072369,1.368095,8.202884,98.170325,0.261700
B012,88,37.036275,7.110182,52.858833,306.396273,0.627294,0.000000,0.086994,1.843480,4.014975,1.444784,9.252872,97.954867,0.299168
B012,92,37.012488,7.048752,49.005413,315.813922,0.616100,0.000000,0.104022,1.956945,3.749800,1.682631,9.792166,97.663848,0.338701
B012,96,36.965436,7.052868,47.275486,318.187914,0.638705,0.000000,0.107052,1.889915,3.846657,1.769322,10.800984,98.689143,0.382765
B012,100,36.990114,7.027443,47.850895,320.628279,0.652800,0.000000,0.114040,1.891800,4.041934,1.981454,11.654147,98.240219,0.430093
B012,104,37.027705,7.068009,50.984794,312.971901,0.680445,0.000000,0.128124,1.930292,3.932376,2.117371,12.911040,98.697390,0.482770
B012,108,37.017059,7.094560,50.238320,311.170390,0.698329,0.000000,0.126581,1.901519,3.642694,2.208875,13.417328,98.480354,0.537392
B012,112,37.093731,7.047647,51.093535,317.125423,0.734561,0.000000,0.155362,1.976683,3.274691,2.251086,14.751563,97.622974,0.596922
B012,116,36.969291,7.055292,49.067669,322.174865,0.718373,0.000000,0.154086,1.967635,3.347296,2.471473,15.146416,98.318413,0.658482
B012,120,36.964768,7.034495,47.438288,322.220182,0.739015,0.000000,0.150852,2.046412,3.438857,2.551805,16.283504,97.567187,0.724158
B012,124,36.988947,7.072589,48.380766,319.482813,0.759104,0.000000,0.164897,1.994654,3.741990,2.756192,17.083131,97.813007,0.793232
B012,128,36.984280,7.103289,51.182155,320.696292,0.773379,0.000000,0.159614,2.103130,3.710729,2.757559,17.726931,98.033882,0.865071
B012,132,37.064945,7.030699,52.608622,321.482862,0.773251,0.000000,0.164726,2.117235,3.297559,2.931566,18.606748,97.634241,0.940168
B012,136,37.019663,7.048022,50.644290,321.321679,0.765851,0.000000,0.188044,2.047451,2.719808,3.031688,19.189883,97.141166,1.017227
B012,140,36.997729,7.031795,48.506914,324.536385,0.797165,0.000000,0.180160,2.089756,2.889186,3.196796,19.715086,97.335763,1.096555
B012,144,36.974793,7.037626,47.027268,334.677155,0.811351,0.000000,0.181452,2.164414,3.182928,3.051900,20.230074,96.723382,1.177442
B012,148,36.944185,7.065462,47.505089,329.908378,0.811471,0.000000,0.194003,2.187933,3.540223,3.022603,20.256102,96.880850,1.258565
B012,152,36.947853,7.083611,52.707828,321.697477,0.823272,0.000000,0.193964,2.100426,3.504197,2.879914,21.064553,97.213653,1.343216
B012,156,37.071324,7.052868,52.668494,320.190981,0.844278,0.000000,0.198058,2.201857,3.031192,2.588382,21.278273,96.713645,1.428286
B012,160,37.065027,7.105405,50.633586,326.903076,0.829403,0.000000,0.205505,2.230622,2.782435,2.730217,21.812613,96.898544,1.515658
B012,164,36.980799,7.071444,48.635389,327.106165,0.831776,0.000000,0.197491,2.287956,2.757909,2.502264,21.737493,96.775521,1.602620
B012,168,36.952658,7.069553,48.188173,328.824538,0.860408,0.000000,0.206943,2.235102,2.937915,2.489002,22.358664,96.574392,1.691880
B012,172,37.004884,7.048132,48.863563,326.501859,0.825483,0.000000,0.207578,2.297397,3.368988,2.320103,21.879261,96.501680,1.779161
B012,176,37.016877,7.054819,49.093637,329.647532,0.838232,0.000000,0.188176,2.309633,3.578409,2.028447,21.746635,97.133584,1.866481
B012,180,37.114040,7.035815,52.866686,323.637691,0.812790,0.000000,0.193683,2.299547,3.117553,1.918572,21.377422,96.225126,1.951515
B012,184,37.025495,7.072707,51.258716,322.986657,0.810791,0.000000,0.188592,2.380353,3.060703,1.875122,21.178143,96.533773,2.036027
B012,188,37.013413,7.079105,48.906657,321.406969,0.798802,0.000000,0.193793,2.318756,3.121948,1.676868,20.546169,95.881994,2.117464
B012,192,36.880368,7.051618,46.684949,329.421264,0.799722,0.000000,0.182456,2.363894,3.660691,1.687073,19.903713,96.148098,2.196573
B012,196,36.973479,7.048123,47.392899,328.483759,0.799656,0.000000,0.177311,2.425332,4.134915,1.499497,19.688934,95.368694,2.274194
B012,200,37.004477,7.089913,51.723303,320.294987,0.809823,0.000000,0.185710,2.429272,3.938174,1.490699,19.755481,95.165328,2.351911
B012,204,37.058415,7.129090,52.794788,325.359109,0.793858,0.000000,0.175491,2.462581,3.535158,1.239290,19.248199,95.317980,2.427754
B012,208,37.068099,7.088856,51.353710,318.984909,0.803935,0.000000,0.183164,2.482656,3.301549,1.186307,18.813784,95.153589,2.501757
B012,212,36.946428,7.047361,49.909603,321.537464,0.773622,0.000000,0.164415,2.461447,3.525302,1.062243,18.264874,95.063211,2.573534
B012,216,36.854811,7.035544,47.911859,326.638725,0.785617,0.000000,0.172420,2.496807,3.925505,1.045840,18.220444,94.881266,2.644998
B012,220,36.971617,7.108873,47.010824,325.569718,0.761884,0.000000,0.166070,2.494665,4.483812,1.055612,17.577966,94.710658,2.713819
B012,224,37.038241,7.109738,51.335681,319.698385,0.771557,0.000000,0.160334,2.535859,4.491819,0.850144,17.353332,94.588393,2.781672
B012,228,37.028000,7.080710,51.543377,323.899516,0.741909,0.000000,0.157511,2.582740,4.152867,0.772371,16.917395,94.107801,2.847485
B012,232,37.037437,7.078912,50.543088,319.153811,0.716784,0.000000,0.155451,2.629001,4.020970,0.761754,16.465785,94.417015,2.911751
B012,236,36.999967,7.064399,50.620292,316.649105,0.713793,0.000000,0.150368,2.705104,3.881707,0.714101,16.028537,93.837745,2.973927
B012,240,36.951838,7.106784,49.054825,320.200720,0.721483,0.000000,0.149762,2.741012,4.467762,0.641403,15.902688,93.498037,3.035392
B013,0,36.997718,7.124250,50.530630,296.986475,0.482637,0.000000,0.040829,0.039418,5.699228,0.191471,0.436391,98.377358,0.000000
B013,4,36.965106,7.108259,47.880913,306.868522,0.443487,0.000000,0.050041,0.077728,5.702968,0.297166,0.582811,97.979162,0.002269
B013,8,37.015345,7.057523,49.195472,302.353241,0.444486,0.000000,0.047244,0.041806,5.704716,0.261496,0.648989,98.604173,0.004812
B013,12,37.009616,7.123777,49.935952,302.292803,0.455663,0.000000,0.027773,0.000000,5.347412,0.205062,0.766463,98.255919,0.007805
B013,16,36.990748,7.088457,52.968019,302.638585,0.443212,0.000000,0.063659,0.047465,5.294624,0.264838,1.523764,98.319685,0.013759
B013,20,37.026511,7.085301,51.488566,305.417795,0.509661,0.000000,0.037683,0.005292,5.407057,0.364665,1.266694,97.704895,0.018678
B013,24,36.949657,7.096640,48.682891,299.372268,0.446866,0.000000,0.044817,0.000000,5.272159,0.312316,1.387586,98.259146,0.024096
B013,28,36.952477,7.087389,46.829668,311.171341,0.463937,0.000000,0.052397,0.000000,5.071300,0.227864,1.347046,98.013320,0.029343
B013,32,36.945863,7.095138,48.204045,306.326687,0.500516,0.000000,0.062075,0.000000,4.880851,0.422882,2.067699,98.533239,0.037440
B013,36,37.017496,7.076752,50.957471,308.446222,0.507122,0.000000,0.036477,0.033479,4.917398,0.369590,2.124863,98.035930,0.045718
B013,40,37.034098,7.095888,52.582812,302.271190,0.493997,0.000000,0.061568,0.000000,4.751118,0.640568,2.695062,97.912390,0.056205
B013,44,37.079328,7.065561,50.434470,301.543477,0.507374,0.000000,0.057197,0.000000,4.735281,0.518849,2.923192,97.743284,0.067560
B013,48,36.901683,7.041494,48.834221,305.599625,0.526581,0.000000,0.077351,1.371606,4.802100,0.620720,3.140911,98.661708,0.079875
B013,52,36.891272,7.062502,49.801978,304.374046,0.488130,0.000000,0.062192,1.416830,4.880203,0.642411,3.629929,98.431960,0.094075
B013,56,36.912416,7.103514,47.808727,307.187061,0.532818,0.000000,0.065231,1.384931,4.870952,0.528758,3.749668,97.928041,0.108668
B013,60,37.006645,7.093292,50.962280,302.451353,0.513576,0.000000,0.064356,1.379007,4.555712,0.805369,4.456144,98.343829,0.126083
B013,64,37.040668,7.081307,50.850714,306.831610,0.541996,0.000000,0.065715,1.469684,4.146431,0.855060,5.230533,98.172868,0.146490
B013,68,37.018824,7.113837,51.656597,311.661096,0.559065,0.000000,0.090043,1.436613,3.658453,0.987458,6.140806,97.949715,0.170394
B013,72,37.010361,7.092742,51.399052,302.495670,0.585155,0.000000,0.084814,1.443442,4.304905,1.175464,6.632344,97.855430,0.196187
B013,76,36.901544,7.056976,47.878379,318.545427,0.587495,0.000000,0.078628,1.492662,4.369756,1.256000,7.324310,98.179861,0.224764
B013,80,37.073885,7.047950,46.687992,315.164781,0.582123,0.000000,0.095620,1.467831,4.592619,1.321461,7.937357,97.997828,0.255677
B013,84,36.980040,7.075159,51.000683,305.864488,0.645951,0.000000,0.110683,1.578946,4.017735,1.537027,9.069311,98.205288,0.291072
B013,88,37.025905,7.077844,52.024927,310.707666,0.620068,0.000000,0.121205,1.568880,3.646620,1.714439,10.053375,97.980036,0.330218
B013,92,37.010575,7.084456,51.430025,309.015618,0.655919,0.000000,0.108947,1.573900,3.574206,1.736410,11.173797,98.041892,0.373754
B013,96,36.932091,7.041488,50.384979,311.280264,0.652167,0.000000,0.119219,1.535445,3.663266,1.968103,11.540909,98.237610,0.418811
B013,100,36.974381,7.066620,45.422260,326.058716,0.682166,0.010399,0.145509,1.586844,4.044765,2.024509,12.504712,98.206944,0.467615
B013,104,36.967685,7.068633,49.770141,317.642458,0.684418,0.000000,0.139719,1.582900,3.744191,2.087624,13.342127,98.204000,0.519686
B013,108,37.025795,7.064742,51.250877,320.052177,0.717029,0.000000,0.137099,1.576604,3.561338,2.316884,14.139045,97.915358,0.574704
B013,112,37.060606,7.089281,50.511339,313.103224,0.747862,0.000000,0.135532,1.584398,3.256135,2.362227,14.544383,97.964064,0.631328
B013,116,37.040151,7.040788,51.948093,321.383701,0.730549,0.000000,0.143928,1.640375,2.956368,2.486868,15.304113,97.567191,0.690669
B013,120,36.968766,7.103282,47.018243,322.734783,0.732216,0.000000,0.154282,1.621226,3.143946,2.424612,15.972674,97.812757,0.752757
B013,124,36.918536,7.075552,47.487548,325.950390,0.794256,0.000000,0.150366,1.745985,3.623457,2.634140,16.672322,97.783261,0.817546
B013,128,36.982434,7.053859,46.788442,328.534604,0.766947,0.000000,0.160086,1.736964,3.343716,2.678605,17.291718,97.846326,0.884785
B013,132,37.082529,7.047776,49.726557,320.658976,0.748336,0.000000,0.170137,1.779241,3.088534,2.634723,17.648393,97.779909,0.953365
B013,136,37.070897,7.064681,52.364207,323.067019,0.784663,0.000000,0.162125,1.749207,2.799138,2.718349,17.908688,97.474479,1.022738
B013,140,37.033464,7.073876,52.314877,320.398198,0.771887,0.000000,0.168483,1.632094,2.955010,2.930556,18.391401,97.185643,1.093770
B013,144,36.940395,7.024172,49.077708,329.657427,0.763069,0.000000,0.177195,1.778524,2.838100,2.903079,18.525365,96.983344,1.165171
B013,148,36.876417,6.999526,47.341138,334.141027,0.803621,0.000000,0.176722,1.887070,3.389728,2.913115,18.772196,97.094543,1.237606
B013,152,36.945347,7.033222,48.751443,323.032462,0.768460,0.000000,0.173249,1.800283,3.244958,2.664308,19.181960,97.314860,1.311790
B013,156,37.032979,7.063119,50.238271,323.421400,0.795994,0.000000,0.190650,1.847722,2.921412,2.527422,19.598759,96.938135,1.387293
B013,160,37.074742,7.070324,52.672737,324.554644,0.767893,0.000000,0.205010,1.852415,2.567386,2.412202,19.618393,96.398484,1.462451
B013,164,37.104633,7.076764,51.308893,328.108062,0.795957,0.000000,0.190857,1.857256,2.733621,2.297524,19.858400,96.635838,1.538715
B013,168,37.065086,7.044134,50.007414,325.226589,0.811040,0.000000,0.177346,1.912206,3.032034,2.239439,19.813163,96.426515,1.614641
B013,172,36.909096,7.037428,48.283131,328.530319,0.806959,0.000000,0.177856,1.890674,3.191819,2.090029,19.698232,96.458238,1.690151
B013,176,36.971614,7.110577,46.495457,332.330377,0.809983,0.000000,0.185987,1.922358,3.263285,1.883813,19.574866,96.649319,1.765337
B013,180,37.069941,7.106653,48.491428,324.781294,0.815173,0.000000,0.186467,1.952388,3.072393,1.724101,19.142782,96.143200,1.838478
B013,184,37.049044,7.090045,51.777562,321.340128,0.764761,0.000000,0.171755,1.992434,2.831423,1.701548,18.546251,96.010145,1.909242
B013,188,37.046683,7.113967,52.341207,325.825629,0.762702,0.000000,0.167995,2.007318,2.583463,1.699991,18.358254,96.066085,1.979330
B013,192,36.988169,7.031824,49.361780,327.303489,0.796725,0.000000,0.176868,1.992767,3.405675,1.462938,17.738015,95.481927,2.046637
B013,196,36.915913,7.056849,47.653744,321.074473,0.769919,0.000000,0.172211,1.990084,3.485845,1.454152,17.716021,95.568075,2.113922
B013,200,36.975010,7.084808,50.201319,317.512973,0.756812,0.000000,0.175100,2.035933,3.530871,1.330291,17.518064,95.122501,2.180145
B013,204,36.989922,7.084835,49.198728,326.972524,0.734330,0.000000,0.154842,2.090039,3.463602,1.180476,16.949316,95.129551,2.244223
B013,208,37.055746,7.094063,50.412671,316.694820,0.728960,0.000000,0.147335,2.101753,3.192165,0.993935,16.605404,95.029264,2.306934
B013,212,37.036097,7.092849,51.152769,316.143811,0.730982,0.000000,0.157396,2.107618,3.137057,0.856967,15.968325,94.960382,2.367196
B013,216,36.986739,7.079896,48.858238,317.062053,0.706049,0.000000,0.161127,2.055905,3.681330,0.893518,15.785566,94.728985,2.426623
B013,220,36.988795,7.089385,47.187188,323.222831,0.737677,0.000000,0.141351,2.129954,4.011982,0.842506,15.129410,94.197477,2.483260
B013,224,36.987265,7.093699,47.221455,328.221966,0.689220,0.000000,0.153496,2.162136,3.903723,0.831399,15.115271,94.355377,2.539938
B013,228,37.013142,7.129385,50.444071,314.641027,0.690690,0.000000,0.156924,2.142446,3.637056,0.662841,14.843910,94.390615,2.595621
B013,232,37.119406,7.081726,50.812971,317.148933,0.722686,0.000000,0.144510,2.118081,3.438621,0.760596,14.822509,94.474098,2.651272
B013,236,37.045594,7.071953,51.493027,318.540812,0.733880,0.000000,0.143054,2.190199,3.604967,0.623603,14.513660,94.221239,2.705617
B013,240,36.994703,7.091570,49.291870,316.689514,0.710877,0.000000,0.140295,2.184778,3.821032,0.661661,14.330455,93.793722,2.759034
B014,0,36.989049,7.091960,48.445650,310.480067,0.453549,0.000000,0.047150,0.045774,5.604750,0.292577,0.830341,98.131969,0.000000
B014,4,36.938196,7.087312,48.511744,300.243363,0.475626,0.000000,0.039329,0.006797,5.809976,0.155990,0.559658,98.138598,0.002260
B014,8,36.959542,7.112659,49.266441,304.689643,0.487875,0.000000,0.051730,0.000000,5.378108,0.218879,1.175438,98.277697,0.007013
B014,12,37.092333,7.121063,50.342576,300.783897,0.470456,0.000000,0.037137,0.000000,5.653505,0.361509,1.148658,97.931912,0.011642
B014,16,37.048500,7.058611,51.785868,298.502360,0.467983,0.000000,0.038896,0.000000,5.422559,0.253234,0.998849,97.861689,0.015664
B014,20,37.077663,7.109242,52.362968,305.701783,0.485457,0.000000,0.048214,0.001143,5.305225,0.433425,1.554241,98.411741,0.021958
B014,24,37.011437,7.111295,49.759566,298.477654,0.471564,0.000000,0.028472,0.000000,5.335850,0.323005,1.480219,98.136374,0.027936
B014,28,36.951102,7.064691,48.229918,306.529895,0.450353,0.000000,0.046100,0.000000,5.019648,0.371537,1.263774,98.016708,0.033033
B014,32,36.974392,7.107664,48.695382,307.282437,0.500047,0.000000,0.037988,0.013037,4.975398,0.408735,1.829455,97.647283,0.040383
B014,36,36.979704,7.066165,50.172892,298.164198,0.466877,0.000000,0.060539,0.042501,5.271137,0.323684,1.976924,98.199607,0.048372
B014,40,36.995485,7.126795,51.577421,303.638863,0.490032,0.000000,0.054778,0.020382,5.039123,0.513893,2.722596,98.134127,0.059365
B014,44,37.044241,7.085311,53.612813,299.585047,0.470264,0.000000,0.067354,0.000000,4.573092,0.608084,2.981616,97.688304,0.071351
B014,48,36.975492,7.091022,50.430702,306.249388,0.492446,0.000000,0.066495,1.340378,4.818856,0.533127,3.074246,98.387147,0.083797
B014,52,36.835560,7.086702,47.398787,313.948205,0.501881,0.000000,0.062513,1.453217,5.211170,0.633014,3.527896,98.653276,0.098118
B014,56,36.912262,7.081074,48.988388,308.845425,0.515042,0.000000,0.066197,1.386625,4.715264,0.722554,3.732997,97.972334,0.113167
B014,60,36.990271,7.065726,51.003347,309.124263,0.557532,0.000000,0.074137,1.409932,4.417956,0.691292,4.649669,98.227205,0.131960
B014,64,37.032912,7.115877,55.349293,310.121666,0.546066,0.000000,0.074279,1.441524,4.079383,0.971178,5.581052,98.118955,0.154493
B014,68,37.042072,7.087628,52.228211,307.366668,0.549210,0.000000,0.081144,1.436975,4.031926,1.122174,5.992819,97.696024,0.178584
B014,72,36.971548,7.044179,47.523805,316.955606,0.577475,0.000000,0.097104,1.412783,4.084541,1.121301,6.727212,97.803595,0.205657
B014,76,36.967773,7.046064,44.091573,324.101062,0.572480,0.034352,0.051001,1.490383,4.619155,1.238551,6.976592,98.195290,0.233847
B014,80,36.916556,7.039821,46.808654,318.861079,0.577613,0.000000,0.106949,1.440268,4.428648,1.290303,7.812305,97.564034,0.265210
B014,84,36.998879,7.045583,53.386607,313.824256,0.603943,0.000000,0.115717,1.533288,3.900224,1.415618,8.506420,98.251204,0.299600
B014,88,37.080330,7.114719,48.153098,313.730554,0.617147,0.000000,0.094330,1.504141,3.464427,1.557318,9.604061,97.663141,0.338195
B014,92,37.042943,7.078464,49.363339,309.052410,0.597072,0.000000,0.113005,1.495844,3.550313,1.628959,10.124020,97.956980,0.379003
B014,96,36.945979,7.132891,54.728184,313.653662,0.653108,0.000000,0.114350,1.636821,3.567575,1.851371,11.073268,98.214703,0.423754
B014,100,36.940383,7.053894,46.250518,326.280682,0.677698,0.000000,0.126263,1.528325,4.045468,2.001161,12.315515,98.118074,0.473476
B014,104,36.918755,7.067926,50.322369,312.228464,0.684934,0.000000,0.120742,1.596853,3.745077,2.061578,12.989688,98.319624,0.526028
B014,108,37.031483,7.004988,49.774633,314.773978,0.674361,0.000000,0.136686,1.603800,3.529442,2.161855,13.633022,98.057488,0.581035
B014,112,37.067166,7.047399,51.212158,316.500910,0.734488,0.000000,0.147301,1.602263,3.006692,2.430940,14.994241,98.035095,0.641522
B014,116,36.989095,7.076019,49.487352,321.238399,0.728484,0.000000,0.150389,1.691833,3.108737,2.387683,14.927189,98.105003,0.701780
B014,120,36.973831,7.062111,46.994535,321.466139,0.752814,0.000000,0.175529,1.691817,3.209315,2.468480,16.610860,97.845644,0.768658
B014,124,36.951554,7.070593,46.789936,326.725929,0.789988,0.000000,0.177669,1.723353,3.590533,2.667188,17.123706,98.166978,0.837827
B014,128,36.998495,7.077097,49.152396,325.578744,0.773656,0.000000,0.166982,1.700768,3.615289,2.878810,17.478721,97.528232,0.907971
B014,132,37.014922,7.024098,49.586690,327.029368,0.809904,0.000000,0.183092,1.717079,2.842014,2.930009,18.828515,97.746324,0.983701
B014,136,37.070710,7.029193,51.468036,325.539528,0.790089,0.000000,0.177859,1.775107,2.614797,3.029500,18.985847,97.380520,1.059778
B014,140,37.000511,7.064395,52.937845,323.853102,0.821707,0.000000,0.174510,1.745356,2.585483,3.139343,19.677074,97.224099,1.138498
B014,144,37.013804,7.049009,48.369587,324.563032,0.795131,0.000000,0.195933,1.744263,2.722743,3.192423,20.313270,96.981361,1.219560
B014,148,36.940143,7.079310,48.324523,331.910223,0.839306,0.000000,0.175885,1.823393,3.185310,3.009165,20.406714,96.874798,1.300905
B014,152,37.008968,7.099026,48.815793,325.809920,0.818918,0.000000,0.187764,1.762406,3.115279,2.856139,20.931664,96.753906,1.384239
B014,156,37.045191,7.065761,49.570711,329.101134,0.823751,0.000000,0.193279,1.860497,2.797654,2.712880,21.174683,96.771984,1.468556
B014,160,37.079667,7.091441,51.916157,319.731792,0.793938,0.000000,0.201612,1.893502,2.197033,2.659547,21.706598,96.873216,1.555082
B014,164,37.060018,7.047333,51.302641,327.626193,0.848612,0.000000,0.215116,1.890288,2.274282,2.662866,22.471017,96.231229,1.644061
B014,168,36.968939,7.085304,49.524982,328.282530,0.833728,0.000000,0.220698,1.877855,2.698652,2.548847,22.563046,95.962644,1.733156
B014,172,36.966060,7.046461,47.557166,330.935748,0.839771,0.000000,0.194434,1.895047,3.052045,2.284751,21.757469,96.681696,1.819713
B014,176,36.949151,7.031408,49.169613,334.286870,0.864021,0.000000,0.200751,1.956996,2.955086,2.195846,21.950649,96.286582,1.906681
B014,180,37.006051,7.089570,51.329388,326.500001,0.830266,0.000000,0.204983,2.007604,2.622218,1.985114,21.141027,96.466329,1.990599
B014,184,37.135094,7.094273,52.359314,328.735832,0.852198,0.000000,0.195467,1.954344,2.480826,1.851826,21.018395,95.750331,2.073410
B014,188,37.014048,7.044763,51.784896,323.534328,0.803927,0.000000,0.190954,1.987077,2.492654,1.767424,20.545899,96.347214,2.154864
B014,192,37.018320,7.034233,49.573704,321.739127,0.817209,0.000000,0.194292,1.979157,3.091204,1.450944,20.132439,96.081469,2.234459
B014,196,36.945086,7.093468,47.030233,331.359303,0.802608,0.000000,0.183431,2.054364,3.277121,1.598077,19.816867,96.045968,2.312778
B014,200,36.905044,7.073642,50.818955,321.135233,0.805969,0.000000,0.177821,2.105708,3.157684,1.330252,19.315850,95.492331,2.388676
B014,204,37.066781,7.064574,49.965699,322.494110,0.793374,0.000000,0.175732,2.086374,3.071675,1.109283,19.144986,95.046816,2.463552
B014,208,37.038864,7.105184,53.093818,315.912555,0.784707,0.000000,0.168419,2.087676,3.030777,1.256687,18.416393,95.562250,2.535969
B014,212,37.036857,7.062611,49.546760,320.507191,0.778720,0.000000,0.188822,2.092215,3.018332,1.126030,18.100568,95.170439,2.606852
B014,216,36.998638,7.091150,49.104100,318.007398,0.765422,0.000000,0.172193,2.095816,3.380955,0.886955,17.696460,94.635945,2.675764
B014,220,36.980016,7.031335,47.025078,332.456130,0.802506,0.000000,0.168222,2.129106,3.622894,0.937430,17.560243,94.559377,2.744090
B014,224,36.998699,7.040006,48.650283,323.024010,0.755474,0.000000,0.152546,2.132011,3.863058,0.875989,16.591350,94.847230,2.808842
B014,228,37.011467,7.106219,51.277433,314.647684,0.771926,0.000000,0.158391,2.138090,3.612029,0.752178,16.577593,93.871579,2.872875
B014,232,37.047163,7.113504,51.460780,313.566388,0.736205,0.000000,0.163503,2.147734,3.301470,0.790567,15.990484,94.045706,2.934755
B014,236,37.112924,7.046225,51.932830,323.617061,0.748599,0.000000,0.175673,2.205534,3.228691,0.686475,15.693362,93.904850,2.995395
B014,240,36.997828,7.112249,50.641729,315.838171,0.711886,0.000000,0.142265,2.209798,3.585642,0.763113,15.278550,93.258207,3.054024
B015,0,36.938438,7.079072,47.319779,310.926352,0.482282,0.000000,0.048656,0.026627,5.513019,0.392343,0.968604,98.405138,0.000000
B015,4,36.971353,7.099562,47.752788,305.553110,0.440024,0.000000,0.029819,0.024963,5.451414,0.213993,0.504862,98.582912,0.001960
B015,8,36.984794,7.111771,53.261876,301.185686,0.437347,0.000000,0.046212,0.032172,5.669523,0.152591,0.603453,97.987887,0.004289
B015,12,37.062744,7.120520,53.540916,303.322260,0.455589,0.000000,0.034728,0.000000,5.222275,0.318960,1.192441,98.370988,0.008910
B015,16,37.013581,7.060472,52.106216,299.105570,0.481678,0.000000,0.045663,0.007473,5.289044,0.288455,1.006314,98.137317,0.012800
B015,20,36.981555,7.084238,51.149125,304.359299,0.516483,0.000000,0.046484,0.008677,5.307204,0.263187,0.941545,98.048607,0.016436
B015,24,36.918360,7.126768,48.763856,303.579773,0.461105,0.000000,0.034986,0.000000,5.067675,0.377839,1.276743,98.349648,0.021382
B015,28,36.942640,7.098779,46.336156,312.629373,0.483314,0.000000,0.047408,0.000000,5.223003,0.391175,1.813152,98.197405,0.028395
B015,32,36.997142,7.077136,50.099554,306.950356,0.529958,0.000000,0.059108,0.000000,5.051109,0.536060,2.490128,98.168618,0.038024
B015,36,37.038919,7.098691,53.628387,305.332519,0.490368,0.000000,0.053849,0.002859,4.934514,0.537315,2.472233,98.293978,0.047595
B015,40,37.072858,7.105152,55.872795,305.717039,0.500356,0.000000,0.060661,0.026104,4.837646,0.658817,2.531776,98.176670,0.057386
B015,44,36.964497,7.080127,50.924226,302.272207,0.489385,0.000000,0.064337,0.000000,4.663230,0.677615,3.085184,98.188061,0.069318
B015,48,36.957879,7.055537,47.641233,300.600161,0.494994,0.000000,0.055926,1.335742,4.711706,0.552845,3.560611,98.399871,0.083118
B015,52,36.965381,7.074080,47.553374,308.683643,0.511682,0.000000,0.057516,1.341556,4.878673,0.775926,4.100442,98.244179,0.098985
B015,56,37.077555,7.116306,52.518396,304.573458,0.521121,0.000000,0.084353,1.388767,4.765322,0.974451,4.906944,98.448955,0.118013
B015,60,37.027267,7.110458,51.986957,311.174915,0.535169,0.000000,0.062016,1.358564,4.572345,0.752482,4.828791,97.815784,0.136618
B015,64,37.005213,7.106892,49.937901,307.447972,0.531862,0.000000,0.075636,1.447358,3.983275,1.021745,5.916053,98.579669,0.159589
B015,68,36.971151,7.114917,48.864302,310.039651,0.563146,0.000000,0.075855,1.494970,4.246966,1.255985,6.677059,98.419000,0.185474
B015,72,36.980439,7.054352,48.115800,319.994438,0.592373,0.000000,0.094685,1.499177,4.302513,1.238275,7.505764,98.117606,0.214481
B015,76,36.988007,7.062717,49.285279,307.421625,0.619556,0.000000,0.089432,1.395349,4.125360,1.389321,8.471834,98.443265,0.247331
B015,80,37.050588,7.086638,52.547730,308.308240,0.616511,0.000000,0.118701,1.456759,4.163594,1.524119,9.283201,98.646527,0.283401
B015,84,37.065949,7.094207,54.134673,310.010524,0.627080,0.000000,0.101246,1.485199,3.712048,1.748767,10.431918,98.445651,0.323853
B015,88,37.020056,7.104166,51.203607,318.658302,0.650569,0.000000,0.113043,1.493524,3.430368,1.770677,11.035037,98.167529,0.366522
B015,92,36.915263,7.080627,48.718278,316.348374,0.635800,0.000000,0.128905,1.549844,3.217506,1.884063,11.743646,97.911901,0.411812
B015,96,36.984835,7.058808,49.041435,313.867140,0.684794,0.000000,0.136042,1.578517,3.293404,2.094030,12.821611,97.772788,0.461190
B015,100,36.978598,7.049642,48.393818,319.636584,0.710901,0.000000,0.125560,1.561779,3.760620,2.160624,13.344611,98.346533,0.512884
B015,104,37.034291,7.042743,51.252389,315.892666,0.703750,0.000000,0.149042,1.631507,3.783623,2.148771,14.079013,97.569054,0.566991
B015,108,37.062874,7.067539,52.365715,321.640063,0.705552,0.000000,0.140862,1.640717,3.133130,2.298576,14.667355,97.504258,0.623321
B015,112,36.992161,7.086119,52.944328,315.479577,0.717746,0.000000,0.155271,1.698188,2.940947,2.537397,15.554369,98.140840,0.683449
B015,116,36.921785,7.025575,46.932701,326.931468,0.725491,0.000000,0.146309,1.681097,2.844915,2.606330,16.112787,98.211559,0.745780
B015,120,36.942335,7.044523,47.262127,323.494937,0.777363,0.000000,0.146261,1.720341,3.441648,2.585852,16.745950,98.503253,0.810753
B015,124,37.003415,7.030070,49.447360,322.379227,0.767257,0.000000,0.172711,1.703284,3.358915,2.629022,17.533168,97.757885,0.878265
B015,128,37.045873,7.046370,50.151382,321.890181,0.797283,0.000000,0.170687,1.703149,3.487904,2.826589,17.807959,97.675113,0.946777
B015,132,37.105172,7.047073,51.964430,317.629337,0.757880,0.000000,0.169450,1.779997,3.016312,2.896784,18.145535,97.228596,1.016269
B015,136,37.075565,7.046127,51.239768,325.218896,0.775689,0.000000,0.156494,1.772185,2.604788,2.775605,18.213340,97.352569,1.086110
B015,140,36.980390,7.023191,48.726618,321.595369,0.768659,0.000000,0.170529,1.720395,2.557084,2.723925,18.386002,97.227461,1.156522
B015,144,36.957138,7.047018,48.544824,321.027007,0.767826,0.000000,0.187505,1.773966,2.843599,2.928178,19.154271,97.776468,1.230290
B015,148,36.976516,7.045043,50.751254,319.592785,0.803609,0.000000,0.182862,1.858834,3.394983,2.862724,19.036402,97.037417,1.303050
B015,152,37.063012,7.054721,50.102006,322.284191,0.799632,0.000000,0.186234,1.823146,3.122585,2.601866,19.493689,97.412493,1.377847
B015,156,37.083148,7.044417,53.959660,321.441931,0.817661,0.000000,0.175470,1.847167,2.834332,2.540219,19.882130,97.002865,1.453812
B015,160,37.020258,7.056243,52.965114,321.276539,0.799773,0.000000,0.195550,1.858513,2.509389,2.566051,19.796173,96.613975,1.529146
B015,164,36.994667,7.081436,50.421029,329.116591,0.780634,0.000000,0.192818,1.835548,2.571517,2.312818,19.962386,97.006299,1.605422
B015,168,36.900956,7.024219,47.473274,330.286271,0.813447,0.000000,0.180744,1.864491,3.095846,2.235562,19.684439,96.090854,1.679925
B015,172,36.949036,7.049009,48.823245,325.561533,0.818765,0.000000,0.188887,1.930305,3.023676,2.129411,20.019335,96.530155,1.756042
B015,176,37.016103,7.038442,51.799120,317.909374,0.796176,0.000000,0.197215,1.976111,3.370940,1.916516,19.573385,96.691272,1.830588
B015,180,37.035246,7.044514,53.891650,323.974648,0.784274,0.000000,0.168278,1.908250,3.182926,1.852521,19.336804,96.566896,1.904138
B015,184,37.030914,7.078325,53.186388,322.279519,0.781863,0.000000,0.177791,1.938278,2.717988,1.740705,18.800348,96.210100,1.975384
B015,188,36.965816,7.079002,47.139297,328.647398,0.781793,0.000000,0.157356,1.975300,2.925876,1.560384,18.116561,96.047550,2.043922
B015,192,36.909176,7.045455,46.328762,332.479540,0.781684,0.000000,0.192498,1.968789,3.311278,1.383208,17.775532,96.067776,2.111184
B015,196,37.007075,7.098817,50.308000,320.121230,0.775268,0.000000,0.167307,1.993985,3.469575,1.362066,17.569259,95.663381,2.177386
B015,200,37.003510,7.068373,50.606705,320.308488,0.727603,0.000000,0.159475,2.092721,3.595766,1.239377,17.353235,95.386288,2.242584
B015,204,37.000312,7.124393,55.083621,322.517105,0.749902,0.000000,0.167544,2.047966,3.354788,1.157969,17.140540,95.660720,2.307169
B015,208,37.030008,7.073039,50.746402,320.991304,0.745645,0.000000,0.169679,2.044269,2.906348,1.038056,16.686042,95.192116,2.369733
B015,212,36.976663,7.088561,52.044224,327.967039,0.727209,0.000000,0.151379,2.056925,3.209563,0.965025,16.410159,94.904573,2.431076
B015,216,36.888673,7.039754,47.517510,322.182101,0.759340,0.000000,0.152523,2.152644,3.545489,0.921946,15.841810,94.423343,2.489995
B015,220,37.023740,7.090378,50.282202,321.526644,0.761433,0.000000,0.136770,2.101923,4.225617,0.941708,15.598468,94.557110,2.548091
B015,224,37.000908,7.097261,51.678386,316.796688,0.741310,0.000000,0.165026,2.111336,4.059988,0.796857,15.372547,94.414027,2.605259
B015,228,37.137907,7.090967,50.968685,319.575232,0.719037,0.000000,0.155707,2.152895,3.926038,0.730703,15.045181,93.913691,2.660913
B015,232,37.073200,7.112105,51.600184,315.465188,0.733694,0.000000,0.150101,2.199930,3.663514,0.635673,14.827876,93.718431,2.715650
B015,236,36.984327,7.053754,50.316412,318.630013,0.719184,0.000000,0.145115,2.170298,3.609913,0.662567,14.271998,93.596751,2.768265
B015,240,36.911909,7.115997,46.053537,323.174524,0.693734,0.000000,0.131123,2.172672,3.760897,0.546360,14.103516,93.545165,2.820231
B016,0,36.984171,7.114467,50.837793,301.921798,0.447089,0.000000,0.034685,0.000000,5.663892,0.286987,0.625235,98.095461,0.000000
B016,4,36.932809,7.047238,45.127794,313.127004,0.451771,0.015700,0.030386,0.037964,5.723139,0.184112,0.561328,98.554243,0.002263
B016,8,36.878313,7.047100,46.725006,308.460590,0.463263,0.000000,0.042003,0.002876,5.524129,0.196237,0.295661,97.939569,0.003448
B016,12,36.942085,7.103944,52.528436,299.925438,0.461818,0.000000,0.036004,0.017660,5.574813,0.257968,0.844004,98.052923,0.006834
B016,16,37.004798,7.109637,52.505743,300.427386,0.484745,0.000000,0.034989,0.000000,5.456937,0.244765,0.867787,98.391042,0.010327
B016,20,37.023587,7.093015,51.338420,298.081802,0.490739,0.000000,0.053976,0.011568,5.375850,0.344048,1.162242,98.571051,0.015013
B016,24,36.989696,7.114030,49.138574,306.893173,0.500399,0.000000,0.042555,0.041416,5.322970,0.220570,1.152969,98.081627,0.019640
B016,28,36.976803,7.095452,49.180813,303.735329,0.471612,0.000000,0.052360,0.034700,5.026036,0.231175,1.359000,98.033297,0.025090
B016,32,36.962018,7.060365,47.750588,310.500714,0.476970,0.000000,0.046359,0.000000,4.893346,0.366457,1.482352,97.968036,0.031031
B016,36,37.035695,7.059620,49.901135,302.172017,0.511614,0.000000,0.055604,0.000000,4.982854,0.366298,1.980485,98.476751,0.039010
B016,40,37.020542,7.119060,53.130889,302.993547,0.493249,0.000000,0.057267,0.000000,4.933252,0.577532,2.446339,97.883786,0.048807
B016,44,37.074606,7.110032,52.105386,305.420776,0.492079,0.000000,0.053915,0.000000,4.783049,0.448674,2.963039,98.438186,0.060739
B016,48,36.978020,7.070448,48.133669,310.581873,0.507174,0.000000,0.069204,1.313112,4.611414,0.458238,3.105395,98.074091,0.073199
B016,52,36.942417,7.135090,47.839761,313.028326,0.512934,0.000000,0.059755,1.363025,4.872473,0.593376,3.576762,98.342259,0.087589
B016,56,36.931901,7.076085,47.591794,315.001840,0.522896,0.000000,0.066488,1.394340,4.636874,0.754967,4.158455,98.387755,0.104328
B016,60,37.048997,7.081218,51.011988,302.214306,0.526543,0.000000,0.056965,1.415051,4.392023,0.890939,4.938953,98.321581,0.124194
B016,64,37.071579,7.089134,51.322391,311.481191,0.533998,0.000000,0.071619,1.398646,4.049177,0.929977,5.167785,98.535853,0.145027
B016,68,37.032419,7.094529,51.032161,305.261202,0.569327,0.000000,0.088165,1.423547,4.166264,1.049400,5.957254,98.543080,0.169043
B016,72,36.999386,7.108220,51.231188,303.587107,0.580329,0.000000,0.087424,1.466152,4.148579,1.142891,6.582744,97.853209,0.195395
B016,76,36.930420,7.122793,48.184813,311.704253,0.588845,0.000000,0.091748,1.418522,4.320897,1.242161,7.639243,98.173142,0.226077
B016,80,36.953649,7.107807,46.796752,318.630521,0.580114,0.000000,0.084090,1.478962,4.410326,1.321192,7.912097,98.133725,0.257842
B016,84,36.981866,7.047287,49.988557,311.577124,0.634619,0.000000,0.103804,1.484232,4.097693,1.389057,8.975817,98.073444,0.293855
B016,88,37.043880,7.098217,51.160418,315.084965,0.588617,0.000000,0.106557,1.515613,3.616385,1.604712,9.813052,98.433729,0.333373
B016,92,36.985021,7.057999,53.433321,313.097078,0.648589,0.000000,0.118689,1.540765,3.495889,1.827234,10.978103,98.434176,0.377582
B016,96,36.938279,7.085425,49.209095,318.350353,0.666029,0.000000,0.115917,1.618510,3.647727,1.904165,11.665881,97.731238,0.424225
B016,100,36.925859,7.047408,45.532862,328.953510,0.707946,0.008408,0.126717,1.635952,3.783832,2.050785,12.551718,98.051917,0.474575
B016,104,36.976257,7.035963,48.272203,318.295113,0.699325,0.000000,0.157950,1.644370,3.755577,2.215379,13.687759,98.312359,0.529627
B016,108,37.012601,7.043827,48.327185,317.531804,0.699127,0.000000,0.143565,1.619115,3.295749,2.286620,14.770169,97.883693,0.588774
B016,112,36.973509,7.087291,51.599097,323.044849,0.720791,0.000000,0.141716,1.656295,3.041128,2.502013,15.462259,97.901063,0.650704
B016,116,37.017702,7.073129,52.446494,321.404543,0.755438,0.000000,0.141162,1.684417,2.814426,2.420749,16.030374,98.009223,0.714980
B016,120,37.005222,7.065300,53.029166,323.606133,0.773700,0.000000,0.165928,1.689127,3.169038,2.734082,17.050410,97.744858,0.783161
B016,124,36.980570,7.038136,49.467052,329.825292,0.771882,0.000000,0.152924,1.679818,3.232005,2.802622,17.633170,97.908690,0.853791
B016,128,36.920609,7.088092,47.654662,324.100723,0.749002,0.000000,0.173604,1.708048,3.129322,2.915210,18.560242,97.876686,0.928111
B016,132,37.023206,7.058817,50.270265,323.783405,0.778966,0.000000,0.184880,1.705908,2.952780,2.977371,19.196357,97.359222,1.004570
B016,136,37.078810,6.979313,52.052206,321.733682,0.762924,0.000000,0.179923,1.744895,2.557423,3.035293,19.222027,96.971173,1.080827
B016,140,37.066244,7.139652,54.434240,323.782479,0.799251,0.000000,0.194837,1.770304,2.560881,3.168573,19.888050,97.138579,1.159863
B016,144,37.040654,7.063037,48.070928,326.433511,0.843147,0.000000,0.198807,1.815719,2.678909,3.194976,20.715150,96.783054,1.241884
B016,148,36.929036,7.059746,47.664944,330.365002,0.831258,0.000000,0.191806,1.802430,3.098800,2.970990,20.989331,96.782524,1.324990
B016,152,36.916689,7.015385,48.116053,325.196037,0.818296,0.000000,0.203482,1.837349,3.042009,2.846815,20.915311,97.019533,1.408006
B016,156,36.978988,7.061792,50.217677,326.148799,0.837514,0.000000,0.212640,1.831921,2.613064,2.877216,21.468597,96.508757,1.492769
B016,160,37.026540,7.101185,49.582566,319.314227,0.853707,0.000000,0.191576,1.803371,2.211536,2.667926,21.946395,97.117876,1.579966
B016,164,37.109992,7.060058,49.805971,322.202278,0.829210,0.000000,0.203985,1.834403,2.254406,2.623350,22.273406,96.482184,1.667883
B016,168,37.041573,7.115486,49.804082,324.773723,0.890142,0.000000,0.194029,1.895996,2.744582,2.452887,22.241949,96.626033,1.755806
B016,172,36.958300,7.067983,49.177386,321.851950,0.822722,0.000000,0.198292,1.879709,2.717838,2.223156,21.701546,96.840047,1.841783
B016,176,36.969407,7.040857,48.782683,327.689075,0.843278,0.000000,0.189065,2.012886,2.984816,2.123448,21.712342,96.684194,1.927665
B016,180,36.912599,7.061313,50.952257,326.576815,0.847978,0.000000,0.192327,1.890804,2.890260,2.049465,21.257834,96.543981,2.011627
B016,184,37.032712,7.042766,51.342119,329.603028,0.833575,0.000000,0.192042,2.031217,2.753966,1.911569,20.567769,95.914325,2.092333
B016,188,37.062459,7.064225,52.837572,323.047307,0.816922,0.000000,0.187015,1.966707,2.491419,1.684083,20.712635,96.096480,2.173763
B016,192,36.946300,7.073054,49.788866,326.257044,0.833814,0.000000,0.182039,1.987227,2.998712,1.626171,20.338319,95.698859,2.253389
B016,196,36.923973,7.058548,47.991063,329.875258,0.768455,0.000000,0.188942,2.029795,3.544898,1.358428,19.591257,95.421696,2.329869
B016,200,36.937420,7.096932,45.916895,333.694478,0.821216,0.001496,0.192360,2.017761,3.474382,1.374764,19.425239,95.566108,2.405816
B016,204,36.985942,7.050533,50.967010,322.295256,0.783392,0.000000,0.168374,2.018395,3.137319,1.277059,18.796761,95.201729,2.479025
B016,208,37.007788,7.073224,51.152139,320.545391,0.768029,0.000000,0.167348,2.055782,2.710993,1.212167,18.537396,95.198575,2.551222
B016,212,36.996863,7.063216,52.029075,318.932529,0.772261,0.000000,0.166909,2.012903,3.085455,1.024038,18.208904,94.996137,2.621988
B016,216,37.038280,7.122903,49.804983,319.030078,0.761023,0.000000,0.180115,2.106234,3.406895,1.163906,17.846287,95.131918,2.691445
B016,220,36.927215,7.064970,49.128593,324.205975,0.763943,0.000000,0.182289,2.079541,3.515307,0.941940,17.565137,94.645332,2.759457
B016,224,36.962574,7.117396,48.301028,322.435181,0.746571,0.000000,0.160869,2.207601,3.784090,0.687797,17.121698,94.278576,2.825496
B016,228,36.958123,7.099557,48.503762,322.958549,0.767758,0.000000,0.157137,2.120707,3.428855,0.849493,16.762749,94.321389,2.890179
B016,232,37.062007,7.113614,52.617658,320.691333,0.714392,0.000000,0.145980,2.248196,3.398184,0.598170,16.569272,94.016984,2.953910
B016,236,37.027550,7.121989,51.321115,319.079797,0.748505,0.000000,0.167541,2.204691,3.412208,0.677874,16.089093,93.622634,3.015534
B016,240,37.064641,7.070188,49.310369,319.335221,0.700224,0.000000,0.157748,2.239211,3.699445,0.618437,15.448414,93.010258,3.074317
B017,0,37.090442,7.093350,51.156239,302.213625,0.470590,0.000000,0.034075,0.010668,5.786440,0.232065,0.451143,98.334667,0.000000
B017,4,37.047179,7.112077,49.922127,304.591266,0.476987,0.000000,0.034325,0.000000,5.694330,0.110203,0.575543,97.949946,0.002175
B017,8,36.978155,7.082515,50.415356,302.869060,0.474912,0.000000,0.039698,0.000000,5.704900,0.243828,0.459055,98.223771,0.003915
B017,12,36.944829,7.114276,48.362687,305.107294,0.478372,0.000000,0.035066,0.000000,5.636372,0.147769,0.798858,97.837577,0.006931
B017,16,36.970255,7.122972,48.403343,299.669431,0.478201,0.000000,0.044298,0.007462,5.375735,0.320938,0.748989,98.431082,0.009776
B017,20,36.995508,7.111035,50.007709,301.454597,0.470180,0.000000,0.053754,0.000000,5.534418,0.250449,1.053683,98.166963,0.013767
B017,24,37.081151,7.117303,51.731671,299.794055,0.436842,0.000000,0.051050,0.025443,5.169964,0.277838,1.232602,98.192333,0.018437
B017,28,37.058893,7.051926,52.182841,300.221805,0.475172,0.000000,0.044948,0.000000,5.146828,0.311482,1.412955,97.920251,0.023776
B017,32,36.960794,7.103514,48.428964,305.092559,0.494880,0.000000,0.038249,0.007101,5.065133,0.478017,1.543742,98.293968,0.029631
B017,36,36.926374,7.112705,46.823770,310.606433,0.488382,0.000000,0.046975,0.000000,4.861816,0.423640,1.757320,98.386182,0.036303
B017,40,36.924043,7.083879,49.521458,304.761329,0.487606,0.000000,0.053925,0.055406,4.752109,0.625520,2.564859,98.082092,0.046010
B017,44,36.997285,7.029801,50.632083,306.089875,0.461168,0.000000,0.059477,0.012320,4.698879,0.456072,2.763070,98.107030,0.056470
B017,48,37.016450,7.116642,49.525280,300.549712,0.471518,0.000000,0.064424,1.355943,4.618990,0.566871,2.816488,98.401923,0.067164
B017,52,36.955922,7.125233,52.309250,302.761983,0.531041,0.000000,0.053140,1.345191,4.873963,0.531928,3.372249,98.098541,0.079929
B017,56,36.969170,7.075171,49.366817,302.344658,0.539110,0.000000,0.081992,1.328041,5.013960,0.740112,4.319678,98.458950,0.096340
B017,60,36.909743,7.071917,48.271196,310.600192,0.527327,0.000000,0.062432,1.383604,4.394954,0.815059,4.500747,97.857957,0.113335
B017,64,36.947157,7.102127,49.126161,308.546180,0.532973,0.000000,0.087997,1.413974,4.038575,0.888025,5.004344,98.051418,0.132269
B017,68,37.035931,7.082488,51.420767,306.729091,0.518215,0.000000,0.066833,1.408434,4.018701,1.057557,5.659141,98.208106,0.153714
B017,72,37.045476,7.114709,51.199615,305.560335,0.566727,0.000000,0.086881,1.375314,4.114264,1.085810,6.427172,98.516978,0.178146
B017,76,36.986106,7.092574,48.872939,312.403167,0.584382,0.000000,0.073574,1.461313,4.549622,1.103062,6.947468,98.507624,0.204554
B017,80,36.971463,7.041066,48.382916,314.861802,0.583354,0.000000,0.088850,1.507090,4.497837,1.309356,7.872948,98.584325,0.234503
B017,84,36.940193,7.018301,47.596073,311.468853,0.589898,0.000000,0.097323,1.519311,3.905195,1.305786,8.513241,98.113864,0.266733
B017,88,36.937013,7.062620,48.762941,312.479276,0.633456,0.000000,0.103306,1.535977,3.648780,1.428859,9.505003,98.414731,0.302828
B017,92,37.001942,7.065027,51.836505,310.563547,0.644078,0.000000,0.099688,1.539702,3.500865,1.639093,10.501713,98.214105,0.342627
B017,96,37.071531,7.105616,52.508928,308.129536,0.650584,0.000000,0.102814,1.538049,3.722297,1.625746,10.882175,98.000535,0.383778
B017,100,37.028664,7.068197,49.226990,310.512596,0.674948,0.000000,0.124814,1.614151,4.082241,1.897593,11.830695,98.416337,0.428706
B017,104,36.997330,7.083117,50.047147,318.450444,0.685518,0.000000,0.135023,1.616467,3.927832,2.026782,12.997650,97.671839,0.477691
B017,108,36.974424,7.110429,46.599726,324.516066,0.655027,0.000000,0.142214,1.618852,3.329784,2.133087,13.414823,98.195925,0.528521
B017,112,36.940675,7.075327,50.885066,311.841231,0.663951,0.000000,0.135325,1.700037,2.951107,2.292143,14.460848,98.097024,0.583258
B017,116,36.989905,7.083776,52.193072,319.602889,0.728222,0.000000,0.152999,1.615074,3.058415,2.400383,14.853455,98.152920,0.639514
B017,120,37.046995,7.061122,53.722921,322.601649,0.732548,0.000000,0.160859,1.668342,3.261403,2.486332,15.871446,98.292660,0.699711
B017,124,36.908242,7.046354,49.113043,323.505917,0.743643,0.000000,0.157976,1.619909,3.522814,2.545321,16.562816,97.528639,0.762042
B017,128,36.948302,7.035481,49.839911,321.315241,0.756031,0.000000,0.156416,1.712086,3.340805,2.775923,17.326687,97.853719,0.827464
B017,132,37.003170,7.055808,47.609109,323.592957,0.791504,0.000000,0.167575,1.728473,2.909414,2.757652,17.783613,97.729389,0.894527
B017,136,36.908110,7.049361,50.790109,320.187412,0.761269,0.000000,0.176486,1.725631,2.743048,2.912438,18.260200,97.233785,0.963038
B017,140,37.050291,7.065316,52.483760,316.678070,0.768198,0.000000,0.167389,1.826207,2.648844,2.853760,18.531686,97.020781,1.032415
B017,144,37.058462,7.041873,51.410919,316.420707,0.788172,0.000000,0.170434,1.706740,3.086302,2.999226,18.823387,96.871758,1.102776
B017,148,37.065065,7.082543,49.763513,326.898306,0.811820,0.000000,0.187658,1.786855,3.354318,2.852514,19.183619,96.758504,1.174399
B017,152,36.997680,7.035996,48.568751,326.796924,0.799066,0.000000,0.175984,1.832042,3.232872,2.694598,19.344014,96.993485,1.246797
B017,156,36.942251,7.065067,48.571562,328.728914,0.785519,0.000000,0.181009,1.750594,3.031968,2.584727,19.955574,96.679395,1.321242
B017,160,36.933286,7.030085,48.194336,326.287868,0.799017,0.000000,0.171462,1.883216,2.524439,2.445246,20.103071,97.064274,1.396535
B017,164,37.070721,7.046093,52.678059,326.322544,0.827260,0.000000,0.182042,1.819874,2.256076,2.410638,20.488330,96.530158,1.472849
B017,168,37.036567,7.039976,51.263135,317.799827,0.817594,0.000000,0.190824,1.839549,2.672743,2.356603,20.197626,96.952588,1.548410
B017,172,37.067048,7.054284,52.615911,322.113025,0.831576,0.000000,0.192951,1.929471,3.281682,2.166079,20.267891,96.806759,1.624119
B017,176,36.946311,7.060622,50.216880,322.746390,0.795345,0.000000,0.175666,1.957656,3.193084,1.957210,19.546540,96.362908,1.696800
B017,180,36.919745,7.056372,48.601204,320.769116,0.781833,0.000000,0.178444,1.985994,2.914605,1.775443,18.977561,96.525337,1.767483
B017,184,36.937716,7.060365,47.237132,332.759295,0.786320,0.000000,0.167333,1.971775,2.600485,1.685053,18.963074,96.201993,1.837876
B017,188,37.052441,7.107445,51.311957,325.397640,0.760463,0.000000,0.170523,2.001779,2.922382,1.579267,18.589660,95.595254,1.906447
B017,192,37.107426,7.039222,52.845178,318.644980,0.749665,0.000000,0.175750,1.946660,3.300549,1.417707,18.105886,95.736070,1.973333
B017,196,37.005437,7.102102,51.905302,320.811959,0.748948,0.000000,0.176610,2.056745,3.537282,1.316053,17.756086,96.001295,2.039108
B017,200,36.864429,7.088027,50.598389,318.867741,0.794233,0.000000,0.163999,2.075095,3.576959,1.381375,17.928369,95.664553,2.105288
B017,204,36.918509,7.122640,46.965958,327.000876,0.765182,0.000000,0.167748,2.040969,3.196372,1.200379,17.449244,95.189573,2.169380
B017,208,36.972282,7.071987,47.926641,323.681483,0.759521,0.000000,0.167945,2.068356,2.959306,1.073298,16.782876,95.225165,2.231047
B017,212,37.070171,7.067334,50.218708,320.536556,0.753831,0.000000,0.166593,2.037392,3.054986,1.024103,16.580726,94.922336,2.291777
B017,216,37.088268,7.113620,52.189116,319.537096,0.739803,0.000000,0.147465,2.055216,3.625802,0.888909,16.018483,94.887454,2.350427
B017,220,37.014101,7.021429,50.597461,316.282657,0.695816,0.000000,0.154807,2.084759,3.747882,0.935386,15.641171,94.099066,2.407219
B017,224,36.968227,7.062377,49.582779,324.713390,0.728945,0.000000,0.141104,2.125935,3.925972,0.801164,15.551230,94.370307,2.463848
B017,228,36.890831,7.080979,46.381051,323.579798,0.730708,0.000000,0.152748,2.132443,3.627038,0.699196,14.880632,94.174980,2.517923
B017,232,36.952738,7.092543,50.415544,317.473875,0.677233,0.000000,0.143933,2.189759,3.342466,0.796456,14.498211,94.405086,2.570736
B017,236,37.014906,7.112813,49.768577,314.877504,0.725921,0.000000,0.137377,2.242915,3.652407,0.664529,14.457237,93.587930,2.622945
B017,240,37.005778,7.173561,50.169568,318.806504,0.724506,0.000000,0.150705,2.158962,3.866423,0.579471,14.466445,93.651467,2.675222
B018,0,37.028304,7.093953,52.340806,301.581100,0.447486,0.000000,0.036486,0.008992,5.836629,0.197501,0.777973,98.110303,0.000000
B018,4,37.040981,7.179865,49.892137,297.955124,0.481605,0.000000,0.042419,0.000000,5.520504,0.288095,0.440774,98.143993,0.001780
B018,8,37.010371,7.067378,49.348184,300.389289,0.499132,0.000000,0.041541,0.022929,5.604229,0.210395,1.072379,98.425865,0.006124
B018,12,36.915482,7.092135,48.612388,305.735376,0.495468,0.000000,0.051282,0.043379,5.517035,0.315610,0.835256,97.905517,0.009490
B018,16,36.941066,7.145166,47.320234,313.248269,0.488948,0.000000,0.038076,0.000000,5.484243,0.264860,1.146378,98.078221,0.014118
B018,20,37.041640,7.095097,51.987523,300.051235,0.490882,0.000000,0.038745,0.000000,5.292036,0.344106,1.307273,98.253248,0.019404
B018,24,37.023142,7.096056,53.383772,297.060383,0.460070,0.000000,0.043249,0.000000,5.276468,0.313733,1.067373,98.317166,0.023723
B018,28,37.013708,7.023455,51.253959,296.952574,0.484900,0.000000,0.043197,0.000000,5.368624,0.397261,1.746012,98.465266,0.030799
B018,32,36.947968,7.110150,46.888755,304.897229,0.504549,0.000000,0.049019,0.007432,5.022557,0.212095,1.547438,98.244247,0.037056
B018,36,36.920884,7.090108,45.822763,308.699906,0.484002,0.003190,0.057031,0.000000,4.745469,0.377242,2.064386,97.973074,0.045380
B018,40,36.990880,7.104790,48.631543,303.207628,0.476465,0.000000,0.045527,0.026156,4.941838,0.356701,1.939994,98.234186,0.053223
B018,44,37.009888,7.061991,49.215120,304.129956,0.488585,0.000000,0.059339,0.045690,4.700201,0.508654,2.361458,98.333458,0.062780
B018,48,37.074994,7.148260,55.582616,298.932059,0.481905,0.000000,0.051800,1.306922,4.805214,0.497060,2.561649,98.271103,0.073141
B018,52,37.031511,7.133264,50.773768,311.115667,0.476327,0.000000,0.058000,1.397941,5.041418,0.554853,3.034225,98.387737,0.085427
B018,56,37.015087,7.091192,48.571726,308.334349,0.493456,0.000000,0.065010,1.352384,5.168547,0.532085,3.191312,98.177876,0.098322
B018,60,36.988729,7.081766,49.449340,305.142132,0.534880,0.000000,0.063960,1.435721,4.599928,0.734358,3.833076,97.825105,0.113755
B018,64,36.951193,7.066869,48.266961,304.747715,0.540784,0.000000,0.070399,1.362828,4.202417,0.769041,4.339386,98.113281,0.131277
B018,68,37.023939,7.098753,51.309496,305.694811,0.536048,0.000000,0.068372,1.407564,4.229243,0.803918,4.638856,98.325836,0.150049
B018,72,37.049265,7.058474,53.173206,305.352421,0.547513,0.000000,0.075695,1.454474,4.125250,1.008035,5.538846,98.131230,0.172420
B018,76,37.043166,7.092310,52.925939,308.669232,0.532193,0.000000,0.098632,1.423299,4.518044,0.925846,5.940694,98.316063,0.196458
B018,80,36.946584,7.043213,52.115269,305.238665,0.548918,0.000000,0.074117,1.511567,4.443711,1.043646,6.138934,97.883610,0.221189
B018,84,36.906577,7.043443,48.719582,311.197271,0.601455,0.000000,0.088070,1.466963,4.337822,1.031783,6.908684,97.962937,0.249043
B018,88,37.001107,7.066451,48.434754,307.486890,0.582856,0.000000,0.099963,1.568781,3.688023,1.277580,7.677251,98.567622,0.280188
B018,92,36.929719,7.091415,49.884141,309.832166,0.576813,0.000000,0.085203,1.504634,3.567182,1.408624,8.132748,98.120967,0.313030
B018,96,37.081409,7.084104,50.564568,313.557649,0.641056,0.000000,0.099979,1.578992,3.924616,1.501165,9.031461,98.303142,0.349570
B018,100,37.053942,7.080397,53.598016,310.316263,0.641648,0.000000,0.115340,1.654807,4.298429,1.714846,9.763031,98.121239,0.388997
B018,104,36.982856,7.098738,49.268477,314.835809,0.637047,0.000000,0.119671,1.608939,3.988937,1.578447,10.475347,98.004734,0.431249
B018,108,36.927114,7.074202,48.661348,314.489053,0.632328,0.000000,0.101664,1.601755,3.937795,1.830594,11.090069,98.077962,0.476015
B018,112,36.986159,7.060919,46.763506,325.966959,0.686283,0.000000,0.109432,1.634808,3.426030,1.842518,11.803397,98.506844,0.523868
B018,116,37.003902,7.084520,49.426621,315.103114,0.645378,0.000000,0.120023,1.671310,3.056670,1.824714,12.458830,98.188996,0.574216
B018,120,37.091352,7.092368,50.935929,311.642533,0.694008,0.000000,0.135734,1.631596,3.597230,2.163807,13.190013,97.713267,0.627260
B018,124,37.076511,7.103878,50.014198,312.819271,0.719429,0.000000,0.127350,1.722800,3.669789,2.075336,13.639690,97.887614,0.682211
B018,128,36.934820,7.049047,47.582352,313.756110,0.707183,0.000000,0.131016,1.717830,3.592445,2.133993,14.186424,97.834782,0.739333
B018,132,36.931316,7.068947,49.128374,319.514549,0.728220,0.000000,0.149145,1.750483,3.313673,2.352678,14.910068,97.695528,0.799284
B018,136,36.962071,7.073709,47.622263,321.416253,0.723086,0.000000,0.150738,1.725380,2.917332,2.541675,15.583685,97.980377,0.862126
B018,140,37.089357,7.051926,52.607646,315.888431,0.730620,0.000000,0.150406,1.741035,3.001028,2.401298,15.619485,97.619023,0.924880
B018,144,37.103567,7.073832,52.709852,316.570596,0.719111,0.000000,0.150905,1.781554,3.175167,2.522707,16.092501,97.407048,0.989394
B018,148,36.981339,7.078131,51.390431,320.456807,0.781438,0.000000,0.171441,1.794967,3.297256,2.432901,16.933818,97.475960,1.057329
B018,152,36.974282,7.059310,49.282387,323.556322,0.738536,0.000000,0.155983,1.870203,3.408322,2.343222,17.202648,97.697087,1.126498
B018,156,36.968197,7.049818,49.797588,319.030080,0.755611,0.000000,0.178452,1.845731,2.962802,2.332125,17.428906,97.297272,1.196291
B018,160,36.997420,7.032619,48.659250,322.016903,0.754168,0.000000,0.186268,1.847664,2.831889,2.249647,18.032165,97.179994,1.268413
B018,164,37.013505,7.039472,49.828565,320.318833,0.754687,0.000000,0.180481,1.837329,3.018533,2.010018,17.956477,96.823672,1.339968
B018,168,37.020756,7.088466,52.630213,316.615120,0.737436,0.000000,0.175880,1.957772,3.138651,2.043605,18.325150,97.016663,1.413138
B018,172,37.094803,7.086652,50.550828,322.157507,0.764539,0.000000,0.172176,1.918066,3.389854,1.920428,18.416568,96.173121,1.486034
B018,176,37.022086,7.052048,48.423441,321.425075,0.761745,0.000000,0.179003,1.912896,3.320779,1.879695,17.780542,96.744655,1.556830
B018,180,36.978263,7.032031,48.001417,322.313087,0.750756,0.000000,0.179057,1.895940,2.943249,1.711257,17.909106,96.390504,1.627878
B018,184,37.004339,7.026484,48.214980,324.114029,0.767132,0.000000,0.170765,2.012753,2.793498,1.678674,17.638015,96.121316,1.697654
B018,188,37.026193,7.106368,49.944339,317.977622,0.767474,0.000000,0.170422,1.987167,2.939601,1.485074,17.574051,95.957394,1.767059
B018,192,37.017965,7.073925,51.050225,323.695271,0.750724,0.000000,0.173865,2.004761,3.233572,1.361763,17.326928,96.057458,1.835559
B018,196,37.007921,7.073699,51.094881,318.826239,0.764893,0.000000,0.156855,2.012264,3.622008,1.366753,16.922645,95.323790,1.901950
B018,200,36.955302,7.041654,47.739879,322.548354,0.755481,0.000000,0.149911,2.072040,3.662198,1.363481,16.704765,95.591994,1.967671
B018,204,36.950398,7.047871,49.075922,318.582945,0.768966,0.000000,0.145843,2.079425,3.239213,1.186428,16.306745,94.894100,2.031357
B018,208,36.977530,7.083422,48.197377,323.239874,0.762023,0.000000,0.164137,2.124064,3.003117,1.049477,16.388452,95.054946,2.095471
B018,212,37.001316,7.113957,51.123137,321.076212,0.733429,0.000000,0.154180,2.144324,3.320398,1.003284,15.923763,95.286878,2.157919
B018,216,37.089066,7.102368,52.414882,316.742727,0.728097,0.000000,0.157111,2.173555,3.563356,0.930563,15.564277,94.546552,2.218483
B018,220,37.058808,7.098009,51.027452,319.701741,0.686949,0.000000,0.161182,2.110093,3.923807,0.958403,15.415923,94.714459,2.278577
B018,224,36.974644,7.021031,49.977231,316.577341,0.749298,0.000000,0.158888,2.114980,3.980267,0.800702,15.379856,94.039440,2.338102
B018,228,36.959116,7.018566,46.796047,323.729914,0.706690,0.000000,0.152557,2.167642,3.858271,0.816222,15.096829,94.164561,2.396610
B018,232,37.039025,7.067804,47.178761,327.086363,0.730237,0.000000,0.158298,2.163286,3.428104,0.819274,15.039801,93.494064,2.454481
B018,236,37.026065,7.084917,50.913371,318.500413,0.719736,0.000000,0.150135,2.174759,3.457122,0.641429,14.380070,94.071580,2.510156
B018,240,37.106841,7.123023,51.667139,315.251537,0.734298,0.000000,0.133678,2.160156,3.881590,0.485990,14.492489,93.736264,2.566066
B019,0,36.976514,7.152504,47.515090,304.495519,0.475083,0.000000,0.033124,0.039945,5.687659,0.222800,0.465361,98.385395,0.000000
B019,4,36.905923,7.097926,48.253285,310.731408,0.461210,0.000000,0.037888,0.000000,5.772379,0.233255,0.408815,98.187436,0.001623
B019,8,36.928076,7.082709,49.900746,298.522112,0.435027,0.000000,0.024488,0.000000,5.664267,0.102152,0.453694,98.364113,0.003428
B019,12,37.025534,7.075429,49.129848,306.045731,0.428056,0.000000,0.041964,0.000928,5.499106,0.225184,0.537470,98.206589,0.005562
B019,16,37.034209,7.143969,50.844794,305.835594,0.472386,0.000000,0.050036,0.000000,5.179183,0.263862,0.394786,98.033916,0.007128
B019,20,37.064150,7.108381,51.102386,294.761197,0.462137,0.000000,0.051351,0.000000,5.464151,0.233243,0.908715,98.076660,0.010732
B019,24,36.994334,7.070917,50.262116,302.281188,0.446664,0.000000,0.045875,0.000000,5.171575,0.262675,1.141658,98.256705,0.015268
B019,28,36.894880,7.131752,48.179725,306.170060,0.472694,0.000000,0.052503,0.013409,5.217276,0.323330,1.345214,98.463644,0.020624
B019,32,36.977444,7.032642,48.055793,305.294544,0.492876,0.000000,0.045261,0.000000,5.158817,0.285670,1.396589,98.180741,0.026169
B019,36,37.072532,7.040643,51.343123,302.904458,0.444405,0.000000,0.034405,0.001557,5.051936,0.251659,1.341269,98.319465,0.031502
B019,40,37.049848,7.162447,50.771780,304.124355,0.500928,0.000000,0.046899,0.000000,5.015412,0.537592,1.997921,98.253065,0.039440
B019,44,37.048559,7.107335,51.194742,308.785938,0.481673,0.000000,0.051804,0.020614,4.883108,0.492767,2.096164,98.295729,0.047772
B019,48,36.962248,7.082156,49.953685,296.408456,0.495863,0.000000,0.064818,1.280441,4.727580,0.445046,2.261508,98.582650,0.056788
B019,52,36.894171,7.103071,47.614950,307.459453,0.476236,0.000000,0.063149,1.309305,5.077062,0.610722,2.646207,98.251724,0.067302
B019,56,36.987258,7.103207,47.769513,312.013677,0.517946,0.000000,0.059472,1.338150,5.033561,0.483754,3.150114,98.129927,0.079803
B019,60,37.005876,7.120582,51.536852,307.682069,0.534735,0.000000,0.049490,1.408796,4.746520,0.728108,3.668511,98.187104,0.094369
B019,64,37.041353,7.094216,53.299352,305.161097,0.522735,0.000000,0.061361,1.410278,4.364621,0.760961,4.343838,98.143044,0.111609
B019,68,37.026031,7.126294,48.184764,310.601256,0.533186,0.000000,0.064108,1.427551,4.179679,0.708827,4.520878,98.312594,0.129582
B019,72,36.989167,7.092962,48.174205,307.986755,0.547261,0.000000,0.067192,1.533148,4.459857,0.952959,5.350793,98.277348,0.150848
B019,76,36.961334,7.021996,48.219648,309.024909,0.566296,0.000000,0.091449,1.452242,4.631515,1.006543,6.156922,98.103405,0.175274
B019,80,36.930678,7.039378,48.062418,310.463161,0.527320,0.000000,0.091652,1.535594,4.246613,1.238346,6.904411,98.145043,0.202676
B019,84,36.994964,7.142463,49.342066,311.503870,0.570268,0.000000,0.095528,1.451464,4.057609,1.231643,7.773484,98.311160,0.233581
B019,88,37.078932,7.096446,51.950463,309.461571,0.595469,0.000000,0.108058,1.482360,3.909521,1.364422,8.327896,98.195787,0.266650
B019,92,37.001405,7.107890,52.420443,309.769090,0.615975,0.000000,0.100547,1.541739,3.793213,1.459888,9.312147,98.314624,0.303673
B019,96,36.944701,7.005771,49.952427,311.306026,0.611116,0.000000,0.109021,1.553828,3.786374,1.769039,9.963285,98.416902,0.343326
B019,100,36.917764,7.034157,46.680111,322.917301,0.651319,0.000000,0.117931,1.577551,4.053027,1.954377,10.978380,97.538524,0.386629
B019,104,36.949382,7.019119,48.698995,318.624695,0.673886,0.000000,0.138014,1.622639,3.944497,1.865107,11.794711,98.414778,0.433569
B019,108,36.987236,7.057990,49.821583,314.204425,0.670517,0.000000,0.135873,1.630599,3.482149,2.054299,13.062077,98.187666,0.485434
B019,112,37.013991,7.063788,52.794685,316.283422,0.715987,0.000000,0.129751,1.627834,3.137951,2.023967,13.474090,97.905219,0.538781
B019,116,37.030585,7.038158,52.738613,316.117433,0.715613,0.000000,0.136362,1.636422,3.080412,2.268817,13.968735,98.405629,0.594368
B019,120,37.008835,7.035548,49.936513,318.810241,0.716166,0.000000,0.161484,1.728148,3.247133,2.266159,14.889747,98.563306,0.653716
B019,124,36.936424,7.058864,44.926659,327.560043,0.709085,0.019320,0.155921,1.705801,3.480840,2.554297,16.119445,98.156269,0.717700
B019,128,36.971010,7.027342,46.818393,328.478553,0.741131,0.000000,0.160668,1.740177,3.410562,2.560995,16.618284,98.170337,0.783673
B019,132,37.082450,7.067166,50.113078,321.431913,0.729833,0.000000,0.154637,1.691302,3.344072,2.668887,16.795945,97.440684,0.849856
B019,136,37.000259,7.078029,53.529266,322.829478,0.765994,0.000000,0.174309,1.735805,2.682318,2.706261,17.415866,97.455798,0.918492
B019,140,37.052571,7.070490,50.189842,324.400493,0.819618,0.000000,0.161852,1.810359,2.662024,2.964427,18.093832,96.996695,0.989465
B019,144,36.990657,7.043535,51.081753,322.117565,0.776360,0.000000,0.185963,1.765629,2.944565,2.770615,18.199790,97.343411,1.061108
B019,148,37.012072,7.069690,47.848517,323.566088,0.778065,0.000000,0.183219,1.833453,3.451653,2.728225,18.938953,96.896980,1.135319
B019,152,36.937586,6.983711,51.002036,324.535270,0.773703,0.000000,0.187281,1.783721,3.376979,2.789039,19.193905,97.062140,1.210657
B019,156,37.028137,7.028586,49.694253,321.293093,0.783657,0.000000,0.183210,1.916096,2.998271,2.542454,19.457910,96.797942,1.286823
B019,160,37.098040,7.053263,52.078251,321.614385,0.815948,0.000000,0.187385,1.838807,2.564966,2.501533,19.749463,96.323919,1.363752
B019,164,37.042053,7.118316,53.983770,327.352552,0.829010,0.000000,0.182234,1.879850,2.509269,2.466359,20.234703,96.661772,1.442848
B019,168,37.012098,7.022189,49.792631,321.941333,0.806810,0.000000,0.190558,1.900950,2.894720,2.186021,20.145979,96.817015,1.521724
B019,172,36.898577,7.038889,46.564043,332.885105,0.827865,0.000000,0.176246,1.905837,3.157216,2.113350,19.854634,96.657587,1.599330
B019,176,36.917790,7.022274,49.177631,321.144562,0.849675,0.000000,0.196666,1.932941,3.216965,1.910681,19.703039,96.716405,1.676391
B019,180,36.983198,7.122501,50.104035,324.374681,0.763030,0.000000,0.199755,1.894335,3.027069,1.790290,19.375086,96.128269,1.751709
B019,184,37.096884,7.096317,51.932389,325.160530,0.814858,0.000000,0.181751,1.948934,2.823548,1.699177,19.152865,96.234456,1.826245
B019,188,37.066620,7.066450,49.642619,325.241912,0.789053,0.000000,0.178626,2.001726,2.837872,1.539879,18.598305,95.826423,1.898316
B019,192,37.027142,7.088934,47.289296,325.324089,0.781003,0.000000,0.178848,2.023372,3.047743,1.405187,18.338277,95.959463,1.969478
B019,196,36.912411,7.058167,46.434601,327.504023,0.784667,0.000000,0.169474,2.015589,3.474210,1.317504,18.103628,95.748887,2.039575
B019,200,36.933330,7.088188,46.090939,325.734487,0.757432,0.000000,0.174363,2.086044,3.537637,1.162642,17.467697,95.413098,2.106973
B019,204,37.003013,7.118346,50.386049,320.008647,0.756837,0.000000,0.167763,2.043319,3.215704,1.040472,17.317649,95.304943,2.173716
B019,208,37.037051,7.140384,52.708008,316.545118,0.742142,0.000000,0.170295,2.082441,2.929125,1.123121,16.990935,95.317832,2.239208
B019,212,37.079944,7.131623,51.007953,319.413314,0.759040,0.000000,0.158271,2.119330,3.007822,0.936789,16.568430,95.028954,2.302879
B019,216,37.004294,7.077259,48.071722,322.086582,0.745175,0.000000,0.156333,2.164044,3.483837,0.950386,16.369637,94.589066,2.365494
B019,220,36.946899,7.055427,46.961507,319.777413,0.717096,0.000000,0.152092,2.060631,4.052233,0.887766,15.583821,94.226221,2.424875
B019,224,36.991799,7.105029,46.910987,325.305352,0.738023,0.000000,0.140056,2.154101,3.857841,0.802907,15.407092,94.529891,2.483772
B019,228,36.943391,7.096670,49.687592,316.858322,0.754589,0.000000,0.147617,2.172492,3.828993,0.702239,15.261111,94.339705,2.541993
B019,232,37.061870,7.117050,52.010031,321.618301,0.734821,0.000000,0.138499,2.156900,3.357485,0.747632,14.872706,93.803756,2.598411
B019,236,37.001382,7.035543,51.396744,315.297375,0.706971,0.000000,0.140383,2.187538,3.280378,0.710715,14.389205,93.470779,2.652800
B019,240,36.990422,7.085566,48.488302,319.918161,0.699813,0.000000,0.141014,2.232013,3.749601,0.543793,14.697066,93.350407,2.708282
B020,0,37.057382,7.099403,50.299153,305.025463,0.465009,0.000000,0.035084,0.004436,5.742676,0.205428,0.566906,97.952682,0.000000
B020,4,37.053126,7.120944,53.223099,294.964536,0.486521,0.000000,0.046790,0.000000,5.716153,0.147920,0.823679,98.032647,0.003020
B020,8,37.043416,7.131526,51.588321,302.823122,0.473286,0.000000,0.036652,0.000000,5.354936,0.133697,1.072180,98.337668,0.006964
B020,12,37.015265,7.097126,49.536023,303.257454,0.448454,0.000000,0.052630,0.029747,5.459256,0.200783,0.970986,98.432373,0.010539
B020,16,36.956473,7.103992,48.159309,311.308188,0.495992,0.000000,0.037968,0.049803,5.423635,0.388830,0.883048,97.884568,0.013772
B020,20,37.014006,7.060427,49.496795,297.204059,0.472616,0.000000,0.036210,0.000000,5.357577,0.262686,0.900869,98.433149,0.017089
B020,24,37.036031,7.078598,49.773872,302.375728,0.474717,0.000000,0.044231,0.034592,5.274570,0.277000,1.319061,97.833619,0.021917
B020,28,37.032960,7.123453,50.317911,299.350206,0.473536,0.000000,0.031634,0.000000,5.250332,0.301221,1.209415,98.384688,0.026367
B020,32,37.076685,7.029548,51.282595,296.843989,0.472464,0.000000,0.039420,0.000000,5.031737,0.400199,1.733131,98.125210,0.032729
B020,36,36.997634,7.107962,49.610494,303.004048,0.460812,0.000000,0.045262,0.035768,4.861187,0.249416,1.892016,98.227025,0.039680
B020,40,36.953387,7.090018,50.254562,304.194624,0.510708,0.000000,0.038985,0.000000,5.093801,0.502273,2.345192,98.084830,0.048285
B020,44,36.910746,7.099199,49.349198,307.986835,0.507721,0.000000,0.043671,0.000000,4.603969,0.612051,2.570257,98.803241,0.057784
B020,48,36.999964,7.084666,46.841565,305.602115,0.540065,0.000000,0.064988,1.365401,4.713561,0.555786,2.808605,98.519169,0.068134
B020,52,37.046344,7.042031,50.897403,304.924143,0.515851,0.000000,0.076908,1.346242,5.010778,0.533912,2.799087,98.099243,0.078405
B020,56,37.066694,7.084344,51.247365,306.723785,0.548933,0.000000,0.062112,1.422304,4.790803,0.608798,3.260827,98.276161,0.090392
B020,60,37.008994,7.102553,51.055453,300.916907,0.536842,0.000000,0.057075,1.444428,4.664627,0.723638,4.094536,98.321695,0.105450
B020,64,36.962082,7.056872,49.747441,305.991119,0.538354,0.000000,0.060217,1.387752,4.174387,0.778120,4.627101,98.298108,0.122464
B020,68,36.913859,7.030737,49.157849,305.198551,0.550206,0.000000,0.061372,1.419953,4.263994,0.841109,5.113010,98.678658,0.141336
B020,72,36.998107,7.044074,49.029759,311.392693,0.544959,0.000000,0.068249,1.466060,4.504943,1.064116,5.923037,98.360336,0.163128
B020,76,37.051410,7.063145,49.774861,316.713499,0.581145,0.000000,0.088951,1.446654,4.521215,1.042371,6.503856,97.784716,0.186917
B020,80,37.013911,7.030301,53.746754,308.170211,0.595258,0.000000,0.099080,1.474323,4.474752,1.164902,7.207495,98.408088,0.213448
B020,84,36.992099,7.074248,50.744762,307.293065,0.592157,0.000000,0.100353,1.499474,4.145322,1.333404,7.890863,97.829094,0.242323
B020,88,36.996513,7.080654,49.818573,307.157542,0.607406,0.000000,0.097906,1.514352,3.657415,1.477044,8.579553,98.363757,0.273890
B020,92,36.986305,7.137296,49.603539,311.194387,0.649553,0.000000,0.098212,1.526633,3.419201,1.605868,9.756775,97.999398,0.309656
B020,96,36.941555,7.054102,49.660757,319.290890,0.618502,0.000000,0.103967,1.570170,3.737202,1.450559,10.159333,98.202017,0.346974
B020,100,37.078762,7.059907,53.542143,314.748423,0.659283,0.000000,0.114593,1.641356,4.309168,1.662437,10.895792,97.973007,0.386904
B020,104,37.030907,7.097104,52.244852,305.352102,0.675118,0.000000,0.124106,1.615509,3.930617,2.006733,12.435234,97.984952,0.432481
B020,108,36.952951,7.062752,51.884952,319.327289,0.674132,0.000000,0.135090,1.625800,3.584199,2.217525,12.868450,98.377160,0.479834
B020,112,37.030757,7.005072,46.013742,323.848011,0.686675,0.000000,0.126627,1.633356,3.049901,2.118014,13.640903,98.516722,0.530102
B020,116,36.957586,7.032102,48.047837,320.491505,0.721751,0.000000,0.141932,1.615638,2.969721,2.331213,14.770220,98.480199,0.584510
B020,120,36.941553,7.021910,48.411203,318.466133,0.706316,0.000000,0.139630,1.745131,3.404256,2.380482,15.153962,97.614224,0.639842
B020,124,37.024523,7.080976,52.990907,320.161592,0.720571,0.000000,0.163746,1.700063,3.527183,2.608910,16.234619,97.804734,0.699235
B020,128,36.993143,7.090807,51.762324,318.200546,0.758217,0.000000,0.174888,1.722170,3.558017,2.758311,16.955532,97.858165,0.761299
B020,132,37.025137,7.078100,51.105575,321.872921,0.760353,0.000000,0.163776,1.742505,2.976076,2.810587,17.494060,98.023481,0.825443
B020,136,36.917487,7.092928,49.402554,326.006500,0.771544,0.000000,0.168143,1.757339,2.837759,2.976377,17.895293,97.987503,0.891034
B020,140,36.923685,7.021248,47.799476,325.295932,0.813327,0.000000,0.175672,1.740270,2.973290,2.846425,18.371234,97.283481,0.957885
B020,144,36.992291,7.030163,48.895000,324.098220,0.808254,0.000000,0.175478,1.822950,2.901861,3.015901,19.357101,96.848680,1.028009
B020,148,37.012601,7.007281,53.104491,319.455549,0.811503,0.000000,0.172194,1.815268,3.362739,2.843018,19.459352,96.864440,1.098515
B020,152,37.159945,7.059390,51.335598,325.794044,0.816543,0.000000,0.187411,1.794786,3.329167,2.794554,19.883440,97.069538,1.170710
B020,156,36.975096,7.122242,49.269055,329.720147,0.768946,0.000000,0.196897,1.817476,2.717336,2.675406,20.452618,96.838536,1.244795
B020,160,36.966125,7.040839,48.961489,322.204003,0.849854,0.000000,0.195212,1.849985,2.579922,2.473343,20.839952,97.116580,1.320500
B020,164,36.982986,6.987080,46.223632,333.635462,0.817577,0.000000,0.205724,1.857007,2.354380,2.532134,21.118851,96.706087,1.396894
B020,168,37.006334,7.045506,50.462097,327.067148,0.834266,0.000000,0.186061,1.852223,2.873646,2.350797,21.656575,96.772644,1.475286
B020,172,37.085390,7.056405,51.708877,322.473882,0.834258,0.000000,0.197970,1.936193,3.186361,2.124085,20.965573,96.485987,1.550953
B020,176,37.158684,7.082767,52.278691,329.315481,0.812302,0.000000,0.197523,1.911079,3.176842,2.133526,20.869182,96.917645,1.626609
B020,180,36.993665,7.037442,52.563766,330.233713,0.830828,0.000000,0.179841,1.935320,2.894083,1.931628,20.369052,96.094655,1.699824
B020,184,36.942322,7.078182,49.301930,325.333670,0.810694,0.000000,0.185607,1.972625,2.820872,1.956701,20.471206,96.384193,1.773629
B020,188,36.908647,7.074305,47.130301,328.701283,0.803185,0.000000,0.188274,1.905766,2.654993,1.677712,20.089004,95.850548,1.845654
B020,192,36.958801,7.086181,49.068580,324.020107,0.800052,0.000000,0.191039,1.986367,3.037390,1.532568,19.399816,96.163801,1.915436
B020,196,37.048949,7.090258,50.873030,322.275209,0.802299,0.000000,0.174547,2.054983,3.339778,1.406138,19.462928,95.536366,1.984988
B020,200,37.029263,7.113281,53.504334,321.185745,0.753373,0.000000,0.170045,1.974600,3.406323,1.407287,18.885179,95.797857,2.052660
B020,204,37.001441,7.010075,50.871128,319.562001,0.789087,0.000000,0.176614,2.049561,3.049794,1.216167,18.313788,95.487692,2.118072
B020,208,36.950268,7.077113,48.007102,327.728797,0.757668,0.000000,0.169560,2.079912,2.692309,1.190517,18.242830,94.945937,2.182862
B020,212,36.951781,7.042249,50.614210,316.502346,0.761565,0.000000,0.179953,2.052302,3.005273,1.220352,17.958491,94.881910,2.246598
B020,216,37.029046,7.039951,49.180841,320.240133,0.788558,0.000000,0.156159,2.071104,3.424608,0.973971,17.363219,94.719159,2.308116
B020,220,37.025424,7.058859,51.529974,321.655512,0.740810,0.000000,0.158003,2.147681,3.721483,1.024135,17.109672,94.662888,2.368699
B020,224,37.048297,7.097551,53.840297,324.378227,0.779748,0.000000,0.162626,2.150820,3.773076,0.793158,17.175715,94.207851,2.429224
B020,228,37.046596,7.096281,51.460177,318.565084,0.747568,0.000000,0.169981,2.185919,3.650401,0.918072,16.319088,94.168589,2.486707
B020,232,36.941934,7.019535,47.401422,325.600475,0.751304,0.000000,0.160981,2.187266,3.207824,0.711560,16.293951,93.820989,2.543889
B020,236,36.963508,7.110632,45.628598,328.317583,0.736010,0.006685,0.159784,2.196709,3.407474,0.715130,15.905633,94.125115,2.599889
B020,240,36.910446,7.088342,49.214906,318.112579,0.708977,0.000000,0.153738,2.186473,3.709399,0.727388,15.380316,93.983127,2.653958
B021,0,36.978375,7.090160,50.132148,298.372901,0.441693,0.000000,0.029531,0.000000,5.582509,0.143361,0.370866,98.468092,0.000000
B021,4,37.027156,7.152594,50.641502,304.146994,0.485994,0.000000,0.048067,0.026216,5.620022,0.044080,0.549741,98.401657,0.001712
B021,8,37.074144,7.089983,51.277130,291.238619,0.446013,0.000000,0.045824,0.030024,5.925243,0.227923,0.554295,98.544424,0.003440
B021,12,37.080528,7.104571,52.100035,299.986038,0.456205,0.000000,0.053275,0.000000,5.280638,0.230511,0.754354,98.386006,0.005789
B021,16,36.969767,7.061060,49.609445,303.986333,0.462099,0.000000,0.035935,0.006572,5.631031,0.214776,0.781322,98.178801,0.008216
B021,20,36.939325,7.118050,47.374240,303.428789,0.474200,0.000000,0.053577,0.022833,5.395028,0.180625,1.185638,98.538136,0.011913
B021,24,37.006242,7.138462,48.680480,303.583872,0.490109,0.000000,0.046718,0.035759,5.377310,0.389355,1.331327,98.148113,0.016048
B021,28,37.030286,7.123420,49.234069,305.393178,0.513236,0.000000,0.037877,0.011386,5.203426,0.418618,1.644584,98.671236,0.021183
B021,32,37.103175,7.114346,54.782243,301.115875,0.486295,0.000000,0.043986,0.000000,5.016210,0.321120,1.494918,97.900423,0.025814
B021,36,37.058111,7.093987,49.529540,304.374413,0.501335,0.000000,0.059843,0.050550,4.812986,0.372724,2.112223,98.167079,0.032375
B021,40,36.971747,7.088024,48.193384,310.151523,0.455828,0.000000,0.062069,0.053551,4.712107,0.573838,2.425160,98.100906,0.039904
B021,44,36.950829,7.121237,47.972248,306.659411,0.502053,0.000000,0.041934,0.011564,4.784760,0.477079,3.154799,98.125994,0.049700
B021,48,36.991579,7.101316,49.171163,307.054278,0.510205,0.000000,0.053125,1.383924,4.584227,0.618716,3.229667,98.064740,0.059722
B021,52,37.030224,7.114315,51.721607,309.701217,0.477346,0.000000,0.059348,1.401950,4.929720,0.695318,4.011509,97.844241,0.072142
B021,56,36.999568,7.043009,52.181244,304.451377,0.516269,0.000000,0.071370,1.398481,4.789764,0.724103,4.115863,97.669511,0.084863
B021,60,36.979265,7.058928,52.291935,309.620495,0.532842,0.000000,0.060936,1.385740,4.438484,0.812718,4.914910,98.256577,0.100144
B021,64,36.970197,7.089615,48.467966,310.242104,0.551047,0.000000,0.069405,1.453537,4.016401,0.864753,5.432519,98.406929,0.117061
B021,68,36.926963,7.070406,47.430876,310.265265,0.561780,0.000000,0.079471,1.444063,4.116368,0.977512,6.372007,98.156071,0.136852
B021,72,36.981741,7.094430,48.618373,313.238486,0.576758,0.000000,0.087279,1.433148,4.417261,1.088641,7.095851,98.445841,0.158957
B021,76,37.014281,7.113105,50.023325,305.641813,0.596259,0.000000,0.107732,1.460544,4.429195,1.213229,7.586494,97.871801,0.182453
B021,80,36.955389,7.120409,52.916991,308.351900,0.599056,0.000000,0.091675,1.505200,4.192714,1.302868,8.202640,97.878549,0.207858
B021,84,37.002280,7.076737,51.713295,311.447305,0.615314,0.000000,0.088261,1.486820,3.854270,1.457377,8.787359,98.435504,0.235230
B021,88,36.995994,7.112423,48.194416,309.693752,0.623896,0.000000,0.106447,1.555546,3.570370,1.477850,10.085883,98.435518,0.266646
B021,92,36.983128,7.082658,46.325189,322.844415,0.661795,0.000000,0.117306,1.518031,3.548020,1.583669,10.222695,98.405852,0.298479
B021,96,37.009663,7.087301,48.173756,322.350103,0.663609,0.000000,0.124827,1.541926,3.456500,1.741918,11.298041,98.180577,0.333580
B021,100,37.011781,7.097925,50.661061,315.823791,0.661363,0.000000,0.120590,1.612938,3.981475,1.972203,11.976082,98.130233,0.370768
B021,104,37.050393,7.080260,51.944820,312.812579,0.684180,0.000000,0.134867,1.590842,3.789343,2.042906,13.055300,97.878725,0.411203
B021,108,37.065862,6.997750,51.065021,320.405015,0.689963,0.000000,0.137095,1.618994,3.335498,2.190963,13.755504,98.323182,0.454001
B021,112,36.969718,7.065122,49.010309,327.669409,0.710410,0.000000,0.137777,1.557978,3.211990,2.268535,14.115017,97.750468,0.497661
B021,116,36.939334,7.008985,50.043733,313.507750,0.717467,0.000000,0.137520,1.645410,3.333615,2.354132,14.616224,98.303925,0.543128
B021,120,36.946474,7.051313,50.424984,317.495242,0.717160,0.000000,0.138170,1.726757,3.353062,2.462714,15.201557,97.587395,0.590071
B021,124,37.009123,7.048661,51.213245,316.727092,0.732723,0.000000,0.159363,1.672637,3.555677,2.442937,15.605516,98.032298,0.638481
B021,128,37.093254,7.082646,50.927180,316.199077,0.734277,0.000000,0.145657,1.714359,3.567562,2.513193,15.895005,98.210331,0.687879
B021,132,37.040196,7.045293,50.761048,317.795126,0.710962,0.000000,0.153411,1.751416,3.511611,2.639647,16.548390,97.617439,0.738996
B021,136,36.948601,7.056843,50.133353,327.482885,0.766794,0.000000,0.153754,1.772234,2.858634,2.615331,16.800608,97.644957,0.790908
B021,140,36.951166,7.074525,44.634626,326.671617,0.725732,0.024577,0.157786,1.721944,2.834465,2.677143,17.005532,97.635477,0.843447
B021,144,36.969082,7.024958,49.177269,321.113962,0.754902,0.000000,0.158070,1.826867,3.158017,2.675141,16.971994,97.258178,0.895680
B021,148,37.047609,6.996775,49.260075,321.005646,0.795318,0.000000,0.171583,1.791868,3.657445,2.689915,17.840099,97.357301,0.950641
B021,152,37.077075,7.064663,52.455133,314.427505,0.781315,0.000000,0.164759,1.838916,3.558499,2.451337,17.795856,97.192478,1.005373
B021,156,37.013644,7.026848,51.656655,317.609315,0.775323,0.000000,0.154450,1.895127,3.052204,2.316089,17.624867,97.156858,1.059559
B021,160,36.935946,7.038833,49.887626,317.994764,0.758531,0.000000,0.166129,1.874230,3.113054,2.139498,17.820189,97.206468,1.114373
B021,164,36.965399,7.023796,46.841481,330.598699,0.762823,0.000000,0.171259,1.860515,2.594572,2.117232,18.675023,96.935550,1.171657
B021,168,36.916731,7.038324,50.215801,319.890594,0.770890,0.000000,0.170935,1.894866,3.333844,2.095067,18.140270,96.498985,1.227050
B021,172,37.020655,7.055366,52.457910,318.352818,0.752819,0.000000,0.175220,1.918877,3.300511,1.912102,17.935884,96.252018,1.281679
B021,176,37.098075,7.109858,50.524466,317.287984,0.759902,0.000000,0.170088,1.920074,3.516303,1.771973,17.527656,96.241779,1.335058
B021,180,36.984302,7.093708,51.083738,323.158986,0.763247,0.000000,0.163219,1.891218,3.345570,1.651521,17.217356,96.112478,1.387423
B021,184,37.091649,7.080246,50.789078,319.336496,0.746043,0.000000,0.157855,2.051643,2.851290,1.602489,17.168251,96.107023,1.439634
B021,188,36.956154,7.091248,49.513392,324.618070,0.778317,0.000000,0.165705,1.963720,2.975666,1.474145,16.972616,95.746740,1.491058
B021,192,36.991977,7.100250,47.157979,326.119919,0.737093,0.000000,0.155251,2.001367,3.386934,1.395239,16.610310,95.816902,1.541420
B021,196,37.075632,7.092356,51.280332,314.434097,0.724123,0.000000,0.161144,1.979025,3.633516,1.187449,16.529797,95.632517,1.591442
B021,200,37.069658,7.089509,52.652570,318.069330,0.747179,0.000000,0.148183,1.985451,3.793542,1.151220,15.895683,95.744250,1.639601
B021,204,37.069729,7.122980,50.421623,323.076074,0.708210,0.000000,0.155510,2.061738,3.456395,0.972456,15.717939,95.758127,1.687229
B021,208,36.995509,7.074321,47.324301,327.655548,0.733557,0.000000,0.152830,2.057398,3.264533,0.973086,15.819401,94.989767,1.734780
B021,212,36.947918,7.085583,48.738184,319.763584,0.742795,0.000000,0.160694,2.138584,3.195497,0.945254,15.059066,94.655373,1.779885
B021,216,36.966752,7.109303,46.891848,327.857360,0.752436,0.000000,0.134386,2.085045,3.527262,0.823298,14.955755,94.657532,1.824682
B021,220,37.075782,7.052385,51.507231,316.067695,0.675730,0.000000,0.162202,2.115845,4.059171,0.802934,14.710859,94.307368,1.868583
B021,224,36.993323,7.081339,53.263105,314.452180,0.733958,0.000000,0.144887,2.156346,4.287015,0.662412,14.384645,94.303271,1.911508
B021,228,36.997987,7.076584,51.043871,314.350461,0.698389,0.000000,0.151752,2.149465,3.736181,0.731006,14.180822,94.574402,1.953947
B021,232,36.977306,7.084670,46.934494,322.895944,0.704046,0.000000,0.131229,2.198899,3.444416,0.571952,13.517648,93.799872,1.994070
B021,236,36.901327,7.066289,49.302005,316.804180,0.695403,0.000000,0.135470,2.172264,3.634695,0.629355,13.869636,93.840873,2.035256
B021,240,36.934310,7.101721,49.349411,316.984786,0.696462,0.000000,0.127483,2.193969,4.045406,0.610748,12.876476,93.742483,2.073452
B022,0,37.007023,7.110756,49.582288,302.454811,0.471354,0.000000,0.035459,0.000000,5.521878,0.302101,0.898468,99.037850,0.000000
B022,4,36.946715,7.091359,46.994077,309.628637,0.495101,0.000000,0.036062,0.000000,5.543809,0.122115,0.548476,98.701012,0.002157
B022,8,36.928027,7.107873,47.522839,312.272235,0.454034,0.000000,0.032961,0.012521,5.761522,0.190623,0.698850,98.250534,0.004893
B022,12,36.976620,7.084115,47.932114,301.274598,0.474709,0.000000,0.045235,0.000000,5.530476,0.303327,0.744872,98.294223,0.007810
B022,16,37.092757,7.057520,52.496880,302.649538,0.450438,0.000000,0.035547,0.050121,5.475595,0.159358,1.000139,98.144601,0.011720
B022,20,37.076478,7.118171,53.024784,303.637872,0.492278,0.000000,0.034569,0.044093,5.399940,0.299675,1.181832,98.216897,0.016345
B022,24,36.961151,7.097512,52.824554,299.915912,0.490429,0.000000,0.063358,0.000000,5.358072,0.264957,1.375736,98.098001,0.021722
B022,28,37.008515,7.072520,50.636304,304.162272,0.449435,0.000000,0.026513,0.000000,5.007562,0.380969,1.398486,98.117058,0.027189
B022,32,36.952380,7.113379,48.217163,307.201669,0.499647,0.000000,0.058055,0.000000,5.040309,0.313150,1.714713,98.120566,0.033892
B022,36,36.996258,7.108419,48.525900,310.659342,0.468447,0.000000,0.049665,0.000000,4.765269,0.431804,1.664706,97.959546,0.040390
B022,40,36.970238,7.073298,48.767026,309.357991,0.506058,0.000000,0.052784,0.000000,4.926113,0.483048,2.126919,98.226620,0.048713
B022,44,37.045217,7.101984,50.028826,308.409933,0.486893,0.000000,0.066956,0.002791,4.672197,0.392461,2.161152,98.346638,0.057182
B022,48,37.007949,7.118124,51.268983,305.551707,0.490763,0.000000,0.056035,1.329063,4.672872,0.425898,2.623738,97.639942,0.067388
B022,52,36.952162,7.074588,47.735320,314.407713,0.483360,0.000000,0.057570,1.384515,4.722877,0.575973,3.017434,98.483053,0.079228
B022,56,36.888894,7.064499,45.945027,311.548045,0.470342,0.000990,0.054035,1.417825,5.069945,0.658113,3.737817,98.131009,0.093842
B022,60,37.000805,7.074581,48.394666,307.472856,0.538183,0.000000,0.067137,1.413327,4.431555,0.691707,4.116462,98.181070,0.109945
B022,64,36.992483,7.024269,50.923554,305.988081,0.526830,0.000000,0.053719,1.462059,4.163932,0.639982,4.627896,98.250505,0.128061
B022,68,37.086772,7.056131,51.698795,299.231025,0.524244,0.000000,0.076289,1.440152,4.239322,0.788440,4.894362,98.463947,0.147261
B022,72,37.050122,7.082781,51.158541,310.406101,0.562499,0.000000,0.067247,1.437763,4.396064,0.958362,5.766395,98.039338,0.169785
B022,76,36.937748,7.097624,47.104099,321.625132,0.586796,0.000000,0.080015,1.482289,4.492683,1.044489,6.438139,98.515489,0.195055
B022,80,36.987568,7.079710,47.016353,314.700009,0.556257,0.000000,0.082590,1.415314,4.550334,1.055572,6.800895,98.533904,0.221754
B022,84,36.996745,7.110518,48.097116,315.794226,0.570893,0.000000,0.068437,1.456156,4.214950,1.370508,7.841995,98.133454,0.252415
B022,88,37.023024,7.057319,51.126848,313.976929,0.602402,0.000000,0.083064,1.476478,3.759140,1.337402,8.187492,98.132184,0.284427
B022,92,37.064493,7.095188,51.239441,309.825214,0.603315,0.000000,0.109539,1.523947,3.690878,1.569995,9.139020,98.581939,0.320322
B022,96,37.003865,7.059786,49.884641,309.369988,0.593276,0.000000,0.130398,1.568058,3.910013,1.532741,9.526892,98.322489,0.357643
B022,100,37.014080,7.091418,50.174331,311.848311,0.636941,0.000000,0.121291,1.561945,4.199577,1.817832,10.814858,98.491167,0.400081
B022,104,36.979806,7.071977,48.289870,320.743517,0.657733,0.000000,0.116058,1.569276,3.966515,1.673659,11.286204,98.093403,0.444190
B022,108,36.968323,7.093753,48.505741,314.605470,0.643956,0.000000,0.140473,1.578433,3.636061,1.865759,12.248483,98.034845,0.492032
B022,112,36.999527,7.052672,50.230340,313.993214,0.666589,0.000000,0.121705,1.599436,3.118489,2.105461,12.937885,97.906682,0.542500
B022,116,37.093689,7.037738,49.820608,316.405063,0.708844,0.000000,0.135053,1.676000,3.273174,2.212295,13.588887,98.835491,0.596011
B022,120,37.047932,7.088798,53.087866,317.909759,0.719630,0.000000,0.141147,1.683889,3.536021,2.188172,14.354702,97.835838,0.651965
B022,124,36.975459,7.007671,47.874150,321.186083,0.730972,0.000000,0.137136,1.743329,3.732948,2.401554,14.907917,98.152426,0.710264
B022,128,36.925207,7.031994,47.566579,322.074389,0.707676,0.000000,0.142108,1.705915,3.689445,2.445909,15.384070,97.692912,0.770143
B022,132,36.925315,7.073335,49.678643,319.272087,0.728693,0.000000,0.152610,1.716704,3.465015,2.458612,16.024582,97.519102,0.832405
B022,136,37.013355,7.105248,49.373518,321.158800,0.761260,0.000000,0.163101,1.829973,2.929979,2.715373,16.867257,97.801291,0.898130
B022,140,37.102751,7.060177,53.600843,317.607787,0.780578,0.000000,0.174569,1.772660,3.024183,2.572587,17.072993,97.569885,0.964499
B022,144,37.078764,7.042949,49.993438,319.970948,0.758334,0.000000,0.168213,1.800237,3.216918,2.702440,17.633793,97.452797,1.032967
B022,148,36.928882,7.045332,50.449808,316.610499,0.783180,0.000000,0.164349,1.738340,3.351789,2.544100,17.815706,97.491324,1.102167
B022,152,36.904673,7.011551,47.181179,330.458825,0.796301,0.000000,0.188328,1.730545,3.565318,2.597762,18.557404,97.178626,1.174018
B022,156,36.918244,7.102167,48.994453,324.500573,0.764158,0.000000,0.197152,1.894478,2.942530,2.483175,18.994289,96.973000,1.247405
B022,160,36.994334,7.084534,48.240215,321.674375,0.793069,0.000000,0.173007,1.812976,2.659244,2.470516,19.304662,96.665700,1.321754
B022,164,37.065431,7.050005,52.909830,323.897374,0.828384,0.000000,0.181610,1.856478,2.766019,2.298007,19.562311,97.069212,1.397410
B022,168,37.080191,7.086435,51.588154,325.036466,0.807591,0.000000,0.174411,1.918000,3.049494,2.254650,20.065617,96.828802,1.474820
B022,172,37.016888,7.023059,48.653545,322.662884,0.817063,0.000000,0.167570,1.884004,3.449107,2.063534,19.518669,96.573661,1.549922
B022,176,36.997019,7.008409,48.172423,325.215360,0.832495,0.000000,0.176157,1.858418,3.347147,2.034008,19.373564,96.459922,1.624378
B022,180,36.982402,7.104708,47.769757,326.182527,0.785048,0.000000,0.171104,1.952185,3.127971,1.898651,19.037147,96.442662,1.697528
B022,184,37.110173,7.057450,52.720825,322.535383,0.796495,0.000000,0.183766,1.952223,2.615000,1.747491,18.691517,95.928083,1.768967
B022,188,36.962721,7.094001,52.156844,322.359322,0.775133,0.000000,0.177319,1.928149,2.945926,1.627339,18.489146,95.857454,1.839580
B022,192,37.024959,7.102477,50.127677,322.796952,0.772676,0.000000,0.176501,2.028113,3.257086,1.541467,18.176359,96.058642,1.909144
B022,196,36.954299,7.049909,53.760893,323.952344,0.785443,0.000000,0.166416,2.039786,3.468994,1.396919,17.881709,95.128962,1.976918
B022,200,36.944961,7.070726,45.964610,330.786761,0.786043,0.000637,0.182519,2.025892,3.517335,1.324916,17.432757,95.486340,2.043239
B022,204,36.983875,7.057020,51.245176,326.130059,0.755894,0.000000,0.148522,2.023220,3.426764,1.276647,17.469036,95.184508,2.109488
B022,208,36.976262,7.129124,51.873358,320.000750,0.746781,0.000000,0.156280,2.067307,2.960343,0.953969,17.053672,95.189668,2.174165
B022,212,37.065140,7.107019,51.883048,318.913649,0.772244,0.000000,0.167768,2.108797,2.957027,1.091549,16.501534,94.964435,2.236600
B022,216,36.997711,7.096076,50.937284,317.850559,0.768338,0.000000,0.153534,2.046686,3.556141,0.822519,16.135711,94.929613,2.297628
B022,220,37.023288,7.094672,47.709810,319.983153,0.737071,0.000000,0.154512,2.139733,3.881602,1.054465,15.751004,94.523573,2.356947
B022,224,36.975055,7.113972,47.449145,324.221056,0.733940,0.000000,0.135006,2.169196,3.795561,0.740031,15.432569,94.319226,2.414940
B022,228,36.945683,7.088832,48.310738,322.154498,0.703586,0.000000,0.162564,2.211155,3.757224,0.724040,14.994059,93.975255,2.471081
B022,232,37.091612,7.059656,49.860316,320.464107,0.734948,0.000000,0.147968,2.182251,3.444886,0.725403,14.304477,93.887664,2.524589
B022,236,37.035621,7.076286,51.113115,314.849409,0.697441,0.000000,0.139696,2.210517,3.412417,0.695369,14.414160,93.702616,2.578402
B022,240,37.017207,7.082045,50.694661,311.098830,0.713453,0.000000,0.140027,2.185279,3.837967,0.653965,14.138236,93.694792,2.631180
B023,0,36.876207,7.097473,47.833967,299.264108,0.466958,0.000000,0.035890,0.000000,5.677955,0.161535,0.605656,98.276778,0.000000
B023,4,36.971064,7.142821,51.382645,300.991338,0.459577,0.000000,0.039187,0.071193,5.674994,0.212508,0.423963,98.350201,0.001563
B023,8,37.021494,7.118719,51.436583,300.902521,0.433022,0.000000,0.044413,0.000000,5.807891,0.128734,0.449904,98.538938,0.003225
B023,12,37.065552,7.098765,49.553743,299.861139,0.444759,0.000000,0.045057,0.004654,5.473546,0.098549,0.527403,98.012704,0.005163
B023,16,37.018055,7.061826,50.282937,295.084138,0.484521,0.000000,0.048848,0.004412,5.329473,0.106789,0.643662,97.926161,0.007526
B023,20,36.967630,7.121093,47.458325,304.519658,0.434285,0.000000,0.037922,0.017268,5.330766,0.196383,0.621497,98.256431,0.009815
B023,24,36.948544,7.080117,46.566182,314.089772,0.496839,0.000000,0.032189,0.000000,5.184090,0.093045,0.493130,98.099931,0.011629
B023,28,36.966898,7.093242,48.596061,303.114736,0.450140,0.000000,0.033600,0.048517,5.144118,0.087523,0.590363,97.798840,0.013793
B023,32,37.129127,7.105606,52.257708,301.838545,0.483651,0.000000,0.036905,0.090319,5.322211,0.157591,0.801680,97.971364,0.016738
B023,36,37.053334,7.146542,53.658366,298.391920,0.471361,0.000000,0.032201,0.013261,5.088670,0.311741,1.023244,98.053698,0.020499
B023,40,36.999820,7.069399,50.851951,300.172830,0.470675,0.000000,0.039181,0.010815,5.239627,0.158782,0.807728,98.502008,0.023482
B023,44,37.005233,7.081907,49.134422,299.080930,0.441671,0.000000,0.042284,0.000000,4.820941,0.325477,1.241342,98.294820,0.028056
B023,48,36.935139,7.118168,46.171336,314.024764,0.481493,0.000000,0.044585,1.352426,4.760606,0.379500,1.517123,98.090715,0.033635
B023,52,36.970430,7.085534,49.457926,301.052859,0.495794,0.000000,0.048425,1.383868,5.244002,0.424765,1.684283,98.052716,0.039826
B023,56,37.088153,7.102560,50.020149,300.355571,0.476442,0.000000,0.050254,1.348558,5.121757,0.210139,1.589016,98.072411,0.045669
B023,60,37.026194,7.068632,51.605277,297.137403,0.486976,0.000000,0.069945,1.412373,4.772802,0.361127,1.969230,98.143386,0.052914
B023,64,37.051208,7.072873,50.427194,297.102627,0.498759,0.000000,0.054522,1.501051,4.297212,0.397962,2.171549,98.171164,0.060906
B023,68,36.946400,7.095641,47.355620,312.674362,0.503004,0.000000,0.052889,1.438710,4.371498,0.522556,2.377853,98.236411,0.069663
B023,72,36.951266,7.070001,47.735484,304.165083,0.505407,0.000000,0.051136,1.442597,4.656805,0.513045,2.751834,98.419919,0.079816
B023,76,37.076837,7.067052,47.135799,307.476924,0.502804,0.000000,0.061854,1.483793,4.881682,0.491657,2.678955,98.508814,0.089710
B023,80,37.001496,7.078704,52.065464,303.446381,0.542195,0.000000,0.060684,1.503604,4.938917,0.743763,3.223060,98.103994,0.101563
B023,84,37.046574,7.086868,51.990382,301.545261,0.496426,0.000000,0.069028,1.498765,4.710386,0.509471,3.270446,98.073998,0.113588
B023,88,37.008185,7.100375,50.423508,304.166897,0.549009,0.000000,0.066407,1.567643,4.236837,0.714726,3.935312,97.947494,0.128038
B023,92,36.990405,7.051473,49.069562,300.439590,0.508291,0.000000,0.066585,1.489640,4.236174,0.569867,3.824570,98.230898,0.142122
B023,96,36.943734,7.080471,48.399170,314.583170,0.525669,0.000000,0.073471,1.560773,4.160071,0.732780,4.581250,98.291050,0.159003
B023,100,36.996347,7.113775,48.306038,305.201211,0.528776,0.000000,0.076406,1.573881,4.704323,0.722900,4.732941,97.948154,0.176382
B023,104,36.998106,7.103792,52.507153,308.454393,0.505517,0.000000,0.070688,1.637270,4.694236,0.854783,4.894250,97.958653,0.194356
B023,108,37.048226,7.133766,49.335636,302.229558,0.565917,0.000000,0.065547,1.636417,4.422167,1.010788,5.142771,98.548652,0.213356
B023,112,37.069997,7.035666,50.098545,306.699390,0.539003,0.000000,0.070405,1.671129,3.964109,0.995232,5.813841,98.309162,0.234783
B023,116,36.975184,7.075255,47.659530,309.944169,0.583170,0.000000,0.083118,1.649652,4.004218,1.109751,6.282751,97.908237,0.257843
B023,120,36.918447,7.050089,47.097554,311.108508,0.575648,0.000000,0.066102,1.666359,4.171017,1.219095,6.558919,98.335791,0.282023
B023,124,37.052856,7.052477,47.802719,319.044564,0.562919,0.000000,0.095047,1.678877,4.454035,1.192901,7.035622,98.166091,0.307915
B023,128,37.031959,7.099003,51.258974,308.136943,0.538211,0.000000,0.082378,1.699910,4.504853,1.148837,7.400520,98.065541,0.335122
B023,132,37.083256,7.108199,53.329963,311.635472,0.611319,0.000000,0.092387,1.700284,4.049838,1.131243,7.808811,98.175248,0.363862
B023,136,37.044190,7.075024,52.504255,304.414173,0.598289,0.000000,0.097490,1.805186,3.527984,1.360949,8.220610,97.094360,0.393785
B023,140,36.944282,7.047873,49.084671,317.265687,0.629914,0.000000,0.104279,1.759279,3.660583,1.292503,8.506885,98.370795,0.425156
B023,144,36.924979,7.061594,47.981395,312.146436,0.631073,0.000000,0.083594,1.813105,4.166046,1.478286,8.865245,97.750040,0.457643
B023,148,37.009190,7.040776,49.055722,318.252628,0.615991,0.000000,0.096346,1.811440,4.401335,1.376370,9.137720,97.546164,0.491059
B023,152,37.018513,7.056299,51.692106,307.883785,0.586496,0.000000,0.115698,1.849360,4.053895,1.314928,9.624050,97.015201,0.526062
B023,156,36.992394,7.053957,52.081267,312.400586,0.657650,0.000000,0.102855,1.857428,3.921371,1.388665,9.924098,97.275868,0.562252
B023,160,37.013860,7.038608,47.739082,320.693915,0.624500,0.000000,0.113347,1.814371,3.564165,1.253071,10.207404,96.878428,0.599324
B023,164,36.951596,7.055776,51.957566,310.581029,0.617092,0.000000,0.108218,1.868551,3.577817,1.349189,10.634310,96.996728,0.637994
B023,168,36.896738,7.073869,49.494445,313.714008,0.612928,0.000000,0.109502,1.919932,3.837484,1.125904,10.816926,96.964188,0.677314
B023,172,37.016645,7.047245,50.108096,315.080702,0.665833,0.000000,0.121714,1.897665,4.057603,1.180907,10.810339,96.601620,0.716463
B023,176,36.995163,7.082110,53.369883,313.074809,0.616015,0.000000,0.105319,1.910258,4.366914,1.116037,10.410636,96.175199,0.753999
B023,180,37.026887,7.087113,48.480020,315.999196,0.637088,0.000000,0.111163,1.952741,4.025653,0.863831,10.529162,96.651221,0.792150
B023,184,37.046775,7.132839,51.217818,309.234433,0.663141,0.000000,0.117161,1.975957,3.702755,1.064672,10.663460,95.982667,0.830520
B023,188,36.952833,7.049970,45.316497,323.712720,0.638639,0.012303,0.109502,1.961522,3.800972,0.954631,10.378591,96.180467,0.867942
B023,192,36.987303,7.008556,47.106705,321.515742,0.655127,0.000000,0.092471,1.943721,4.035885,0.819985,10.215611,95.806282,0.904633
B023,196,36.970381,7.084033,48.290435,318.678511,0.634661,0.000000,0.111432,1.942156,4.184049,0.709773,9.947895,95.517067,0.940255
B023,200,37.066294,7.069995,51.821872,314.448671,0.626603,0.000000,0.104394,1.973345,4.261492,0.753571,10.337691,95.482925,0.977259
B023,204,37.095538,7.121729,53.066964,310.565331,0.614957,0.000000,0.118701,2.030823,3.921566,0.758090,10.059106,95.182376,1.013153
B023,208,36.987272,7.076499,49.507950,313.220755,0.637891,0.000000,0.106070,2.049497,3.839517,0.571490,9.733086,94.994333,1.047814
B023,212,36.949736,7.071308,46.591601,322.346106,0.624126,0.000000,0.099929,2.020712,3.896787,0.575059,9.971252,94.586551,1.083172
B023,216,36.980323,7.089933,45.547399,324.950005,0.616531,0.008147,0.119061,2.084480,4.237376,0.532007,9.528943,95.169931,1.117169
B023,220,37.005210,7.034664,48.028217,315.817529,0.613929,0.000000,0.107982,2.144881,4.548302,0.572805,9.731224,94.934221,1.151802
B023,224,37.041905,7.095857,51.270231,313.428343,0.599296,0.000000,0.095595,2.143128,4.560260,0.551697,9.403719,94.506046,1.185119
B023,228,37.120071,7.106289,54.709235,313.402115,0.625851,0.000000,0.096960,2.185794,4.219844,0.381209,9.161521,94.389803,1.217538
B023,232,37.004422,7.108271,51.478673,311.084671,0.634534,0.000000,0.103669,2.130893,3.885165,0.524699,9.264274,94.195369,1.250252
B023,236,36.947974,7.124801,49.911234,309.930936,0.606059,0.000000,0.098629,2.251366,4.343512,0.358442,8.806708,94.089244,1.281316
B023,240,36.953810,7.093440,49.760100,309.632180,0.605064,0.000000,0.104780,2.185864,4.123415,0.448110,8.917767,93.685552,1.312637
B024,0,36.944796,7.086769,48.969076,303.140178,0.444057,0.000000,0.027666,0.000000,5.887610,0.200717,0.298540,97.560787,0.000000
B024,4,37.002894,7.093012,47.492010,304.759389,0.465693,0.000000,0.044947,0.000000,5.632266,0.184928,0.725496,97.899424,0.002347
B024,8,37.009173,7.052227,50.930717,302.594990,0.460481,0.000000,0.035939,0.000000,5.618339,0.268407,0.614526,98.106945,0.004338
B024,12,37.027784,7.123904,50.987817,306.804556,0.473962,0.000000,0.037908,0.023365,5.233397,0.338802,1.213769,97.981305,0.008267
B024,16,37.090598,7.112433,50.945976,297.303363,0.431040,0.000000,0.050526,0.000000,5.499030,0.347715,0.838482,98.415446,0.010994
B024,20,37.018706,7.079628,50.343152,304.081730,0.470101,0.000000,0.056842,0.059683,5.522369,0.381748,1.199823,98.597125,0.014902
B024,24,36.962753,7.075136,46.810601,310.202063,0.470003,0.000000,0.051713,0.006117,5.157988,0.325853,1.231622,98.140556,0.018895
B024,28,36.966887,7.109747,47.726027,296.030731,0.486408,0.000000,0.043172,0.000000,5.031947,0.320306,1.581920,97.970293,0.024015
B024,32,36.992035,7.092945,50.271661,303.990227,0.477256,0.000000,0.053637,0.015186,5.084682,0.346381,1.738582,98.570066,0.029677
B024,36,37.003216,7.081844,51.335198,301.791364,0.460470,0.000000,0.059898,0.000000,4.780463,0.403042,1.726897,98.221789,0.035281
B024,40,37.016997,7.120816,52.612563,302.101922,0.496528,0.000000,0.060518,0.006626,4.691268,0.439331,2.513989,98.219438,0.043439
B024,44,36.980285,7.080954,52.353998,301.712721,0.487395,0.000000,0.055401,0.008804,4.598617,0.477837,2.838252,97.850934,0.052614
B024,48,37.020514,7.070028,48.834178,305.268906,0.482643,0.000000,0.062343,1.302792,4.728433,0.526428,2.744562,98.038280,0.061504
B024,52,36.941029,7.075354,47.679968,309.618041,0.517434,0.000000,0.056562,1.432525,4.979470,0.688668,3.321203,97.884211,0.072244
B024,56,36.998478,7.044060,51.075004,303.516108,0.504551,0.000000,0.070130,1.387038,5.118158,0.775600,3.952834,97.837610,0.085021
B024,60,37.132347,7.077356,50.993292,307.632898,0.533583,0.000000,0.063580,1.408647,4.356696,0.792735,4.320155,98.199362,0.099036
B024,64,37.038172,7.125705,51.063811,308.447438,0.567492,0.000000,0.072941,1.424089,3.986707,0.866348,4.971417,98.480239,0.115211
B024,68,37.036814,7.097047,52.840251,305.827149,0.578795,0.000000,0.068999,1.444385,3.950963,0.824749,5.427035,98.128472,0.132805
B024,72,36.977254,7.064640,48.465803,306.199742,0.523104,0.000000,0.081039,1.431466,4.150704,1.149215,6.192557,98.147821,0.152885
B024,76,36.909590,7.094754,47.651767,310.590524,0.570312,0.000000,0.079998,1.495506,4.672753,1.132429,6.570817,98.218513,0.174207
B024,80,36.985318,7.096180,48.363433,310.257002,0.611913,0.000000,0.076418,1.484221,4.600882,1.252957,7.326211,97.879327,0.197897
B024,84,37.069534,7.112487,50.849972,306.009389,0.638386,0.000000,0.104122,1.514522,4.091199,1.462522,8.080113,98.329952,0.224146
B024,88,37.052380,7.058292,53.119139,311.346595,0.592216,0.000000,0.112382,1.544350,3.763843,1.390177,8.963761,98.550470,0.253331
B024,92,37.081512,7.044976,51.267869,310.918406,0.633559,0.000000,0.110527,1.505821,3.590117,1.578753,9.849355,98.339448,0.285330
B024,96,36.976421,7.039103,48.198675,318.217104,0.638761,0.000000,0.113913,1.547303,3.853406,1.729081,10.554524,97.839789,0.319447
B024,100,36.945904,7.042644,51.703392,315.913480,0.682720,0.000000,0.115237,1.603038,4.205045,1.874185,11.380570,98.155019,0.356352
B024,104,36.990948,7.090989,50.596910,314.021118,0.661764,0.000000,0.121877,1.555971,4.054024,1.947318,11.937874,97.755354,0.394906
B024,108,37.090383,7.126957,51.894307,318.055240,0.691685,0.000000,0.127074,1.628393,3.502058,2.141840,12.983712,98.440847,0.437132
B024,112,37.067619,7.082088,53.042618,323.290719,0.697072,0.000000,0.123662,1.597857,3.103261,2.078213,12.958704,98.214665,0.479180
B024,116,37.061659,7.089571,50.784166,315.315021,0.714818,0.000000,0.132039,1.659709,3.007290,2.226536,14.157032,98.469178,0.525236
B024,120,36.973077,7.056632,48.515428,318.180060,0.709233,0.000000,0.147915,1.656633,3.449952,2.209511,14.412089,97.906654,0.571853
B024,124,36.913773,7.049343,47.277722,323.737273,0.706121,0.000000,0.143036,1.678966,3.922364,2.426982,15.113552,97.769346,0.620671
B024,128,36.984740,7.063046,49.402324,325.153309,0.742502,0.000000,0.149593,1.689598,3.461610,2.466584,15.812575,98.001321,0.671868
B024,132,37.031306,7.033027,51.566843,319.838022,0.739439,0.000000,0.140022,1.724323,3.155054,2.565998,16.320107,97.426745,0.724398
B024,136,37.097889,7.066627,52.272580,321.557263,0.771437,0.000000,0.161404,1.770665,2.791808,2.756088,17.217335,97.319211,0.779755
B024,140,37.021853,7.058415,52.840328,323.261679,0.742953,0.000000,0.156539,1.818496,2.841172,2.768302,17.251474,97.570825,0.835365
B024,144,36.997093,7.091686,49.184623,323.455818,0.763760,0.000000,0.167319,1.751408,3.074570,2.676397,17.596749,97.427585,0.892005
B024,148,36.965569,7.035235,48.498642,328.497042,0.749201,0.000000,0.167525,1.812364,3.477793,2.709404,17.797330,97.539757,0.949356
B024,152,36.989058,7.028939,48.667035,324.468809,0.780101,0.000000,0.177453,1.789529,3.002781,2.664658,18.598542,97.435305,1.009225
B024,156,37.007552,7.013534,50.553366,313.704693,0.756181,0.000000,0.172570,1.819021,2.818287,2.345082,18.417909,97.491096,1.068547
B024,160,37.091917,7.066513,50.896290,322.177235,0.785987,0.000000,0.181397,1.865337,2.735937,2.312235,18.752024,96.845974,1.128545
B024,164,36.990142,7.023586,52.413238,326.651721,0.749771,0.000000,0.175372,1.856578,2.708308,2.257117,18.798826,96.901913,1.188728
B024,168,36.985827,7.033490,48.217741,329.433480,0.798496,0.000000,0.191764,1.875143,2.652120,2.231158,19.459916,97.065833,1.251132
B024,172,36.851583,7.086199,46.425823,328.896778,0.790221,0.000000,0.168743,1.866784,3.482011,2.061607,19.151187,96.681427,1.312303
B024,176,36.924107,7.105189,50.540975,319.773263,0.795253,0.000000,0.175596,1.930043,3.294689,1.747757,18.750406,95.773820,1.371632
B024,180,37.083007,7.116300,50.327754,324.461296,0.786558,0.000000,0.176419,1.970164,3.161351,1.796775,18.827173,96.229889,1.431487
B024,184,37.072410,7.125464,52.234480,321.253552,0.748863,0.000000,0.172721,1.946185,2.664826,1.637946,18.161889,96.273027,1.489253
B024,188,37.005562,7.083569,48.405689,323.355724,0.749097,0.000000,0.163922,2.047027,2.903305,1.540731,17.912787,95.999790,1.546066
B024,192,36.956880,7.049795,49.323966,322.971625,0.741850,0.000000,0.184615,1.993686,3.160454,1.370443,17.590611,95.847692,1.601768
B024,196,36.884179,7.075418,46.453310,332.038061,0.738372,0.000000,0.160345,1.938970,3.581217,1.427832,17.179783,95.472413,1.655956
B024,200,36.934716,7.051893,48.797178,323.253602,0.758830,0.000000,0.170830,2.036112,3.470652,1.242840,17.285843,95.666569,1.710589
B024,204,37.039129,7.096010,50.202132,321.490209,0.736065,0.000000,0.163093,2.078387,3.454591,1.193846,16.941773,95.075163,1.763804
B024,208,37.024354,7.100931,51.604164,317.204016,0.740652,0.000000,0.135790,2.091070,3.007482,1.144146,16.522475,94.996379,1.815659
B024,212,37.021408,7.040901,51.430954,313.756865,0.715229,0.000000,0.160874,2.047891,3.439373,0.922657,16.486675,94.848647,1.867321
B024,216,36.973228,7.074085,49.873002,319.799236,0.745073,0.000000,0.148426,2.093996,3.663353,0.999231,15.843331,95.267137,1.917186
B024,220,36.935885,7.061211,47.667605,323.686449,0.697997,0.000000,0.151469,2.140474,3.839425,0.828401,15.416641,94.935372,1.965539
B024,224,37.077681,7.051474,49.490890,312.147088,0.713338,0.000000,0.146181,2.098617,4.022104,0.783496,15.255610,94.180575,2.013007
B024,228,37.011392,7.128832,48.592127,321.606481,0.731940,0.000000,0.146840,2.182160,3.611871,0.788951,15.183981,94.347697,2.060336
B024,232,37.074714,7.086466,52.434146,322.130284,0.703444,0.000000,0.146060,2.196498,3.627092,0.707893,14.861430,94.276810,2.106624
B024,236,37.055481,7.109705,51.769593,321.552683,0.671272,0.000000,0.145267,2.129304,3.138350,0.531265,14.443115,94.336471,2.151639
B024,240,36.921605,7.091963,48.543170,313.700389,0.710627,0.000000,0.143712,2.277351,3.788815,0.540089,14.145818,93.262174,2.195224
B025,0,36.901805,7.088286,47.346890,307.133329,0.472766,0.000000,0.039816,0.013126,5.900058,0.305101,0.735342,98.435615,0.000000
B025,4,36.995760,7.086686,50.802694,301.062969,0.430374,0.000000,0.048008,0.000000,5.673475,0.292771,0.553388,97.966419,0.001923
B025,8,37.001527,7.094910,50.844003,297.689804,0.462167,0.000000,0.025901,0.000000,5.786456,0.220878,0.777368,98.364703,0.004634
B025,12,37.034895,7.092691,52.755015,299.978277,0.453847,0.000000,0.043387,0.013279,5.284269,0.345531,1.033251,98.085516,0.008228
B025,16,37.014547,7.097186,52.166304,302.206347,0.437392,0.000000,0.040141,0.000000,5.364441,0.197186,0.853342,98.062787,0.011196
B025,20,36.998693,7.081504,49.880339,303.247703,0.498718,0.000000,0.042128,0.000000,5.286399,0.338769,1.263762,98.171456,0.015596
B025,24,36.919311,7.067397,46.004150,312.222864,0.417074,0.000000,0.040147,0.050423,5.129099,0.211535,1.469507,98.651352,0.020737
B025,28,37.037095,7.085449,49.662535,302.107848,0.474550,0.000000,0.043322,0.061818,4.997580,0.400194,1.521473,98.438959,0.026048
B025,32,37.054551,7.091894,50.322594,297.222555,0.464919,0.000000,0.033565,0.057268,5.104162,0.316276,1.745676,98.078781,0.032120
B025,36,37.144872,7.072347,52.037797,298.316791,0.495761,0.000000,0.058189,0.039570,4.762377,0.388374,1.829873,98.758431,0.038529
B025,40,37.039226,7.096811,49.624095,306.474407,0.506194,0.000000,0.041223,1.338534,4.998344,0.490377,1.987573,98.228897,0.045452
B025,44,36.975192,7.077272,48.116314,308.319761,0.484643,0.000000,0.055395,1.296885,4.950952,0.619343,2.511984,98.534573,0.054230
B025,48,36.955428,7.087615,48.927226,308.347740,0.513326,0.000000,0.040541,1.335199,5.086419,0.622967,2.443100,98.173130,0.062736
B025,52,36.937788,7.090603,47.818972,310.950819,0.505250,0.000000,0.060596,1.394867,4.707726,0.786202,3.236115,97.782486,0.073957
B025,56,37.073739,7.106994,51.084598,307.241503,0.492267,0.000000,0.064323,1.371601,4.266753,0.561980,3.396575,98.461654,0.085817
B025,60,37.054605,7.094979,51.638876,308.090052,0.510683,0.000000,0.073355,1.361113,4.321612,0.697874,4.217959,98.081719,0.100489
B025,64,37.111634,7.106000,52.202829,304.254815,0.473551,0.000000,0.071565,1.358812,4.629593,0.868865,4.250328,98.030084,0.115265
B025,68,36.997753,7.084869,51.378227,303.691395,0.562031,0.000000,0.076947,1.420475,4.974338,0.956396,4.495430,98.232142,0.130925
B025,72,36.941369,7.099152,49.645796,304.908115,0.553690,0.000000,0.069989,1.459415,4.888340,0.972338,5.455831,98.514648,0.149986
B025,76,37.047828,7.063772,49.336887,309.770859,0.562035,0.000000,0.094045,1.440221,4.423177,0.962278,5.642318,97.886597,0.169572
B025,80,37.023058,7.067905,49.058967,307.936106,0.555146,0.000000,0.070803,1.463605,3.933316,1.015259,6.145672,98.113710,0.190955
B025,84,37.046215,7.082707,52.673321,310.306562,0.591128,0.000000,0.089994,1.483067,3.861765,1.229534,7.280726,98.490549,0.216385
B025,88,37.054214,7.087557,52.812457,301.852252,0.574345,0.000000,0.087443,1.509117,4.290786,1.282542,7.605290,98.136136,0.242853
B025,92,36.990756,7.084428,49.387494,314.757574,0.616554,0.000000,0.098174,1.506673,4.333478,1.322552,8.326316,98.293037,0.271877
B025,96,37.031581,7.053779,47.418561,319.325415,0.607117,0.000000,0.105001,1.474811,4.342401,1.474369,9.140850,98.337936,0.303754
B025,100,36.929982,7.075118,50.417094,312.788482,0.616716,0.000000,0.103173,1.549700,3.986196,1.556720,9.629557,97.815811,0.337158
B025,104,36.995119,7.079839,50.744939,313.103868,0.634743,0.000000,0.114778,1.514801,3.552503,1.650429,10.305510,98.160968,0.373032
B025,108,37.084826,7.078022,53.743890,311.142015,0.657907,0.000000,0.111886,1.609403,3.479329,1.870104,11.396781,98.364851,0.412788
B025,112,37.004790,7.062512,49.817163,315.758342,0.644288,0.000000,0.126080,1.511451,3.592638,1.925272,11.699491,97.774896,0.453354
B025,116,36.961435,7.068986,47.837696,321.136127,0.685097,0.000000,0.122704,1.574803,3.847770,2.000125,12.031667,98.059621,0.495194
B025,120,36.936607,7.039801,47.506516,320.660701,0.684221,0.000000,0.137967,1.632184,3.795015,2.126207,13.383028,98.173361,0.541788
B025,124,36.950846,7.069483,52.028989,316.488014,0.711434,0.000000,0.140106,1.640942,3.530638,2.009483,13.520856,98.152338,0.588851
B025,128,37.042460,7.066203,52.105593,314.653033,0.701879,0.000000,0.134177,1.623213,3.201488,2.218010,14.013312,98.225676,0.637664
B025,132,37.012641,7.049086,53.257013,317.892434,0.716207,0.000000,0.143551,1.703243,2.967024,2.211120,14.594347,97.945536,0.688357
B025,136,37.041495,7.067340,50.854388,315.362649,0.706811,0.000000,0.152665,1.682189,3.378539,2.325105,15.302540,97.983258,0.741530
B025,140,36.996759,7.062010,48.044547,322.923099,0.711701,0.000000,0.149440,1.711505,3.607434,2.461770,15.507079,98.125675,0.795492
B025,144,36.984240,7.049538,48.559131,326.673162,0.758056,0.000000,0.143968,1.657134,3.585515,2.614170,16.549413,97.013025,0.852428
B025,148,36.916093,7.049313,49.351129,316.818473,0.729408,0.000000,0.163707,1.756048,3.527747,2.541441,16.792985,97.312153,0.910381
B025,152,36.985558,7.059790,51.323494,319.029658,0.743953,0.000000,0.181842,1.717877,3.104743,2.264751,16.855247,97.563401,0.968698
B025,156,37.059648,7.078082,51.719881,320.197634,0.750926,0.000000,0.168331,1.780912,2.740080,2.231171,17.253032,97.121785,1.028121
B025,160,37.021881,7.080162,51.704703,318.722519,0.760451,0.000000,0.158291,1.837371,3.158284,2.258033,17.497452,97.719750,1.088758
B025,164,36.939859,7.058475,50.579266,321.327163,0.819319,0.000000,0.175457,1.791922,3.324463,2.184425,18.246244,97.140456,1.151614
B025,168,36.926462,7.047609,45.804741,331.344570,0.779137,0.003515,0.170779,1.821184,3.471256,1.865848,18.071115,96.988046,1.213770
B025,172,36.930166,7.050534,48.439141,322.811415,0.777296,0.000000,0.165333,1.870500,3.030233,1.842484,17.701092,96.850582,1.274566
B025,176,37.008491,7.076521,52.684391,318.250458,0.760416,0.000000,0.169123,1.872216,2.878098,1.884544,17.490410,96.642382,1.334510
B025,180,37.071098,7.081816,50.271888,320.002112,0.763568,0.000000,0.165894,1.909742,2.953832,1.650017,17.501942,96.537656,1.394428
B025,184,37.006786,7.070989,51.267160,316.555867,0.762539,0.000000,0.165966,1.906138,3.229297,1.473652,16.777285,96.055361,1.451578
B025,188,37.006141,7.077330,48.723492,322.902912,0.738555,0.000000,0.161103,1.950299,3.636947,1.286375,16.311181,96.203625,1.507227
B025,192,36.911784,7.068030,47.857985,321.434261,0.747276,0.000000,0.161257,1.938872,3.919066,1.154629,16.099533,95.960919,1.562014
B025,196,36.923560,7.079463,48.531908,322.227059,0.739599,0.000000,0.169812,1.876115,3.318362,1.361755,16.477823,95.854067,1.618027
B025,200,37.059592,7.085803,53.076836,314.051915,0.756412,0.000000,0.161088,1.868227,3.068920,1.159556,15.963499,95.604568,1.672150
B025,204,37.044014,7.111090,49.893101,317.318583,0.726851,0.000000,0.145337,1.945170,3.187057,0.975301,15.202000,95.740498,1.723765
B025,208,37.066435,7.096595,52.084603,320.904840,0.714787,0.000000,0.144487,2.024280,3.619438,0.941172,14.868651,95.159947,1.773941
B025,212,36.985840,7.072411,47.471804,325.781109,0.702948,0.000000,0.151252,2.032321,4.008471,0.779217,14.901571,94.889566,1.824086
B025,216,36.964267,7.067860,46.104679,323.568773,0.714049,0.000000,0.146708,2.016968,3.947508,0.838012,14.398106,94.709864,1.872445
B025,220,37.025807,7.073932,49.385995,317.877340,0.703543,0.000000,0.147524,2.072291,3.745420,0.856811,14.274256,94.545286,1.920305
B025,224,37.055522,7.106141,51.641522,319.241201,0.696641,0.000000,0.137787,2.097598,3.469504,0.611553,13.741938,94.840684,1.966523
B025,228,37.057556,7.089726,54.450299,310.367619,0.664219,0.000000,0.144864,2.072143,3.450757,0.637376,13.186421,94.700336,2.010808
B025,232,37.026282,7.094458,52.826680,313.160658,0.717720,0.000000,0.130085,2.100620,3.861905,0.592358,13.117282,93.436968,2.054273
B025,236,36.993018,7.084857,50.467663,317.596788,0.694522,0.000000,0.130096,2.127844,4.370468,0.594482,12.849706,93.312862,2.096795
B025,240,36.936921,7.077899,49.175499,322.004811,0.674289,0.000000,0.118409,2.122949,4.348010,0.593701,12.423325,93.649516,2.138054
B026,0,37.025282,7.129183,53.905750,298.093205,0.419527,0.000000,0.038219,0.018356,5.873946,0.128683,0.224392,98.301542,0.000000
B026,4,36.976594,7.062259,51.608438,298.356980,0.467008,0.000000,0.051351,0.000000,5.714092,0.246285,0.726621,98.177214,0.002690
B026,8,37.003438,7.084228,50.041778,297.004280,0.478588,0.000000,0.032478,0.000000,5.761138,0.323943,0.861052,98.227022,0.005879
B026,12,37.005813,7.083784,47.704029,303.924638,0.454423,0.000000,0.045655,0.000000,5.549938,0.271619,0.364576,97.777071,0.007223
B026,16,37.005405,7.091292,46.109118,313.115318,0.470282,0.000000,0.044734,0.000000,5.420805,0.292734,0.937185,98.285677,0.010696
B026,20,36.985308,7.047953,50.816180,297.300522,0.474548,0.000000,0.038134,0.034041,5.442840,0.209940,0.737404,97.943120,0.013419
B026,24,37.049150,7.075534,53.980536,299.830817,0.479442,0.000000,0.042739,0.000000,5.236681,0.404974,1.301441,98.213615,0.018239
B026,28,37.044567,7.076766,53.171262,302.532913,0.434845,0.000000,0.047491,0.000000,5.193869,0.261666,1.281522,97.926224,0.022970
B026,32,36.962582,7.121305,49.258011,303.361357,0.453074,0.000000,0.044174,0.038093,5.058871,0.272448,1.514395,98.347678,0.028586
B026,36,37.022996,7.127899,45.400547,311.477772,0.484629,0.010790,0.035517,0.000000,4.853054,0.461733,1.788661,98.005876,0.035196
B026,40,36.988975,7.104792,47.769842,308.826029,0.463735,0.000000,0.039502,0.066367,4.980695,0.618073,2.232856,98.297879,0.043471
B026,44,37.036317,7.138932,50.455822,307.842596,0.487153,0.000000,0.060876,0.041302,4.955040,0.480172,2.312520,98.438867,0.052055
B026,48,37.105366,7.110912,51.819261,303.415387,0.518590,0.000000,0.038632,1.604563,4.684370,0.540992,2.623552,98.469313,0.061795
B026,52,37.095546,7.123018,53.086990,301.689981,0.507970,0.000000,0.056014,1.621115,5.031113,0.578513,3.252477,98.050622,0.073820
B026,56,37.008250,7.114213,48.873563,302.783250,0.510402,0.000000,0.055952,1.671227,4.818147,0.701366,3.705112,97.969603,0.087506
B026,60,36.944315,7.004532,47.583046,312.275185,0.495254,0.000000,0.062764,1.700645,4.766477,0.648511,3.700023,98.443909,0.101240
B026,64,36.948259,7.080127,49.064766,304.618793,0.538152,0.000000,0.065147,1.690705,4.177067,0.586361,4.501183,98.352101,0.117932
B026,68,36.992609,7.104775,50.956522,307.563036,0.571840,0.000000,0.084143,1.679692,4.316099,0.926405,5.318589,98.194868,0.137624
B026,72,37.008891,7.083218,53.649438,309.635403,0.571731,0.000000,0.079037,1.737052,4.461340,1.020870,5.544622,97.817094,0.158073
B026,76,36.982175,7.048346,52.633903,309.225193,0.591688,0.000000,0.086424,1.785872,4.811048,1.081914,6.573384,98.123699,0.182393
B026,80,36.983760,7.099718,51.338417,313.631293,0.599898,0.000000,0.081943,1.833429,4.694788,1.210806,7.083215,98.152289,0.208607
B026,84,37.029534,7.116602,47.851500,312.277760,0.590713,0.000000,0.084135,1.828083,4.285884,1.350621,7.639548,98.331876,0.236932
B026,88,36.927489,7.109337,48.571132,307.449180,0.595905,0.000000,0.105343,1.750939,3.746420,1.478212,8.621287,98.208656,0.268856
B026,92,36.967127,7.105606,51.063212,317.091584,0.640398,0.000000,0.112322,1.833736,3.853191,1.393551,9.301205,98.228478,0.303305
B026,96,37.041157,7.099655,51.606908,316.127271,0.660136,0.000000,0.098479,1.960092,4.021398,1.665974,10.356636,98.259413,0.341675
B026,100,37.064432,7.052270,50.812462,314.632824,0.663589,0.000000,0.112474,1.945531,4.267077,1.891676,11.404120,98.523783,0.384039
B026,104,36.970891,7.081990,51.032948,311.658463,0.656923,0.000000,0.141231,1.907710,4.042993,1.953954,12.195707,97.782706,0.429004
B026,108,36.955191,7.029033,49.054867,319.719247,0.675163,0.000000,0.135554,1.873759,3.817694,2.113668,13.292421,98.326050,0.478284
B026,112,36.923898,7.046883,48.019454,325.979000,0.657541,0.000000,0.131913,1.952552,3.358713,2.158289,13.928219,98.482755,0.530003
B026,116,37.025603,6.998465,51.367744,317.803817,0.739057,0.000000,0.154841,1.982341,3.323050,2.535940,15.099500,98.023848,0.585811
B026,120,37.001080,7.078306,51.673280,311.180648,0.749748,0.000000,0.151545,1.995383,3.621524,2.495259,15.313125,97.805388,0.642282
B026,124,37.062236,7.035947,51.516059,318.208279,0.741158,0.000000,0.155038,2.050687,3.868710,2.402696,16.189060,97.974698,0.702086
B026,128,37.011269,7.061083,49.717702,320.496645,0.737911,0.000000,0.150047,1.991290,3.629330,2.673862,17.158892,97.803990,0.765363
B026,132,36.956369,7.062125,49.167713,322.967922,0.772696,0.000000,0.178058,2.086388,3.305181,2.857446,18.004213,97.435451,0.831507
B026,136,36.934079,6.956681,48.388837,319.024168,0.795059,0.000000,0.160245,2.084949,2.874313,2.945851,18.904037,97.716411,0.901157
B026,140,36.969793,7.095931,50.975172,325.755662,0.816862,0.000000,0.177618,2.089168,2.806228,2.892481,19.280788,97.550925,0.972075
B026,144,37.073687,7.053815,51.887456,324.037284,0.781349,0.000000,0.173286,2.101136,3.054020,2.986584,19.617645,97.208289,1.043978
B026,148,37.094417,7.026467,48.947159,319.395988,0.806333,0.000000,0.193622,2.137333,3.494856,3.073098,20.218622,96.794253,1.117769
B026,152,36.951755,7.002244,51.007060,315.378878,0.810607,0.000000,0.193521,2.193887,3.424028,2.907044,20.648225,96.912426,1.193219
B026,156,36.899129,7.055909,48.606488,326.957366,0.838316,0.000000,0.190423,2.178822,3.110138,2.757967,21.066258,96.729371,1.270052
B026,160,36.964248,6.992973,48.924511,330.473669,0.818832,0.000000,0.188820,2.256391,2.914488,2.660242,21.363233,96.914477,1.348116
B026,164,36.949804,7.005786,49.748427,319.794210,0.837739,0.000000,0.187978,2.286734,3.010396,2.388950,21.589458,97.255388,1.427285
B026,168,37.106471,7.048449,51.452834,327.121308,0.842333,0.000000,0.195390,2.272011,3.261891,2.497948,21.488645,96.437421,1.505422
B026,172,37.007574,7.067958,53.605494,326.945741,0.813736,0.000000,0.195090,2.336144,3.367877,2.334145,21.267115,96.119460,1.582498
B026,176,37.009380,7.014052,49.562340,322.831931,0.823805,0.000000,0.205165,2.274976,3.512938,2.221199,21.406788,96.444946,1.660342
B026,180,36.913921,7.001420,48.568822,324.900022,0.832558,0.000000,0.184882,2.318735,3.193300,2.006685,20.875396,96.020166,1.735921
B026,184,36.921351,7.088193,50.542021,322.302710,0.815188,0.000000,0.182260,2.385618,3.173458,1.750542,20.413237,96.145359,1.809922
B026,188,37.005266,7.132093,49.606594,320.214247,0.810826,0.000000,0.186259,2.389086,3.093480,1.699160,20.469564,96.322948,1.884264
B026,192,37.042533,7.069921,52.486796,328.295736,0.817840,0.000000,0.187514,2.340481,3.325315,1.638271,19.900899,95.583780,1.955987
B026,196,37.025571,7.064826,52.087374,325.341571,0.802450,0.000000,0.192431,2.404218,3.940922,1.493190,19.631021,95.875486,2.026953
B026,200,37.044136,7.118676,51.414750,320.606302,0.795279,0.000000,0.186331,2.427236,3.816596,1.378911,19.151692,95.579624,2.095972
B026,204,36.914197,6.974281,48.402995,318.767818,0.777785,0.000000,0.179211,2.512373,3.868153,1.430387,19.092367,95.344122,2.164608
B026,208,36.899697,7.071799,47.217365,329.953643,0.793713,0.000000,0.175435,2.463117,3.602489,1.164510,18.462878,94.927885,2.230692
B026,212,36.977543,7.056926,49.240721,323.144401,0.784037,0.000000,0.185958,2.487052,3.594465,0.978549,18.108621,94.694829,2.295348
B026,216,37.036733,7.085878,52.227050,317.994091,0.784482,0.000000,0.176082,2.550230,4.020466,0.990652,17.676539,95.109369,2.358738
B026,220,37.000324,7.131885,51.495270,319.842327,0.756277,0.000000,0.165840,2.602172,4.453216,0.877466,17.364973,94.483085,2.420600
B026,224,37.055469,7.074747,49.164336,319.279265,0.755455,0.000000,0.165201,2.612929,4.405927,1.026972,17.108530,94.461515,2.481535
B026,228,36.904647,7.131500,46.032873,330.071562,0.743971,0.000000,0.154764,2.594293,4.319683,0.853376,16.420869,93.665933,2.539528
B026,232,36.896463,7.129331,49.236916,311.413727,0.755105,0.000000,0.161703,2.628082,4.089920,0.742085,16.198327,93.766503,2.596797
B026,236,37.052326,7.082894,49.008314,316.762425,0.739156,0.000000,0.165107,2.582691,4.014690,0.634146,15.755115,93.448219,2.652310
B026,240,37.028111,7.122912,50.601550,318.182588,0.715485,0.000000,0.152530,2.616553,4.433689,0.677644,15.451896,93.594744,2.706839
B027,0,37.031409,7.056440,52.664732,301.775113,0.455875,0.000000,0.034906,0.021048,5.912856,0.170118,0.333056,98.452921,0.000000
B027,4,37.030049,7.092919,51.245912,300.438409,0.451894,0.000000,0.030579,0.000342,5.785354,0.217394,0.374397,98.760290,0.001409
B027,8,37.064619,7.082720,53.212133,303.726361,0.483849,0.000000,0.026370,0.000000,5.476162,0.157748,0.657783,97.938850,0.003864
B027,12,37.024589,7.090718,49.681594,298.020960,0.472194,0.000000,0.043688,0.024443,5.473750,0.253832,0.744181,98.243143,0.006650
B027,16,36.930800,7.074811,48.816452,306.101627,0.466617,0.000000,0.050880,0.041219,5.282524,0.252615,0.870703,98.199110,0.009909
B027,20,36.925552,7.074968,47.488552,302.547412,0.482935,0.000000,0.035668,0.000000,5.394770,0.248322,0.931216,98.314530,0.013398
B027,24,36.939155,7.093682,47.786548,305.512586,0.493396,0.000000,0.040621,0.000000,5.089496,0.297288,1.214011,98.212605,0.017941
B027,28,37.096082,7.081376,51.867784,299.137719,0.474244,0.000000,0.039519,0.000000,5.309235,0.203307,1.052846,98.361829,0.021888
B027,32,37.087227,7.065299,52.103844,297.340013,0.463474,0.000000,0.033170,0.013610,5.021247,0.331773,1.312991,97.966820,0.026790
B027,36,36.987017,7.086976,51.620882,301.856840,0.496918,0.000000,0.028483,0.029052,5.047956,0.324472,1.540251,98.349825,0.032562
B027,40,36.911712,7.076540,49.816231,301.733659,0.499455,0.000000,0.052939,0.030782,4.922144,0.425650,1.588139,97.652549,0.038472
B027,44,36.943191,7.076527,48.849873,305.157867,0.509878,0.000000,0.062005,0.000000,5.066973,0.501350,2.090057,97.825227,0.046264
B027,48,37.037126,7.062418,49.631034,305.235916,0.486510,0.000000,0.063121,1.393034,4.568262,0.483251,2.565386,98.444643,0.055888
B027,52,37.065735,7.053614,52.430578,296.043325,0.504153,0.000000,0.063845,1.369803,5.136112,0.470000,2.935916,98.382653,0.066896
B027,56,37.111809,7.080111,52.698910,301.088125,0.485453,0.000000,0.061016,1.364421,4.933680,0.420983,3.009231,98.049049,0.078140
B027,60,37.053970,7.095967,50.208091,306.403529,0.482704,0.000000,0.056595,1.467080,4.671379,0.716856,3.261448,98.404175,0.090370
B027,64,36.998329,7.109683,47.514124,308.208659,0.529395,0.000000,0.061619,1.381747,4.222665,0.716804,3.775789,97.965558,0.104466
B027,68,36.930043,7.087771,47.807896,314.451999,0.530363,0.000000,0.071411,1.388565,4.246009,0.734162,4.479164,98.104633,0.121212
B027,72,37.004678,7.131067,49.535632,310.076629,0.532043,0.000000,0.069012,1.416330,4.601674,0.892067,5.037717,98.433895,0.140109
B027,76,37.005381,7.094836,52.055322,308.428547,0.536376,0.000000,0.063046,1.483757,4.729847,0.895917,5.404085,98.246539,0.160342
B027,80,37.065139,7.160779,51.944187,312.044529,0.566918,0.000000,0.099835,1.532496,4.804698,1.174142,6.617464,98.522030,0.185188
B027,84,37.058407,7.107994,49.513084,306.186736,0.575075,0.000000,0.087062,1.537069,4.288392,1.137129,7.181741,98.280968,0.212086
B027,88,36.913043,7.006425,50.311817,307.878491,0.601500,0.000000,0.097247,1.489637,3.679604,1.146124,7.645953,98.220637,0.240705
B027,92,36.919976,7.084936,48.604902,312.332097,0.600102,0.000000,0.110872,1.578257,3.855343,1.395864,8.441023,98.047564,0.272244
B027,96,37.013712,7.078077,50.934007,307.063794,0.607880,0.000000,0.101115,1.598200,4.070780,1.515632,8.739716,98.270814,0.304974
B027,100,37.004055,7.037122,51.527775,314.912649,0.631155,0.000000,0.099349,1.627317,4.153748,1.465048,9.736429,98.955103,0.341690
B027,104,37.070389,7.054580,49.685976,310.229720,0.647220,0.000000,0.122612,1.677934,4.108324,1.701972,10.681905,98.848902,0.381929
B027,108,37.008551,7.047657,52.745768,315.981809,0.654887,0.000000,0.106460,1.534133,3.534490,1.752687,11.237791,98.333248,0.424040
B027,112,36.962430,7.063153,49.193922,316.883024,0.660889,0.000000,0.125507,1.628859,3.237116,1.867648,12.288141,98.048940,0.469955
B027,116,36.979388,7.051764,48.279534,322.837076,0.683230,0.000000,0.132820,1.646221,3.292687,1.996897,12.705983,98.281049,0.517543
B027,120,37.024591,7.034388,51.579173,313.729557,0.678102,0.000000,0.152985,1.677797,3.535472,2.251010,13.689664,98.524398,0.568942
B027,124,37.061495,7.121291,49.986171,315.316627,0.702783,0.000000,0.143314,1.694369,3.672568,2.161772,13.997961,98.169304,0.621310
B027,128,37.039836,7.025965,52.442690,314.441419,0.712852,0.000000,0.150722,1.752665,3.390867,2.151124,14.620473,98.006829,0.675915
B027,132,37.065671,7.076986,50.556496,317.229979,0.716552,0.000000,0.139261,1.698569,3.367982,2.449064,15.245854,97.845430,0.732763
B027,136,37.014714,7.052429,48.529254,317.785716,0.729564,0.000000,0.159325,1.767118,2.770065,2.378114,15.444244,98.078169,0.790488
B027,140,36.972968,7.077455,47.104616,329.099121,0.706934,0.000000,0.162560,1.742404,2.823941,2.659498,16.495909,97.631592,0.851862
B027,144,37.006971,6.992876,50.417752,315.518872,0.732786,0.000000,0.157053,1.760361,3.117702,2.646391,16.744579,97.277078,0.913935
B027,148,37.019366,7.088216,52.717949,316.357794,0.736555,0.000000,0.172507,1.801094,3.365195,2.565492,17.158451,97.126016,0.977444
B027,152,37.032042,7.080025,52.031119,313.931019,0.763495,0.000000,0.159482,1.809894,3.403233,2.452330,17.152359,97.382809,1.041098
B027,156,36.978319,7.021319,50.563561,319.377913,0.773204,0.000000,0.160067,1.814159,3.212243,2.284944,17.385112,96.981819,1.105351
B027,160,36.958152,7.033379,48.202317,335.532104,0.765006,0.000000,0.154050,1.859987,2.744570,2.136481,17.810061,96.908315,1.171124
B027,164,37.001396,7.068489,49.513164,322.375191,0.779211,0.000000,0.174320,1.905613,2.745741,2.173970,18.114861,96.541799,1.237769
B027,168,36.997839,7.069603,52.563755,316.840730,0.781945,0.000000,0.166712,1.855183,3.086541,2.039788,18.519882,96.727505,1.306036
B027,172,37.084596,7.094810,51.573258,322.232765,0.798615,0.000000,0.169769,1.867431,3.359530,1.853684,18.185479,96.564940,1.372957
B027,176,37.033794,7.073288,53.746358,320.061551,0.758812,0.000000,0.175999,1.912889,3.493340,1.887621,17.551900,96.690584,1.437631
B027,180,36.926432,7.085206,50.137339,317.289655,0.776714,0.000000,0.158000,1.889172,3.299435,1.590941,16.998731,96.349592,1.500046
B027,184,37.001997,7.064557,47.526444,330.841594,0.750803,0.000000,0.168141,1.933316,2.801963,1.522605,17.238126,96.135383,1.563199
B027,188,36.962928,7.058018,47.008823,328.532211,0.742431,0.000000,0.173832,1.982859,3.083376,1.489702,16.716610,96.106208,1.624423
B027,192,36.983410,7.103605,49.975298,319.984239,0.738055,0.000000,0.159823,1.975123,3.418500,1.424721,16.491938,95.785692,1.684622
B027,196,37.056443,7.079144,50.769702,316.880387,0.750455,0.000000,0.150524,1.966658,3.842699,1.256280,15.911623,95.606863,1.742595
B027,200,36.974237,7.049678,51.416258,322.414723,0.734454,0.000000,0.151556,2.066829,3.758339,1.201923,15.563989,95.329403,1.799137
B027,204,36.974685,7.103069,49.773355,318.855416,0.765555,0.000000,0.149574,2.019944,3.404319,0.990495,15.383593,95.117450,1.854899
B027,208,36.963535,7.099330,46.704130,322.489406,0.729840,0.000000,0.158943,2.063299,3.378496,0.950271,14.691161,95.008206,1.908090
B027,212,36.908483,7.110366,47.772026,317.549992,0.751454,0.000000,0.138694,2.132784,3.409598,0.910895,14.769450,94.632117,1.961353
B027,216,36.977282,7.051723,50.129954,309.816265,0.712402,0.000000,0.141528,2.134088,3.722002,0.773891,13.959281,94.697930,2.011729
B027,220,37.062380,7.107495,50.987729,317.992848,0.704488,0.000000,0.139783,2.081009,4.415566,0.863576,14.116225,94.443123,2.062534
B027,224,37.061419,7.130405,49.120722,318.798823,0.659207,0.000000,0.134849,2.177217,4.475066,0.717903,13.318245,94.225404,2.110357
B027,228,37.081525,7.100549,50.482844,314.992222,0.663002,0.000000,0.141292,2.166539,3.967632,0.605373,13.344283,94.138514,2.158229
B027,232,36.923163,6.991306,47.616143,324.969418,0.658160,0.000000,0.129079,2.154659,3.865867,0.462897,12.916646,94.002104,2.204500
B027,236,36.945968,7.120838,48.542655,316.239158,0.691909,0.000000,0.138384,2.218788,3.747769,0.553582,12.607319,93.920270,2.249623
B027,240,37.027340,7.072894,49.315157,317.129915,0.679549,0.000000,0.118281,2.284105,4.049755,0.562987,12.161092,93.659687,2.293029
B028,0,36.910057,7.126050,47.740429,301.726955,0.448152,0.000000,0.032192,0.000000,5.779961,0.162325,0.276886,98.296107,0.000000
B028,4,36.964157,7.116226,48.515048,308.491196,0.465121,0.000000,0.039653,0.000000,5.356300,0.242673,0.440214,98.323806,0.001696
B028,8,36.996426,7.083827,52.255474,298.961616,0.495200,0.000000,0.042983,0.099473,5.523069,0.133865,0.175214,98.277992,0.002370
B028,12,37.066274,7.108593,52.515666,301.913826,0.435136,0.000000,0.030689,0.000000,5.408053,0.257309,0.703297,98.044132,0.005071
B028,16,37.027430,7.119807,50.216834,300.535044,0.458804,0.000000,0.052868,0.013384,5.355947,0.173162,0.332739,98.004694,0.006349
B028,20,36.971661,7.082041,48.991272,301.178351,0.460243,0.000000,0.017880,0.038696,5.317431,0.254015,0.714017,98.115201,0.009093
B028,24,36.927440,7.099747,49.335230,305.971576,0.471916,0.000000,0.047811,0.017314,5.268288,0.181909,0.800600,98.370225,0.012178
B028,28,37.037463,7.091050,50.254823,302.381566,0.486409,0.000000,0.038161,0.000000,5.233717,0.321095,1.188685,98.146740,0.016749
B028,32,37.043533,7.115515,51.874192,298.736568,0.442949,0.000000,0.040951,0.055809,5.100886,0.321811,1.229684,97.967061,0.021468
B028,36,37.039160,7.095712,52.570847,305.511929,0.459644,0.000000,0.036415,0.033437,5.157394,0.297121,1.185810,98.171695,0.026028
B028,40,37.014024,7.094712,48.858620,304.330265,0.485769,0.000000,0.033724,0.046700,4.845860,0.444814,1.545211,98.153742,0.031970
B028,44,36.924814,7.078921,48.125782,308.068598,0.494614,0.000000,0.060671,0.000000,4.747397,0.393415,1.812338,98.140785,0.038937
B028,48,36.905683,7.090732,48.319564,302.668057,0.486145,0.000000,0.053887,1.320876,4.739857,0.356233,1.902624,97.911159,0.046235
B028,52,36.967550,7.078405,50.847987,302.518258,0.508931,0.000000,0.044359,1.401291,4.962964,0.489919,2.336220,98.391420,0.055240
B028,56,37.103981,7.082098,52.577228,309.109640,0.466676,0.000000,0.067720,1.396252,5.031898,0.533795,2.676305,98.109821,0.065526
B028,60,36.983376,7.114035,53.253923,301.170110,0.493036,0.000000,0.065453,1.382513,4.319090,0.644183,3.315445,98.224917,0.078283
B028,64,36.986132,7.075369,52.798762,309.814495,0.485813,0.000000,0.065638,1.458684,4.122308,0.625750,3.206251,98.389658,0.090641
B028,68,36.958500,7.070375,46.812895,313.805288,0.501094,0.000000,0.064731,1.485993,4.297601,0.769801,4.077402,97.937441,0.106284
B028,72,36.973237,7.082279,45.522361,314.969871,0.537994,0.008598,0.067518,1.422527,4.586567,0.834477,4.291279,97.910078,0.122744
B028,76,36.974356,7.081371,49.079195,304.766112,0.557072,0.000000,0.081798,1.490362,4.812591,0.914538,4.886436,98.493962,0.141598
B028,80,36.995359,7.038670,52.111597,306.502760,0.543596,0.000000,0.063433,1.545079,4.513297,0.936641,5.279947,97.981638,0.161864
B028,84,37.014437,7.090977,53.142886,307.046427,0.527494,0.000000,0.097690,1.459171,4.265455,1.061820,6.351743,98.057157,0.186263
B028,88,37.054034,7.099407,51.359128,301.537044,0.599960,0.000000,0.089150,1.526556,3.873029,1.315192,7.129628,98.288992,0.213714
B028,92,36.977863,7.094833,47.672589,311.297467,0.604435,0.000000,0.092113,1.559385,3.624779,1.296011,7.471821,98.263413,0.242476
B028,96,36.901107,7.057874,45.857059,324.535141,0.583672,0.002573,0.088549,1.598680,4.009878,1.340867,8.062860,98.432471,0.273567
B028,100,37.013717,7.089959,49.030332,310.840123,0.600597,0.000000,0.097756,1.623617,4.245322,1.410997,8.758826,98.035193,0.307204
B028,104,37.050998,7.056266,50.842181,309.274616,0.647058,0.000000,0.111183,1.587024,4.160394,1.658582,9.475838,98.120495,0.343627
B028,108,37.065774,7.089456,51.514790,309.669951,0.632820,0.000000,0.088605,1.571851,3.838657,1.593304,10.186897,97.951464,0.382716
B028,112,37.015833,7.091462,50.884886,315.609148,0.609597,0.000000,0.126507,1.672347,3.354273,1.738581,11.221659,98.450127,0.425994
B028,116,36.969368,7.043523,48.956138,315.902705,0.673440,0.000000,0.121768,1.696993,3.176052,1.985405,12.012941,98.170787,0.472193
B028,120,36.956045,7.048152,48.299607,319.918250,0.654444,0.000000,0.147455,1.698307,3.557749,2.110936,13.114899,98.085155,0.522586
B028,124,36.974882,7.065046,48.552263,319.271603,0.713505,0.000000,0.136856,1.702416,3.866039,2.213191,13.852365,98.497467,0.576036
B028,128,37.002700,7.058748,52.018255,316.753684,0.690775,0.000000,0.147264,1.697512,3.706133,2.279055,14.701866,98.043374,0.632502
B028,132,37.070926,7.087722,52.457671,320.587104,0.722155,0.000000,0.153182,1.750316,3.287699,2.348896,15.483450,97.719056,0.691773
B028,136,37.102922,7.055430,51.083852,315.439114,0.707268,0.000000,0.159516,1.725206,3.226963,2.602591,16.050559,97.410027,0.753021
B028,140,36.942419,7.050789,48.417120,322.212867,0.721328,0.000000,0.169777,1.751750,2.833933,2.527902,17.096667,97.539141,0.818348
B028,144,36.926831,7.035420,46.880407,322.075176,0.764511,0.000000,0.154757,1.722414,2.822656,2.738789,17.689106,97.509364,0.885917
B028,148,36.986720,7.011871,50.492590,317.600114,0.770317,0.000000,0.182078,1.759845,3.247869,2.803531,18.370895,97.332201,0.955963
B028,152,36.982659,7.054230,50.036953,320.440736,0.800728,0.000000,0.189372,1.800274,3.262102,2.588495,19.163359,97.271050,1.028985
B028,156,37.112345,7.042651,52.453542,318.223372,0.785013,0.000000,0.197962,1.820817,2.846177,2.647595,19.601886,97.287707,1.103691
B028,160,37.019484,7.052633,52.050497,325.205864,0.789871,0.000000,0.184626,1.824174,2.503783,2.403091,19.674220,96.668340,1.178195
B028,164,36.952267,7.038305,46.852468,332.173527,0.836962,0.000000,0.190418,1.841996,2.458446,2.438606,20.343629,96.735728,1.255288
B028,168,36.991267,7.063993,46.714360,325.998959,0.804032,0.000000,0.186521,1.837257,2.853678,2.429810,20.491586,96.648805,1.332871
B028,172,37.084643,7.079123,48.517029,330.359707,0.843019,0.000000,0.201520,1.960531,3.141702,2.263026,20.868736,96.283043,1.411584
B028,176,37.160073,7.058369,51.673974,319.454530,0.819910,0.000000,0.192909,1.950082,3.145694,2.138493,20.916195,96.580004,1.490719
B028,180,37.038735,7.096678,49.734240,327.300166,0.799935,0.000000,0.189156,1.923335,2.702924,1.931830,20.287584,95.977339,1.566996
B028,184,36.944001,7.080977,49.434320,321.952427,0.833901,0.000000,0.172293,2.018543,2.712272,1.697266,20.221083,95.869065,1.642938
B028,188,36.983938,7.057956,46.746274,333.543955,0.812086,0.000000,0.171859,1.990149,2.587294,1.759292,19.812184,96.138070,1.717553
B028,192,36.917175,7.071423,49.797243,321.630989,0.801618,0.000000,0.174778,1.918754,3.236743,1.550313,19.713551,96.053168,1.791731
B028,196,37.026963,7.032356,50.615173,321.286555,0.792088,0.000000,0.183700,2.002685,3.451625,1.500049,19.304193,96.052707,1.864368
B028,200,36.954514,7.088456,52.994431,319.452705,0.784964,0.000000,0.182196,2.015429,3.404550,1.381034,18.951198,95.870287,1.935542
B028,204,37.095962,7.071651,52.742262,319.201962,0.790341,0.000000,0.150908,2.022510,3.095289,1.202524,18.739931,95.276270,2.005486
B028,208,37.047271,7.081698,51.423259,318.834371,0.762987,0.000000,0.159776,2.071665,2.933121,1.164142,18.474478,95.078723,2.074296
B028,212,36.909466,7.047074,49.986108,321.103636,0.748921,0.000000,0.170159,2.076295,2.907269,1.150955,18.135816,95.202304,2.141933
B028,216,36.937302,7.096179,47.261768,328.157986,0.752316,0.000000,0.167174,2.064330,3.197496,0.918290,17.711160,94.598240,2.207567
B028,220,37.016649,7.089330,51.863710,316.680797,0.776327,0.000000,0.165492,2.142648,3.836209,0.866779,17.386864,94.408690,2.271870
B028,224,37.012573,7.071066,49.370209,322.057490,0.708509,0.000000,0.164288,2.085299,3.729435,0.854189,16.820394,94.172855,2.333923
B028,228,37.058308,7.095684,51.313566,317.811492,0.767032,0.000000,0.160979,2.111767,3.648040,0.704635,16.456048,94.466170,2.394820
B028,232,36.916448,7.113420,49.815214,312.690658,0.803176,0.000000,0.152472,2.108782,3.555990,0.779503,16.337270,93.853430,2.454886
B028,236,36.956333,7.096705,48.004525,327.759195,0.739638,0.000000,0.159136,2.194715,3.201893,0.716036,15.637646,94.317244,2.512664
B028,240,36.887275,7.098811,50.457913,311.162129,0.713747,0.000000,0.154277,2.270135,3.764416,0.611864,15.772029,93.794104,2.570615
B029,0,36.998780,7.131320,51.181360,301.409449,0.456718,0.000000,0.039100,0.000000,6.015006,0.181763,0.385556,97.754973,0.000000
B029,4,36.894808,7.107027,48.107973,304.644360,0.456607,0.000000,0.051968,0.014470,5.792152,0.324649,0.410246,98.225333,0.001513
B029,8,36.987546,7.079975,47.814722,310.604556,0.480722,0.000000,0.038432,0.019494,5.706834,0.076037,0.374447,97.936973,0.002890
B029,12,37.049251,7.089671,50.711501,300.401910,0.496099,0.000000,0.055865,0.000000,5.382329,0.292795,0.980120,98.639320,0.006519
B029,16,37.046046,7.103882,52.701151,297.540475,0.465647,0.000000,0.050411,0.019863,5.485731,0.349960,1.046254,98.176908,0.010375
B029,20,37.022944,7.067823,51.330426,299.197704,0.471992,0.000000,0.044057,0.000000,5.261093,0.210179,1.041905,97.940962,0.014206
B029,24,36.963838,7.121536,48.616941,301.586152,0.484459,0.000000,0.041794,0.000000,5.172796,0.363292,1.010169,97.821789,0.017916
B029,28,36.934676,7.121055,48.314059,305.021677,0.474675,0.000000,0.032040,0.000700,5.144923,0.297711,1.324327,97.936369,0.022785
B029,32,36.988219,7.098663,50.685478,298.567636,0.478844,0.000000,0.041346,0.026733,4.948345,0.304341,1.386674,98.203814,0.027897
B029,36,37.002059,7.119871,52.707048,301.861008,0.475370,0.000000,0.064879,0.017891,5.062444,0.459782,1.781191,98.035151,0.034453
B029,40,37.031865,7.091672,50.753013,299.086026,0.495816,0.000000,0.044077,1.233751,4.962834,0.190393,1.784338,97.399917,0.040977
B029,44,37.038623,7.107422,50.260977,295.577145,0.483116,0.000000,0.056318,1.226892,5.037144,0.556593,2.294333,98.375165,0.049451
B029,48,36.937216,7.077710,49.102568,309.699238,0.477407,0.000000,0.040589,1.349116,4.985706,0.517336,2.588468,98.450580,0.059018
B029,52,36.916069,7.045123,45.038385,314.884158,0.511979,0.017309,0.060386,1.374469,4.802202,0.656200,2.871057,98.120394,0.069593
B029,56,36.995809,7.080640,48.653025,310.150606,0.499840,0.000000,0.055383,1.347495,4.442057,0.549550,3.143330,98.346429,0.081199
B029,60,36.994338,7.106106,50.946484,304.058726,0.501660,0.000000,0.061186,1.371872,4.302702,0.746164,3.597895,98.049325,0.094443
B029,64,37.054455,7.140348,48.035463,307.939352,0.531689,0.000000,0.064296,1.416162,4.605443,0.671268,4.123640,98.664871,0.109717
B029,68,37.024193,7.118896,49.566901,304.893665,0.551692,0.000000,0.058726,1.348045,4.735342,0.905423,4.418933,98.509805,0.126059
B029,72,36.961633,7.077491,49.550050,306.175944,0.557536,0.000000,0.083153,1.385563,4.637666,0.985146,5.077252,98.207421,0.144778
B029,76,36.890182,7.126926,46.272973,313.552502,0.540653,0.000000,0.082264,1.423582,4.426281,1.010389,5.676523,97.763603,0.165612
B029,80,36.941689,7.110061,48.384556,312.847531,0.596686,0.000000,0.077150,1.517206,4.006113,1.042085,6.448226,98.143076,0.189370
B029,84,36.977952,7.052850,51.360057,312.236889,0.595682,0.000000,0.091802,1.487098,3.991211,1.175137,7.383784,97.749151,0.216466
B029,88,37.049650,7.111961,51.730066,308.957831,0.615902,0.000000,0.097126,1.446355,4.294825,1.332879,7.954432,98.033615,0.245741
B029,92,37.091555,7.098316,51.021731,316.682446,0.612598,0.000000,0.102844,1.503941,4.383739,1.371110,8.761389,97.708666,0.277879
B029,96,36.976964,7.048399,48.709685,311.360304,0.597451,0.000000,0.099438,1.612137,4.338216,1.621853,9.650594,97.905590,0.313350
B029,100,36.905349,7.049801,46.908849,318.779368,0.623553,0.000000,0.105065,1.555788,3.861791,1.769645,10.274233,98.082421,0.351182
B029,104,36.919113,7.026793,47.958805,322.438361,0.611822,0.000000,0.113010,1.585149,3.625353,1.806511,11.217058,98.283968,0.392570
B029,108,37.011907,7.055915,53.468483,310.544072,0.623451,0.000000,0.120143,1.531824,3.623650,1.870831,11.862934,98.331585,0.436362
B029,112,37.066806,7.024526,49.765573,312.720412,0.705182,0.000000,0.129903,1.596642,3.773148,2.056317,12.766178,98.137232,0.483396
B029,116,37.037446,7.065703,51.977292,319.209520,0.704188,0.000000,0.140451,1.585692,3.908131,2.178056,13.651823,98.212013,0.533731
B029,120,36.962861,7.056626,47.935101,319.429020,0.730127,0.000000,0.145351,1.634058,3.814955,2.256360,14.642928,98.089834,0.587652
B029,124,36.991416,7.033691,47.570520,324.864477,0.733996,0.000000,0.154357,1.645180,3.228538,2.593957,15.733817,98.010814,0.645545
B029,128,36.982691,7.042026,49.484178,312.661889,0.749689,0.000000,0.155199,1.617537,2.993408,2.449182,16.042315,98.084783,0.704617
B029,132,37.055726,7.012716,50.608534,313.734909,0.737644,0.000000,0.163995,1.713584,2.958392,2.749345,16.798522,97.506260,0.766108
B029,136,37.063279,7.043355,52.671688,321.128894,0.792336,0.000000,0.169994,1.726708,3.031706,2.901357,17.842107,97.526119,0.831434
B029,140,37.101110,7.045899,49.010906,326.032749,0.769755,0.000000,0.169818,1.725361,3.558366,2.758961,17.911288,97.285808,0.896850
B029,144,36.988147,7.010979,47.690901,328.916864,0.783050,0.000000,0.169417,1.756778,3.318296,3.050043,18.976312,96.953106,0.965920
B029,148,36.935778,7.004793,49.716223,320.362247,0.788988,0.000000,0.168671,1.772768,2.948297,2.889400,19.308109,96.986710,1.036222
B029,152,36.960871,7.024425,48.244456,331.271844,0.813712,0.000000,0.193880,1.737461,2.703570,2.835033,19.926852,97.020099,1.108801
B029,156,37.057372,7.025602,50.483899,322.259657,0.820926,0.000000,0.202006,1.721274,2.516306,2.714995,20.533073,96.923137,1.183514
B029,160,37.121951,7.069953,53.799503,328.670872,0.830976,0.000000,0.187979,1.789588,2.782540,2.574945,20.651648,97.224834,1.258892
B029,164,36.982696,7.069862,51.786599,321.933389,0.837327,0.000000,0.200851,1.807658,2.812375,2.424279,21.408010,96.532767,1.336474
B029,168,36.939971,7.069431,50.185429,327.786990,0.848787,0.000000,0.195515,1.829295,3.098493,2.411918,21.473950,96.581962,1.414335
B029,172,36.891669,7.079960,48.336644,330.560176,0.816055,0.000000,0.193958,1.854240,2.971882,2.226053,20.955520,96.948400,1.490605
B029,176,36.911416,7.063406,49.157632,320.758894,0.849007,0.000000,0.185278,1.852070,2.362214,2.101163,21.032231,96.487859,1.566791
B029,180,37.085287,7.087436,49.698548,325.008269,0.790333,0.000000,0.189546,1.847766,2.597268,1.947306,20.465376,95.955944,1.640514
B029,184,37.024468,7.073165,52.618519,327.301017,0.794883,0.000000,0.176908,1.869839,3.010537,1.770241,20.354385,95.895301,1.713791
B029,188,37.023298,7.089397,50.649057,319.231260,0.779207,0.000000,0.185812,1.939627,3.498821,1.688652,20.040242,95.907879,1.785947
B029,192,36.958934,7.097895,50.888882,319.418125,0.774947,0.000000,0.185270,1.952312,3.159297,1.407097,19.680467,95.862990,1.856774
B029,196,36.961811,7.097321,46.958070,327.403811,0.790752,0.000000,0.185392,1.941151,2.941802,1.339990,19.387596,95.845188,1.926534
B029,200,36.938590,7.101490,49.824561,330.369860,0.778579,0.000000,0.180469,1.961762,2.761003,1.430894,19.194271,95.172228,1.995113
B029,204,37.069683,7.169290,50.890985,320.367675,0.773514,0.000000,0.158409,2.056242,2.741671,1.223821,18.555637,95.064276,2.061336
B029,208,36.977320,7.083281,52.719039,320.198502,0.771458,0.000000,0.175066,1.959671,3.267856,1.167582,18.249219,94.898694,2.126352
B029,212,37.054730,7.114572,52.822694,320.380024,0.774866,0.000000,0.151602,2.038585,3.716113,0.997808,17.430220,94.954849,2.188486
B029,216,36.981150,7.097060,48.113591,318.713806,0.763331,0.000000,0.154008,2.008753,3.714442,0.977913,17.137154,94.573518,2.249331
B029,220,36.979711,7.090148,48.497349,324.043878,0.717398,0.000000,0.152008,2.043769,3.431085,0.971682,16.897598,94.500919,2.309279
B029,224,36.985709,7.063204,49.199115,317.324882,0.746657,0.000000,0.161336,2.100965,3.309417,0.871714,16.545503,94.081970,2.367717
B029,228,37.058528,7.101889,52.207750,319.200527,0.743622,0.000000,0.149786,2.139372,3.187456,0.835614,16.113409,94.338640,2.424785
B029,232,37.102924,7.122732,53.242292,322.792421,0.718612,0.000000,0.145317,2.156338,3.578419,0.754106,16.032665,94.105627,2.481426
B029,236,36.970709,7.124179,50.343101,319.058810,0.728379,0.000000,0.148519,2.147327,4.102212,0.690955,15.144453,93.569902,2.534625
B029,240,37.049033,7.099658,49.543424,322.501394,0.711796,0.000000,0.157791,2.064253,4.030079,0.788342,14.765168,93.660992,2.586542
B030,0,36.933618,7.094084,48.519701,306.423758,0.411827,0.000000,0.039447,0.013906,5.620934,0.096136,0.368667,98.574039,0.000000
B030,4,36.964268,7.107079,47.401740,314.149122,0.467681,0.000000,0.040859,0.000000,5.755615,0.216259,0.704545,97.783619,0.002560
B030,8,36.994387,7.113615,50.382137,297.451032,0.461120,0.000000,0.035000,0.000000,5.447311,0.216512,0.759903,97.959250,0.005327
B030,12,36.992603,7.085054,51.485365,293.293791,0.453113,0.000000,0.057280,0.000000,5.358770,0.261166,0.551450,98.397758,0.007343
B030,16,37.037550,7.077323,51.982386,298.393469,0.437858,0.000000,0.042579,0.072154,5.572017,0.245381,0.471319,98.600783,0.009070
B030,20,36.942095,7.092302,50.334177,298.701924,0.448292,0.000000,0.044367,0.024645,5.461949,0.204922,0.604047,98.021033,0.011271
B030,24,36.987015,7.075700,50.386277,305.229849,0.469678,0.000000,0.036046,0.000000,5.326778,0.355554,0.705049,98.151549,0.013842
B030,28,36.953064,7.078310,49.038604,305.484653,0.480810,0.000000,0.051850,0.003478,5.260642,0.340511,1.329718,97.922086,0.018681
B030,32,37.076743,7.088892,49.131931,303.614567,0.470842,0.000000,0.049744,0.000000,5.227397,0.240702,1.390604,98.318814,0.023762
B030,36,37.059507,7.132782,52.798471,308.324378,0.482583,0.000000,0.047067,0.002242,5.080390,0.502654,1.660229,98.879186,0.029863
B030,40,37.032553,7.062209,52.983049,303.963282,0.462768,0.000000,0.054499,0.000000,4.865269,0.424604,1.679620,98.143162,0.035989
B030,44,36.951690,7.079666,51.284986,301.962580,0.507667,0.000000,0.050361,0.000000,4.765081,0.429847,2.127803,98.140879,0.043749
B030,48,36.911008,7.105027,46.934596,308.839388,0.479979,0.000000,0.048266,1.371194,4.758442,0.598267,2.630436,98.291452,0.053358
B030,52,36.912229,7.114709,47.697063,305.219482,0.507319,0.000000,0.055925,1.372523,4.963356,0.569495,2.830738,98.025961,0.063670
B030,56,37.038219,7.101637,50.498651,301.358997,0.515274,0.000000,0.058349,1.436740,4.911381,0.445510,2.939165,97.566386,0.074327
B030,60,37.090375,7.085805,52.252330,302.746713,0.516581,0.000000,0.050992,1.410585,4.699092,0.621803,3.285382,98.341220,0.086333
B030,64,37.064685,7.102377,50.847757,309.380643,0.519642,0.000000,0.070492,1.421249,4.166168,0.656120,3.665355,98.260450,0.099718
B030,68,36.968564,7.125413,49.724913,307.608703,0.591042,0.000000,0.076440,1.422785,4.153818,0.617214,4.597202,98.194957,0.116494
B030,72,36.949526,7.075621,50.546662,308.740360,0.506528,0.000000,0.063999,1.419657,4.471767,0.906620,4.816855,98.509984,0.134128
B030,76,36.942147,7.081597,48.202049,308.336313,0.529455,0.000000,0.068715,1.465629,4.687234,1.039287,5.312669,97.685957,0.153414
B030,80,36.971093,7.100933,51.906925,301.898968,0.538902,0.000000,0.083581,1.500934,4.728755,0.959392,5.706069,98.089398,0.174214
B030,84,37.110949,7.066480,52.357255,306.296732,0.547170,0.000000,0.076272,1.542145,4.281512,1.067121,6.457512,98.090436,0.197754
B030,88,37.071071,7.083919,53.125215,309.488921,0.591720,0.000000,0.099182,1.539723,3.711700,1.228753,7.567750,97.899529,0.225287
B030,92,36.944377,7.091225,48.935268,317.821454,0.597353,0.000000,0.093077,1.567518,3.861845,1.345677,8.101321,97.849902,0.254746
B030,96,36.923032,7.065368,49.063123,307.631281,0.586557,0.000000,0.095207,1.618174,4.125260,1.505605,8.913729,98.146940,0.287258
B030,100,36.952031,7.059429,48.484269,317.109383,0.663956,0.000000,0.108901,1.562554,4.173084,1.500717,9.806256,97.955067,0.322956
B030,104,36.981639,7.043078,51.977308,310.894289,0.666257,0.000000,0.115305,1.610771,4.117205,1.637909,10.460105,98.070463,0.361078
B030,108,36.999965,7.045840,52.067530,313.454354,0.621204,0.000000,0.133700,1.660389,3.682692,1.885135,11.422833,98.151540,0.402744
B030,112,37.054783,7.056012,52.767500,313.436980,0.684949,0.000000,0.123005,1.626858,3.302975,1.879332,12.217515,98.551381,0.447489
B030,116,36.990153,7.087881,50.139857,311.960834,0.665487,0.000000,0.141806,1.637627,3.268714,2.041089,13.014735,98.176077,0.494973
B030,120,36.896366,7.082807,48.783833,319.026518,0.652924,0.000000,0.145128,1.693948,3.414173,2.208929,13.559128,98.577150,0.544646
B030,124,36.932191,7.052580,46.344357,329.827597,0.727377,0.000000,0.154097,1.694836,3.652207,2.350555,14.650217,97.998992,0.598000
B030,128,36.950349,7.076899,51.421924,316.245413,0.724243,0.000000,0.146361,1.704546,3.507269,2.429332,15.192930,97.418799,0.653004
B030,132,37.024132,7.044550,51.867151,319.297726,0.772509,0.000000,0.152258,1.707096,2.987692,2.495675,16.089842,97.266748,0.711164
B030,136,37.008063,7.074590,51.739594,314.989983,0.772268,0.000000,0.167588,1.797302,2.786165,2.749550,16.870211,97.602049,0.772354
B030,140,36.988942,7.038336,47.886239,325.193493,0.772036,0.000000,0.160893,1.712125,2.720695,2.731153,17.106639,97.242337,0.834174
B030,144,36.990095,7.043133,48.652602,325.839046,0.776644,0.000000,0.165893,1.740700,3.262890,2.752305,17.990986,97.011648,0.899035
B030,148,36.957538,7.029540,48.871281,315.722349,0.762313,0.000000,0.162736,1.851607,3.585073,2.798524,18.318427,97.218298,0.965218
B030,152,36.998877,7.058454,49.780903,321.992446,0.770227,0.000000,0.179682,1.748062,3.214112,2.595488,18.840032,97.431629,1.033434
B030,156,37.027345,7.062191,53.664824,325.399664,0.807898,0.000000,0.184401,1.862568,3.108746,2.533119,19.462301,97.142475,1.103694
B030,160,37.099975,7.075553,52.468083,321.805658,0.807350,0.000000,0.176760,1.843591,2.486195,2.360762,19.571255,96.519157,1.173894
B030,164,36.987684,7.084192,49.544609,324.741231,0.826458,0.000000,0.193554,1.863352,2.621747,2.193784,20.087474,96.973939,1.246286
B030,168,36.979834,7.066408,49.530435,323.475515,0.807284,0.000000,0.193720,1.948528,2.945775,2.237748,20.441510,96.788458,1.319812
B030,172,36.942682,7.060889,48.025069,325.036453,0.805863,0.000000,0.189703,1.921980,3.161938,2.268337,19.912385,96.612045,1.391305
B030,176,37.014541,7.072277,48.848486,330.930982,0.818113,0.000000,0.194479,1.919296,3.376143,2.030563,20.321495,96.671289,1.464311
B030,180,37.007512,7.065407,54.196999,318.805747,0.794770,0.000000,0.181404,1.985190,2.949383,1.913221,20.291477,96.392032,1.536998
B030,184,37.078811,7.098034,51.288363,321.537629,0.799491,0.000000,0.180304,1.945274,2.739492,1.764427,19.840453,95.857823,1.607677
B030,188,37.013738,7.066992,48.468303,326.846202,0.845329,0.000000,0.179156,1.980695,2.673342,1.730031,19.621699,95.978421,1.677664
B030,192,36.937728,7.074603,46.899902,331.412528,0.819222,0.000000,0.185733,1.918710,2.914189,1.615773,19.568014,96.163447,1.747593
B030,196,36.949065,7.055514,49.654747,320.438663,0.807924,0.000000,0.176482,1.994456,3.238008,1.547709,19.434617,95.655819,1.816680
B030,200,37.004310,7.102089,50.620522,322.402127,0.773227,0.000000,0.190824,1.983765,3.422502,1.298140,19.034547,95.270095,1.884072
B030,204,37.068992,7.062876,52.356764,322.440689,0.742594,0.000000,0.179744,2.041906,3.264243,1.147877,18.533378,95.047131,1.949535
B030,208,37.086887,7.033949,51.103473,324.400878,0.767970,0.000000,0.175739,2.069960,2.771840,1.212257,18.337202,95.717150,2.014762
B030,212,37.011461,7.066709,52.076592,320.818942,0.791573,0.000000,0.164763,2.048454,2.895991,1.276441,18.351409,95.059535,2.079592
B030,216,36.998330,7.081249,45.579141,335.725782,0.759350,0.007575,0.168556,2.083273,3.159805,1.095742,17.982887,95.143026,2.143175
B030,220,36.965320,7.085306,47.024930,321.922971,0.771666,0.000000,0.176718,2.088007,3.792986,0.923120,17.310536,94.584418,2.204022
B030,224,36.958385,7.100678,51.836055,323.741455,0.803025,0.000000,0.165771,2.170527,3.588302,0.777814,17.345578,93.972949,2.264597
B030,228,37.072557,7.122319,53.487575,318.611772,0.748310,0.000000,0.165640,2.190899,3.567229,0.798470,16.855854,94.435838,2.323753
B030,232,37.056485,7.088544,52.580574,320.823755,0.720630,0.000000,0.160697,2.209560,3.162922,0.814432,16.846971,93.873207,2.382525
B030,236,37.053495,7.126615,50.252766,315.683931,0.727537,0.000000,0.157426,2.146197,3.233127,0.600952,16.343895,93.919005,2.439569
B030,240,36.941742,7.076822,49.828267,319.289996,0.715830,0.000000,0.152433,2.241515,3.501923,0.703988,16.067880,93.834911,2.495600
B031,0,37.125681,7.127294,50.481626,301.686783,0.473885,0.000000,0.028912,0.000000,5.838790,0.187785,0.821314,97.993519,0.000000
B031,4,37.048322,7.055389,52.119561,301.060678,0.468735,0.000000,0.042025,0.007376,5.675682,0.298723,0.775596,98.128602,0.002797
B031,8,36.955286,7.102597,49.085802,306.119426,0.475476,0.000000,0.043727,0.000000,5.435231,0.187207,0.935448,98.495594,0.006183
B031,12,36.941029,7.026425,48.655853,304.036546,0.472996,0.000000,0.035533,0.017198,5.487925,0.234331,1.047601,98.637728,0.009981
B031,16,36.950405,7.079683,50.513263,300.557527,0.464484,0.000000,0.046337,0.003117,5.414641,0.263016,0.939428,98.100281,0.013368
B031,20,37.008101,7.093788,52.312064,298.562230,0.471334,0.000000,0.044135,0.054857,5.423372,0.343642,1.182621,98.200473,0.017636
B031,24,37.004009,7.096362,53.480226,299.320625,0.477149,0.000000,0.042336,0.000000,5.168316,0.393163,1.683027,97.771979,0.023683
B031,28,37.086499,7.108977,52.371097,300.903655,0.463889,0.000000,0.041199,0.000000,5.294960,0.351204,1.690248,97.799115,0.029758
B031,32,36.970904,7.098358,48.484970,306.085412,0.487761,0.000000,0.047401,0.000000,4.982919,0.406855,1.971254,97.828464,0.036845
B031,36,36.935517,7.053026,47.675940,310.724400,0.486680,0.000000,0.065422,0.000000,4.926054,0.555412,2.334810,98.272520,0.045278
B031,40,36.975351,7.043542,48.572065,302.287376,0.515462,0.000000,0.049544,0.004672,4.821474,0.591549,2.817761,98.298572,0.055457
B031,44,37.005347,7.103255,51.004706,308.153879,0.513230,0.000000,0.056380,0.000000,4.693157,0.430156,3.089424,97.730701,0.066553
B031,48,37.044062,7.119558,52.677990,308.411393,0.523452,0.000000,0.060906,1.331566,4.549708,0.772650,3.534587,98.049217,0.079290
B031,52,37.039871,7.119669,50.838707,309.335621,0.531585,0.000000,0.075389,1.376716,4.847157,0.684259,3.999293,98.505303,0.093768
B031,56,36.936573,7.133349,48.451935,310.042793,0.512075,0.000000,0.068808,1.393040,4.784533,0.824241,4.422895,98.030021,0.109702
B031,60,36.937447,7.085031,47.734917,309.555230,0.514386,0.000000,0.069260,1.444653,4.405396,0.832455,5.120892,98.303216,0.128203
B031,64,36.939832,7.128865,48.892854,315.633238,0.543000,0.000000,0.068016,1.461728,4.117684,0.917331,5.593108,98.641562,0.148479
B031,68,37.004018,7.061559,52.079150,305.656981,0.568997,0.000000,0.092767,1.425271,3.725872,1.242344,6.549919,98.530974,0.172197
B031,72,37.003016,7.107175,53.572924,306.012550,0.566232,0.000000,0.079451,1.435580,4.307675,1.330245,7.464385,98.419140,0.199195
B031,76,36.999657,7.107112,51.735149,308.517415,0.596438,0.000000,0.089679,1.514171,4.380963,1.346204,8.317442,98.031091,0.229161
B031,80,36.997034,7.042980,47.631634,314.222248,0.594709,0.000000,0.093766,1.537610,4.263415,1.504273,9.050553,98.169455,0.261813
B031,84,36.958296,7.048680,47.658871,320.015618,0.604599,0.000000,0.106415,1.499073,4.186341,1.411687,9.826526,98.244239,0.297293
B031,88,36.929070,7.045283,50.537272,311.184282,0.643332,0.000000,0.113207,1.497388,3.530933,1.695086,10.437715,98.030728,0.334897
B031,92,37.020955,7.112519,51.211811,308.586165,0.672609,0.000000,0.119473,1.563755,3.403525,1.897293,11.550188,98.277612,0.376614
B031,96,37.076505,7.045423,53.180882,311.918420,0.661004,0.000000,0.128818,1.622565,3.730989,1.971955,12.508181,98.007502,0.421666
B031,100,36.988609,7.035539,53.214309,316.865851,0.701302,0.000000,0.130849,1.616513,4.032910,2.115809,13.126786,97.910051,0.468900
B031,104,36.923058,7.101787,49.885534,314.711004,0.685979,0.000000,0.136763,1.580653,3.784351,2.229271,13.804491,97.792813,0.518513
B031,108,36.972672,7.052526,50.117634,313.617558,0.713838,0.000000,0.135864,1.626453,3.270811,2.398198,14.438845,97.536994,0.570270
B031,112,36.926588,7.053471,47.540377,325.618680,0.705461,0.000000,0.147310,1.621841,2.868189,2.422798,15.319360,97.004066,0.624883
B031,116,36.952531,7.028242,51.252992,319.875548,0.718754,0.000000,0.148804,1.633141,3.066727,2.650697,15.981322,96.967014,0.681835
B031,120,37.091287,7.034313,49.841643,319.577000,0.716041,0.000000,0.161509,1.671491,3.132923,2.655891,16.719604,97.103604,0.741501
B031,124,37.005375,7.028014,51.047361,321.921291,0.710174,0.000000,0.158801,1.680573,3.482966,2.677008,17.303036,96.111570,0.802619
B031,128,36.948676,7.088213,50.216957,317.998600,0.783841,0.000000,0.156242,1.704159,3.271934,2.718281,17.458118,96.375596,0.864453
B031,132,36.910885,7.002673,48.432532,326.907276,0.779836,0.000000,0.171090,1.752996,2.980729,2.859813,17.951940,95.376168,0.927378
B031,136,36.943316,7.047372,47.697954,321.460543,0.793327,0.000000,0.184839,1.694698,2.584964,3.008304,18.732120,95.430697,0.993074
B031,140,37.048859,7.069303,51.430470,318.996660,0.833121,0.000000,0.169353,1.773204,2.614196,2.974857,18.892368,95.352584,1.059279
B031,144,37.121788,7.081353,53.474635,324.157422,0.778751,0.000000,0.179491,1.828442,2.983247,3.001641,19.227980,95.667529,1.126882
B031,148,37.033195,7.006810,49.978543,322.003432,0.821764,0.000000,0.175525,1.775719,3.173808,2.768287,19.449174,95.123799,1.194874
B031,152,36.992983,7.051122,47.983467,329.950750,0.796984,0.000000,0.181349,1.784907,3.051823,2.694703,19.804990,94.973897,1.264000
B031,156,36.909890,7.049107,48.779374,327.108757,0.826809,0.000000,0.199146,1.856404,2.807074,2.375328,19.622747,95.616088,1.332954
B031,160,36.993111,7.038061,49.819269,316.722562,0.816504,0.000000,0.180498,1.861058,2.393975,2.627655,20.039220,94.548274,1.402585
B031,164,37.025425,7.074338,51.551586,321.774323,0.823036,0.000000,0.186253,1.891270,2.519168,2.454270,20.651565,94.704848,1.474463
B031,168,37.063315,7.083091,54.342640,321.696771,0.809884,0.000000,0.188476,1.869951,2.778757,2.325963,20.508815,94.379992,1.545598
B031,172,37.052110,7.054124,50.702152,323.513589,0.813340,0.000000,0.172388,1.938425,3.060959,2.174228,20.013722,94.372815,1.615012
B031,176,36.953538,7.103222,48.803234,324.376069,0.812958,0.000000,0.172784,1.865804,3.566766,1.992147,19.586874,94.543876,1.683068
B031,180,36.900056,7.077532,46.571651,336.148803,0.826400,0.000000,0.168268,1.932904,3.009903,1.927730,19.510012,94.209115,1.750616
B031,184,36.985083,7.087139,49.339993,329.022470,0.835673,0.000000,0.190503,1.998597,2.551353,1.704207,19.246489,93.977860,1.817089
B031,188,37.043712,7.085559,49.972107,321.821495,0.800575,0.000000,0.190179,1.972762,2.662780,1.599897,18.761598,93.785961,1.881755
B031,192,37.076562,7.074157,53.673912,325.188970,0.784829,0.000000,0.181967,1.994279,3.244570,1.369336,18.692388,93.405719,1.945921
B031,196,37.051771,7.109334,51.223806,323.170961,0.763254,0.000000,0.161786,2.039481,3.457746,1.350206,18.080103,93.530663,2.008069
B031,200,36.928460,7.088885,49.404871,325.599311,0.765884,0.000000,0.173009,2.027230,3.627539,1.203206,17.784966,93.058146,2.068893
B031,204,36.887193,7.042564,46.407634,331.193024,0.755799,0.000000,0.161671,2.028815,3.357622,1.145628,17.194921,93.576633,2.128027
B031,208,36.962391,7.064037,50.179458,318.708923,0.716260,0.000000,0.161608,2.050931,3.158287,0.977196,17.292166,92.862226,2.187041
B031,212,36.957574,7.104190,52.511368,325.606888,0.732125,0.000000,0.166861,2.097400,2.827508,1.059716,16.487076,92.688366,2.243202
B031,216,37.044154,7.026705,50.861701,318.011089,0.711145,0.000000,0.163329,2.108399,3.566045,0.864452,16.060164,92.534494,2.297818
B031,220,37.012399,7.089065,50.580793,317.392041,0.732242,0.000000,0.146100,2.131911,3.783598,0.825712,15.745292,92.274859,2.351213
B031,224,37.044769,7.118783,50.489196,321.290877,0.724302,0.000000,0.157816,2.162837,3.865521,0.789536,15.921364,92.519044,2.405348
B031,228,36.944241,7.044785,47.818758,321.067370,0.717831,0.000000,0.145492,2.102903,3.563471,0.820600,15.533869,92.352131,2.458071
B031,232,36.947384,7.048933,48.629347,322.222026,0.716067,0.000000,0.156691,2.209823,3.220932,0.722908,15.121523,91.783772,2.509078
B031,236,37.038059,7.136814,53.238684,318.108437,0.723260,0.000000,0.147757,2.127457,3.504601,0.669967,14.839244,91.878899,2.559184
B031,240,37.066515,7.061714,53.397431,319.162861,0.728185,0.000000,0.148469,2.188471,3.974966,0.437735,14.615418,91.779069,2.608481
B032,0,37.053492,7.113895,50.465972,295.973554,0.483020,0.000000,0.031261,0.000000,5.876248,0.161586,0.656791,97.779036,0.000000
B032,4,36.955934,7.097695,47.983587,305.035277,0.471908,0.000000,0.028490,0.000000,5.697220,0.214496,0.831804,98.526486,0.003209
B032,8,36.936496,7.064359,46.282703,309.249661,0.444094,0.000000,0.043814,0.000000,5.750280,0.193238,0.590583,98.344753,0.005483
B032,12,36.961400,7.054639,48.622855,305.967196,0.457293,0.000000,0.042225,0.038766,5.571734,0.181312,0.457994,98.109850,0.007242
B032,16,37.010310,7.083900,50.665111,298.408458,0.462757,0.000000,0.033199,0.000000,5.374534,0.127745,0.619658,97.796562,0.009615
B032,20,37.031320,7.097054,50.488434,300.878410,0.473704,0.000000,0.033911,0.000000,5.319807,0.235806,0.949271,97.803005,0.013250
B032,24,37.057527,7.097695,50.009012,301.739331,0.480323,0.000000,0.030081,0.000000,5.264038,0.433146,1.129473,97.910437,0.017580
B032,28,36.941864,7.071317,48.323705,311.066731,0.455602,0.000000,0.036591,0.020303,5.142577,0.298905,1.083782,98.103945,0.021742
B032,32,36.972994,7.051723,47.535018,308.968443,0.457488,0.000000,0.043221,0.000000,4.966067,0.384730,1.389545,98.267883,0.027089
B032,36,36.968533,7.077898,49.418639,301.266749,0.477359,0.000000,0.048850,0.000000,5.068716,0.371840,1.864454,98.276628,0.034263
B032,40,37.014545,7.069138,50.796447,292.264259,0.461907,0.000000,0.050739,0.000000,4.887902,0.338722,1.535561,98.380867,0.040178
B032,44,37.117421,7.084552,51.514470,300.913705,0.497771,0.000000,0.043760,0.000000,4.593703,0.336109,1.938132,97.949030,0.047610
B032,48,37.011539,7.142379,47.968176,306.266826,0.504300,0.000000,0.061197,1.354909,4.697312,0.483437,2.128046,97.848177,0.055763
B032,52,36.961074,7.085323,46.696372,312.031421,0.496132,0.000000,0.059252,1.310118,5.228689,0.408458,2.475995,98.065421,0.065270
B032,56,36.922713,7.074409,49.105471,304.563330,0.502554,0.000000,0.056513,1.444401,4.968657,0.511480,2.826056,98.165275,0.076131
B032,60,36.983467,7.108162,47.594968,308.093270,0.493579,0.000000,0.048781,1.408507,4.814533,0.546202,2.983707,98.623163,0.087653
B032,64,37.027083,7.097698,49.382297,306.760886,0.489215,0.000000,0.064970,1.386316,4.277968,0.704247,3.467811,98.497287,0.101026
B032,68,37.115713,7.116663,50.897768,306.653909,0.506767,0.000000,0.064618,1.468214,4.557406,0.832684,4.080139,98.130545,0.116702
B032,72,36.936531,7.127296,50.746426,304.665820,0.525905,0.000000,0.070302,1.504204,4.585016,0.738753,4.212620,98.179468,0.132896
B032,76,36.907093,7.095908,48.642209,304.294201,0.561439,0.000000,0.067329,1.510453,4.793527,0.976391,4.855339,98.221587,0.151568
B032,80,36.928273,7.075624,44.700091,310.416879,0.569974,0.023398,0.078893,1.503362,4.693810,0.973671,5.407455,98.547487,0.172432
B032,84,37.001075,7.044516,49.232771,310.748634,0.566557,0.000000,0.075198,1.476999,4.371634,0.915880,5.771233,97.975831,0.194571
B032,88,37.046405,7.052825,49.337391,316.035944,0.580743,0.000000,0.074633,1.571060,4.008075,1.204869,6.727319,98.434980,0.220498
B032,92,37.096748,7.092518,52.084822,307.669008,0.576591,0.000000,0.086221,1.541114,3.660102,1.261247,7.436496,98.170030,0.249081
B032,96,36.987438,7.084691,50.916852,310.465643,0.553533,0.000000,0.108438,1.531640,4.231153,1.301168,8.265166,97.661317,0.280685
B032,100,37.037077,7.060964,50.390126,309.544914,0.630810,0.000000,0.104501,1.580531,4.423787,1.515665,8.795045,98.157485,0.314485
B032,104,36.967399,7.074649,49.603774,314.776108,0.603603,0.000000,0.119669,1.563381,4.307195,1.667562,9.826662,98.148233,0.352247
B032,108,37.035874,7.043802,48.829296,310.834564,0.633433,0.000000,0.123755,1.607140,3.528355,1.769040,10.536998,98.206589,0.392763
B032,112,37.024721,7.086326,50.608911,315.464774,0.649554,0.000000,0.126375,1.671693,3.712570,1.849118,11.002822,98.276931,0.435100
B032,116,37.074392,7.074358,53.266075,314.718570,0.686256,0.000000,0.132135,1.662511,3.698941,1.944010,12.472987,98.394327,0.483151
B032,120,37.049375,7.075135,50.377900,316.347695,0.677425,0.000000,0.116277,1.678799,3.524969,2.078371,12.614016,98.405282,0.531751
B032,124,36.975497,7.089552,49.038420,320.162158,0.708208,0.000000,0.133641,1.695554,3.791490,2.065474,13.503087,97.986182,0.583555
B032,128,36.935421,7.039505,47.431534,325.313847,0.743445,0.000000,0.138652,1.683890,3.884041,2.333558,14.334671,97.719512,0.638399
B032,132,36.985494,7.080952,48.309750,321.029085,0.701420,0.000000,0.145235,1.743414,3.156602,2.521680,15.117931,97.624552,0.696184
B032,136,37.058404,7.080024,52.532635,322.163582,0.740113,0.000000,0.148608,1.789178,2.971711,2.435637,15.900108,97.831049,0.757087
B032,140,37.071559,7.083371,54.060187,321.360336,0.745241,0.000000,0.159651,1.757873,2.767375,2.529771,16.653144,98.039791,0.821011
B032,144,37.025338,7.051056,52.657337,318.914417,0.769724,0.000000,0.158353,1.775562,3.166656,2.675020,17.251871,97.357195,0.886772
B032,148,36.996909,7.006308,50.313638,318.243431,0.776663,0.000000,0.175331,1.808108,3.304073,2.646049,18.090684,97.055894,0.955517
B032,152,36.941983,7.002779,47.461279,327.234800,0.785714,0.000000,0.178755,1.806672,3.282537,2.611448,18.624822,97.477017,1.026599
B032,156,36.999129,7.050523,47.274321,330.631874,0.766989,0.000000,0.184403,1.830239,2.863932,2.579561,19.178565,97.019173,1.099450
B032,160,36.944086,7.084942,52.954893,327.878005,0.797327,0.000000,0.181148,1.916550,2.418250,2.381395,19.637825,96.686947,1.173791
B032,164,37.018070,7.099516,52.155832,323.352620,0.812243,0.000000,0.195604,1.890249,2.857847,2.251093,19.909694,97.052294,1.249445
B032,168,37.035151,7.050490,51.110193,325.062201,0.826473,0.000000,0.204922,1.948059,3.018417,2.191585,20.426507,96.954488,1.326985
B032,172,36.969483,7.056441,49.490017,322.147712,0.819320,0.000000,0.195199,1.902933,3.213582,2.112657,20.124216,96.997210,1.403411
B032,176,36.918920,7.078722,46.306748,329.715395,0.836553,0.000000,0.183333,1.942813,3.127810,2.024019,20.005116,96.417410,1.478931
B032,180,36.889782,7.030123,48.734770,328.687274,0.815672,0.000000,0.182115,1.970325,2.737625,1.867346,20.034867,96.120375,1.554330
B032,184,37.011906,7.053352,49.985319,321.380043,0.788148,0.000000,0.188226,1.928190,2.616515,1.731871,20.189057,96.301387,1.630452
B032,188,37.009790,7.077526,52.647498,329.625311,0.844646,0.000000,0.200476,1.948061,2.790685,1.708868,19.944938,96.083358,1.705484
B032,192,36.973374,6.982770,47.830873,328.116188,0.806103,0.000000,0.170848,2.030674,2.907808,1.523904,19.873459,95.975224,1.780163
B032,196,37.057264,7.060057,47.772101,325.020459,0.834404,0.000000,0.181262,2.007260,3.357503,1.524337,19.007181,95.382228,1.851145
B032,200,36.954604,7.021902,48.105620,323.521663,0.775206,0.000000,0.178377,2.001714,3.371872,1.276937,19.159409,95.778468,1.922993
B032,204,36.920344,7.066190,47.518509,328.616062,0.815627,0.000000,0.177379,2.018910,3.189836,1.328167,18.846294,95.413165,1.993397
B032,208,37.053655,7.120967,52.695964,323.559561,0.778339,0.000000,0.170149,2.043235,2.785266,1.260232,18.483911,95.410778,2.062446
B032,212,37.114352,7.119618,52.967803,318.409424,0.792089,0.000000,0.167334,2.115071,2.965535,1.141392,18.186148,94.617429,2.129817
B032,216,36.984231,7.085836,52.523588,317.495927,0.771257,0.000000,0.172193,2.143162,3.266852,0.994819,17.886213,94.639852,2.196093
B032,220,36.978408,7.071831,49.488798,322.930828,0.763844,0.000000,0.166282,2.133456,3.564445,1.051724,17.518929,94.220459,2.260720
B032,224,36.998447,7.075444,46.831963,325.504757,0.753243,0.000000,0.161574,2.183367,3.795058,0.839962,17.586212,94.219239,2.325595
B032,228,36.978714,7.054241,49.199327,324.245763,0.761765,0.000000,0.172302,2.169742,3.571546,0.870844,17.075174,94.078099,2.388490
B032,232,37.013562,7.073509,49.909697,322.328403,0.769163,0.000000,0.156855,2.150581,3.199336,0.730415,16.863912,93.703080,2.450360
B032,236,37.073264,7.126621,50.333812,321.602466,0.752408,0.000000,0.165814,2.200622,3.268330,0.779713,16.482322,93.673247,2.510810
B032,240,36.967100,7.157086,50.364162,321.924079,0.750993,0.000000,0.141040,2.268133,3.711725,0.612164,16.107723,94.025347,2.570108
B033,0,37.010541,7.058135,53.191781,298.256178,0.457344,0.000000,0.033017,0.004888,6.016907,0.032910,0.100000,98.202584,0.000000
B033,4,37.021823,7.128786,50.159727,299.305310,0.469308,0.000000,0.042595,0.007901,5.646790,0.105633,0.517965,98.410496,0.001901
B033,8,36.976437,7.118314,49.115334,300.367291,0.453299,0.000000,0.033832,0.034282,5.469980,0.087720,0.463560,98.200435,0.003599
B033,12,36.948951,7.097257,47.639770,302.007320,0.451536,0.000000,0.030264,0.040318,5.758546,0.126366,0.247666,97.950392,0.004504
B033,16,37.020361,7.074080,47.752849,305.687417,0.449817,0.000000,0.028050,0.000000,5.297017,0.167294,0.612089,98.533999,0.006753
B033,20,37.068860,7.117492,53.272803,302.280027,0.450580,0.000000,0.030392,0.004823,5.391303,0.262694,0.479367,98.286505,0.008511
B033,24,37.067377,7.081528,51.226439,305.409396,0.483117,0.000000,0.041991,0.019879,5.312971,0.271640,0.691876,98.107120,0.011043
B033,28,37.044424,7.124008,49.819110,305.625869,0.451716,0.000000,0.044227,0.091278,5.001311,0.235288,0.845151,98.457080,0.014146
B033,32,36.923326,7.080940,46.771652,311.797494,0.451796,0.000000,0.029253,0.032103,4.992809,0.307827,0.987925,98.370637,0.017771
B033,36,36.887593,7.061156,47.130632,310.197720,0.486010,0.000000,0.038021,0.022499,5.071932,0.244547,1.255096,98.060234,0.022362
B033,40,37.021301,7.119871,47.004302,303.093936,0.483231,0.000000,0.067184,1.270131,4.940496,0.425313,1.598153,98.698987,0.028245
B033,44,37.078124,7.147712,49.962644,303.882592,0.487527,0.000000,0.033238,1.329583,5.205389,0.243766,1.716045,98.229838,0.034532
B033,48,37.035856,7.130420,53.543463,306.286263,0.525079,0.000000,0.048149,1.296486,5.190796,0.389502,2.236789,98.320102,0.042735
B033,52,37.044002,7.080358,51.855424,299.105269,0.457697,0.000000,0.049423,1.313351,4.883983,0.414902,1.611687,98.108218,0.048633
B033,56,36.951288,7.105851,47.520151,304.205611,0.473673,0.000000,0.034852,1.402689,4.634649,0.517782,2.308206,97.795922,0.057052
B033,60,36.923091,7.107009,46.671477,309.971756,0.516060,0.000000,0.044079,1.344332,4.318042,0.711212,3.157643,98.200378,0.068618
B033,64,37.011983,7.118930,47.608670,310.190205,0.510686,0.000000,0.066171,1.454954,4.610373,0.583614,3.001897,98.104975,0.079602
B033,68,37.053511,7.089950,50.732761,307.198508,0.524675,0.000000,0.056944,1.442538,5.039115,0.634087,3.485029,98.532297,0.092410
B033,72,37.087882,7.097389,50.461155,306.561775,0.541684,0.000000,0.049876,1.458592,4.596515,0.763030,4.047644,98.267339,0.107246
B033,76,37.062762,7.119740,49.412453,305.342950,0.506078,0.000000,0.060118,1.381444,4.671022,0.822267,4.450951,98.267422,0.123560
B033,80,36.917285,7.083713,48.030553,308.866432,0.548133,0.000000,0.081061,1.435427,4.298823,0.844071,5.058927,98.234739,0.142096
B033,84,36.954833,7.036377,47.342586,313.491725,0.566042,0.000000,0.076374,1.491702,4.015335,1.052139,5.651595,98.102269,0.162775
B033,88,36.961699,7.050071,50.795022,311.839730,0.564000,0.000000,0.083856,1.478317,4.506431,1.195682,6.687869,98.070315,0.187239
B033,92,37.062246,7.063754,48.161631,318.167284,0.584816,0.000000,0.085467,1.549122,4.206058,1.161646,7.338557,98.104742,0.214092
B033,96,37.078356,7.123392,52.358012,313.367631,0.602871,0.000000,0.099437,1.491471,4.573693,1.413077,8.052025,97.642172,0.243417
B033,100,36.983437,7.057508,51.848948,311.223923,0.635472,0.000000,0.094600,1.543212,4.096574,1.259911,8.720188,98.155458,0.275342
B033,104,36.966362,7.064027,49.129806,312.465000,0.609552,0.000000,0.105876,1.553047,3.562956,1.509170,9.708035,98.122693,0.310872
B033,108,36.962964,7.023838,47.827349,310.594998,0.620285,0.000000,0.121446,1.632139,3.697554,1.719245,10.401108,98.201502,0.348969
B033,112,36.998322,7.058914,50.738853,313.038350,0.649075,0.000000,0.128616,1.580939,3.805271,1.854637,11.403324,97.992842,0.390648
B033,116,37.067762,7.080685,50.579021,313.948684,0.706699,0.000000,0.117204,1.632853,3.783723,1.962138,11.948462,97.524916,0.434111
B033,120,37.065336,7.086987,53.862146,316.881326,0.686665,0.000000,0.138063,1.619655,4.027122,2.066030,12.717826,97.841923,0.480523
B033,124,37.073096,7.076365,49.696043,314.940552,0.693227,0.000000,0.137950,1.622655,3.453186,2.171296,13.529215,98.121055,0.530037
B033,128,36.892071,7.103466,48.106402,320.720911,0.699305,0.000000,0.137464,1.733889,3.215113,2.116328,14.271090,97.808946,0.582100
B033,132,37.001317,7.033389,48.611457,318.198587,0.734017,0.000000,0.136977,1.587342,3.241400,2.349260,15.088599,98.076890,0.637296
B033,136,37.052575,7.090814,49.695235,316.274522,0.726274,0.000000,0.148399,1.696817,3.142192,2.498528,15.847334,97.972818,0.695206
B033,140,37.092786,7.093922,51.215067,315.924586,0.739705,0.000000,0.173855,1.701282,3.426661,2.548892,16.555104,97.506319,0.755415
B033,144,37.035298,7.041565,50.759147,320.823347,0.775451,0.000000,0.161220,1.647472,3.304680,2.780986,17.235006,97.223136,0.817914
B033,148,37.036284,7.050212,50.536356,321.312100,0.774006,0.000000,0.159503,1.774237,3.004294,2.700771,17.984139,97.274332,0.883164
B033,152,36.945567,7.042863,45.319748,335.769913,0.760712,0.012245,0.178854,1.739100,2.522268,2.693591,18.585610,96.781634,0.950255
B033,156,36.942547,7.030465,47.290912,330.706495,0.768709,0.000000,0.185225,1.819294,2.651981,2.491962,19.000351,97.219018,1.019153
B033,160,37.005977,7.031656,49.284914,324.153442,0.808759,0.000000,0.180338,1.757247,2.957754,2.368593,19.233546,97.023246,1.088756
B033,164,36.998173,7.030619,52.902642,323.357301,0.787484,0.000000,0.177866,1.835327,3.221006,2.368412,19.941411,96.799045,1.160754
B033,168,37.092466,7.089447,51.311951,315.158778,0.788172,0.000000,0.203051,1.829381,3.241712,2.331018,20.116997,96.694550,1.233307
B033,172,36.991150,7.073801,50.105951,323.612429,0.855792,0.000000,0.197315,1.855317,2.698311,2.076165,20.561093,96.800273,1.307543
B033,176,36.989360,7.025965,47.453516,329.207745,0.792425,0.000000,0.188828,1.815692,2.687124,2.054150,19.963944,96.520519,1.379415
B033,180,36.929727,7.050439,48.183434,323.537014,0.782516,0.000000,0.188028,1.855379,2.667075,1.912278,19.926924,96.310112,1.450997
B033,184,37.038062,7.124582,49.341680,324.243549,0.806277,0.000000,0.186167,1.933851,3.033969,1.823277,20.206195,95.646552,1.523083
B033,188,37.054673,7.053892,50.956499,319.016743,0.830310,0.000000,0.176497,1.913621,3.143533,1.654008,19.905636,95.911887,1.594293
B033,192,37.026782,7.049446,53.045924,322.329105,0.800017,0.000000,0.173182,1.992476,3.391114,1.597391,19.608892,95.907483,1.664438
B033,196,36.988776,7.070382,50.482421,322.570695,0.787253,0.000000,0.193096,1.938230,3.112023,1.404611,19.228492,95.871806,1.733197
B033,200,36.912866,7.067363,47.376179,327.972952,0.780139,0.000000,0.177849,1.965932,2.846805,1.328968,19.184827,95.044199,1.801208
B033,204,36.901854,7.084901,47.217733,330.262000,0.772361,0.000000,0.171353,2.013660,2.971443,1.171248,18.943200,95.427775,1.868633
B033,208,36.976666,7.083800,52.717531,320.758444,0.795361,0.000000,0.178730,2.008219,2.948608,1.313776,18.813632,94.795046,1.935153
B033,212,36.987110,7.053213,52.861100,327.416575,0.799696,0.000000,0.183073,1.956378,3.571417,1.124745,18.354229,95.192812,2.000321
B033,216,37.039212,7.062797,53.401233,322.873404,0.770378,0.000000,0.167028,1.996239,3.627057,1.224377,17.980429,95.089490,2.064092
B033,220,36.976445,7.114917,46.656276,327.352815,0.742153,0.000000,0.154592,2.042789,3.568494,0.870861,17.686237,94.796334,2.126626
B033,224,36.874168,7.061181,47.535463,329.285465,0.772083,0.000000,0.180050,2.070699,3.032008,0.909432,17.634224,94.654359,2.188884
B033,228,36.905812,7.059555,47.194632,324.185669,0.761267,0.000000,0.163051,2.075051,3.291522,0.810186,17.230618,94.473727,2.249600
B033,232,36.999845,7.092439,48.905270,314.935605,0.783957,0.000000,0.154257,2.124173,3.754242,0.793255,17.173577,94.097093,2.309874
B033,236,37.026371,7.168943,52.883863,317.411430,0.729386,0.000000,0.148551,2.121986,3.735251,0.727588,16.875911,94.319191,2.369243
B033,240,37.056124,7.102752,52.038367,319.748705,0.735539,0.000000,0.157485,2.161281,3.826927,0.621383,16.204599,93.505487,2.425759
B034,0,36.955630,7.097850,47.251955,307.361622,0.448883,0.000000,0.033731,0.000000,5.588595,0.245411,0.575751,98.053773,0.000000
B034,4,36.978748,7.124457,50.866276,293.036769,0.449609,0.000000,0.037895,0.052735,5.463522,0.253730,0.563107,98.015064,0.002161
B034,8,37.074491,7.094266,50.918758,305.871092,0.420183,0.000000,0.034896,0.000000,5.605169,0.062841,0.253393,98.534890,0.003138
B034,12,37.040157,7.100435,53.242435,297.800066,0.474383,0.000000,0.038335,0.044676,5.669301,0.222269,0.776089,98.619787,0.006135
B034,16,37.068795,7.139418,51.992781,300.495322,0.477178,0.000000,0.047263,0.000877,5.403216,0.142365,0.859854,97.989273,0.009434
B034,20,36.989537,7.086998,47.781970,303.585660,0.440738,0.000000,0.028757,0.001584,5.190246,0.282935,0.823376,98.311769,0.012603
B034,24,36.922730,7.133758,48.968133,309.334916,0.485503,0.000000,0.044588,0.000000,5.119311,0.327738,1.204956,98.206449,0.017236
B034,28,36.937926,7.047696,48.987417,303.093251,0.507368,0.000000,0.055656,0.000000,5.183174,0.287443,1.356687,98.226015,0.022453
B034,32,36.968337,7.094609,49.733138,306.314308,0.449675,0.000000,0.042002,0.000000,5.242379,0.279143,1.632827,97.993238,0.028718
B034,36,37.039691,7.067776,52.203194,305.536183,0.487173,0.000000,0.048021,0.000000,5.081235,0.452334,1.876843,98.057999,0.035923
B034,40,37.037540,7.009652,51.695758,303.179938,0.493309,0.000000,0.052267,0.036799,4.807597,0.293568,1.874986,98.131080,0.043127
B034,44,36.971660,7.133012,51.177117,303.505721,0.500063,0.000000,0.062982,0.039946,4.832832,0.464690,2.530139,98.319162,0.052866
B034,48,36.991246,7.085866,47.689232,311.467748,0.476243,0.000000,0.057777,1.356494,4.626862,0.417936,2.516264,98.249373,0.062545
B034,52,36.972485,7.023105,44.854953,318.324280,0.512721,0.020611,0.062474,1.302502,4.906316,0.582055,3.005850,97.752474,0.074049
B034,56,37.044875,7.044513,50.542592,302.992410,0.562491,0.000000,0.049609,1.351029,5.052564,0.614517,3.252174,97.753477,0.086496
B034,60,37.091589,7.067687,51.720421,307.247292,0.503352,0.000000,0.064631,1.405776,4.580962,0.639567,3.972139,98.101149,0.101752
B034,64,37.018366,7.065362,49.309288,307.273770,0.537630,0.000000,0.073276,1.352701,4.398390,0.776177,4.531565,98.320975,0.119196
B034,68,36.856424,7.068513,49.818208,307.535016,0.541326,0.000000,0.071821,1.417696,4.015111,0.809228,4.931622,97.992576,0.138116
B034,72,36.919604,7.042645,45.457703,321.002639,0.536533,0.009761,0.071963,1.447734,4.417303,0.872125,5.517950,98.246654,0.159341
B034,76,36.979966,7.082247,48.578640,305.940338,0.547258,0.000000,0.080743,1.515679,4.513904,1.114966,6.145551,98.508658,0.183043
B034,80,37.025820,7.107683,52.517748,303.061981,0.567336,0.000000,0.083236,1.531505,4.605601,1.189678,7.179600,98.185562,0.210642
B034,84,37.003266,7.024319,53.696340,310.572400,0.586380,0.000000,0.099633,1.496210,4.201649,1.314761,7.687228,97.742199,0.240059
B034,88,36.992559,7.079933,51.930544,309.370310,0.632261,0.000000,0.085876,1.508671,3.541251,1.397335,8.890615,98.070926,0.274195
B034,92,36.966020,7.023044,51.105896,312.617020,0.629517,0.000000,0.100246,1.530603,3.538112,1.510654,9.491526,98.323147,0.310733
B034,96,36.880915,7.138920,47.450916,321.477885,0.655132,0.000000,0.109483,1.543367,3.848886,1.489823,10.031530,98.353478,0.349361
B034,100,36.977235,7.037411,48.473662,315.141477,0.658846,0.000000,0.117802,1.578173,3.817961,1.783357,11.314261,97.991028,0.392768
B034,104,37.064153,7.075106,51.314151,311.438457,0.670307,0.000000,0.117737,1.591120,3.970424,1.926962,11.641054,98.123574,0.437489
B034,108,37.023908,7.033609,52.691100,314.319836,0.673710,0.000000,0.146486,1.673945,3.723258,2.089393,12.570447,98.355951,0.485895
B034,112,37.052200,7.085570,52.636508,311.629070,0.677025,0.000000,0.122569,1.565142,3.186100,2.043271,13.038650,97.853029,0.535847
B034,116,37.028015,7.017875,51.521938,313.861767,0.699672,0.000000,0.144797,1.591615,2.929409,2.184084,14.189879,97.927580,0.590251
B034,120,36.911675,7.085735,47.714616,322.244424,0.707040,0.000000,0.154238,1.647917,3.369105,2.389520,14.391984,98.014862,0.645480
B034,124,37.006807,7.057619,46.337627,324.126832,0.741927,0.000000,0.141172,1.693273,3.362247,2.499235,15.505146,97.620557,0.704740
B034,128,37.049958,7.065859,51.550588,314.451458,0.758287,0.000000,0.156010,1.675840,3.518603,2.475348,15.759707,97.670698,0.765004
B034,132,37.034964,7.065514,52.886488,321.433871,0.755875,0.000000,0.165194,1.743553,3.193269,2.717003,16.857696,97.443998,0.829317
B034,136,36.965616,7.021537,51.269372,323.783284,0.774876,0.000000,0.154276,1.731860,2.832334,2.597792,16.910481,97.741101,0.894029
B034,140,36.950273,7.087725,48.854859,323.920918,0.765169,0.000000,0.169285,1.787560,2.851338,2.746381,17.635519,97.903229,0.961627
B034,144,36.919642,7.031555,48.564089,326.990216,0.756590,0.000000,0.165963,1.813339,3.175650,2.890146,17.706988,97.461377,1.029192
B034,148,36.990509,7.053179,47.744610,325.404099,0.737860,0.000000,0.165289,1.840293,3.486325,2.732478,18.376346,96.974607,1.098961
B034,152,37.042347,7.087442,52.653191,326.651603,0.785307,0.000000,0.176581,1.796231,3.296895,2.686740,18.567112,96.973762,1.169454
B034,156,37.043628,7.119816,53.395304,320.980974,0.803620,0.000000,0.170848,1.823446,2.890935,2.446012,18.927283,97.063805,1.241381
B034,160,37.048305,7.060273,49.647886,322.602177,0.787553,0.000000,0.170810,1.819934,2.485731,2.315289,19.054428,96.456080,1.313338
B034,164,36.915400,7.035641,49.418082,319.961601,0.824981,0.000000,0.194861,1.859069,2.659261,2.235812,19.054171,96.903007,1.385628
B034,168,36.931006,6.997946,47.075676,328.373453,0.822815,0.000000,0.184218,1.896960,2.940775,2.258281,19.474641,96.472553,1.459184
B034,172,36.980409,7.058750,50.590700,324.615158,0.782897,0.000000,0.176728,1.912815,3.104492,2.105989,19.193777,96.692558,1.531845
B034,176,37.030457,7.057647,51.904247,325.282783,0.804399,0.000000,0.187159,1.917894,3.270508,1.918971,18.915512,96.251451,1.603126
B034,180,37.078627,7.018200,50.823696,322.748430,0.770043,0.000000,0.167525,1.891539,2.993052,1.760833,18.643282,96.374591,1.673471
B034,184,37.031285,7.033568,51.616362,322.454345,0.829432,0.000000,0.162040,1.964775,2.848850,1.569299,18.319206,96.548752,1.742718
B034,188,36.918014,7.095314,48.149136,318.623690,0.774919,0.000000,0.164780,2.008641,2.790892,1.507297,17.952845,95.493979,1.809838
B034,192,36.960537,7.076955,47.599731,323.500988,0.731506,0.000000,0.153722,2.023113,3.338772,1.440492,17.617916,95.721445,1.875864
B034,196,37.028853,7.046709,49.514804,320.053554,0.714235,0.000000,0.171919,2.072481,3.587675,1.204490,16.954924,95.991493,1.939584
B034,200,37.053463,7.075082,49.532850,323.798925,0.778339,0.000000,0.157883,2.080209,3.615533,1.431392,17.153090,95.640771,2.003813
B034,204,37.084350,7.051182,53.662061,322.108106,0.733962,0.000000,0.154053,2.073297,3.374213,0.936032,16.716760,95.202088,2.066121
B034,208,37.043488,7.073160,49.591785,320.683378,0.746852,0.000000,0.163750,2.025783,3.182754,1.024039,16.401538,94.886772,2.127052
B034,212,36.920608,7.048164,48.172257,325.200053,0.754822,0.000000,0.160718,2.041090,3.194717,0.921370,15.767125,95.230505,2.185839
B034,216,36.978983,7.090291,47.783904,326.760064,0.705708,0.000000,0.165773,2.085226,3.479469,0.887731,15.760036,94.751980,2.244303
B034,220,37.022260,7.042723,46.780865,327.236873,0.704178,0.000000,0.143367,2.077619,3.991053,0.823008,15.149120,94.301447,2.300234
B034,224,37.062170,7.043054,49.628016,322.151864,0.705216,0.000000,0.140592,2.140200,4.078530,0.807542,14.649315,94.635966,2.354512
B034,228,37.032199,7.144285,51.136264,315.836204,0.696086,0.000000,0.132838,2.202742,3.843307,0.672812,14.449419,94.432405,2.407934
B034,232,36.992590,7.091525,49.720607,318.346072,0.686128,0.000000,0.135454,2.227460,3.377857,0.632609,13.739552,93.431056,2.458192
B034,236,36.970912,7.087143,49.519227,317.643335,0.721948,0.000000,0.145281,2.205915,3.496474,0.644405,14.067924,94.247195,2.510102
B034,240,36.920447,7.087482,49.125288,316.049637,0.710134,0.000000,0.152106,2.183662,3.825361,0.572101,13.925254,93.257638,2.560945
B035,0,37.028622,7.125761,52.167322,294.094939,0.436759,0.000000,0.037944,0.042827,5.861927,0.153930,0.270446,97.846635,0.000000
B035,4,36.960319,7.082235,50.444912,303.720985,0.489884,0.000000,0.021267,0.000000,5.573571,0.084344,0.629162,98.356132,0.002115
B035,8,36.949431,7.119744,48.090736,308.564949,0.436372,0.000000,0.032104,0.000000,5.676756,0.169624,0.610138,97.775257,0.004154
B035,12,37.030735,7.090012,50.096528,304.339999,0.484834,0.000000,0.035828,0.000000,5.478566,0.228674,0.263527,98.241028,0.005039
B035,16,37.069373,7.122994,50.662614,299.857523,0.471123,0.000000,0.026254,0.018203,5.566189,0.226688,0.840433,98.641845,0.007873
B035,20,37.022427,7.100131,51.301946,300.243282,0.467991,0.000000,0.023969,0.000000,5.388644,0.235539,0.482698,98.177051,0.009493
B035,24,36.926730,7.079125,49.395108,305.808635,0.484901,0.000000,0.024964,0.000000,5.208355,0.202365,1.336138,98.865353,0.014008
B035,28,36.997421,7.064345,46.965938,306.570666,0.474315,0.000000,0.038650,0.000000,5.120101,0.463137,1.237740,98.310669,0.018167
B035,32,36.975511,7.159409,48.906426,299.812688,0.493645,0.000000,0.042516,0.038153,4.898752,0.323506,1.361886,98.179390,0.022737
B035,36,36.978842,7.092613,50.310327,299.366248,0.486512,0.000000,0.060483,0.030869,4.946599,0.328543,1.634227,98.019059,0.028213
B035,40,37.107097,7.139885,52.249064,306.607598,0.482777,0.000000,0.054646,0.058105,4.998801,0.279610,1.689693,97.872058,0.033865
B035,44,37.055684,7.071274,53.316640,309.536595,0.503490,0.000000,0.043511,0.000000,4.929129,0.482840,1.862639,98.052387,0.040108
B035,48,36.948183,7.140055,49.267310,305.232289,0.489633,0.000000,0.048515,1.317491,4.709655,0.453085,2.424559,98.232251,0.048249
B035,52,36.919074,7.117282,47.053769,308.008063,0.498075,0.000000,0.057651,1.446872,5.094029,0.517835,2.649253,98.329281,0.057153
B035,56,36.993663,7.120888,47.222709,310.444244,0.515746,0.000000,0.061359,1.352339,5.046146,0.636445,3.111756,98.509116,0.067631
B035,60,37.025156,7.102814,51.137776,309.542567,0.551276,0.000000,0.063346,1.414155,4.474713,0.749302,3.947763,97.988547,0.080853
B035,64,37.080822,7.074784,51.272739,303.807956,0.524805,0.000000,0.082681,1.476726,4.279462,0.801225,4.459742,97.823015,0.095765
B035,68,36.994663,7.086856,50.994661,305.759818,0.542704,0.000000,0.059694,1.433974,4.055696,0.873455,5.013874,97.808641,0.112527
B035,72,37.027758,7.108686,50.952313,307.834289,0.550244,0.000000,0.071593,1.465246,4.438017,1.035628,5.636819,98.372879,0.131481
B035,76,36.897152,7.069806,46.991809,313.579225,0.542245,0.000000,0.092271,1.477622,4.624473,1.112112,5.868447,98.290966,0.151197
B035,80,36.979709,7.026847,48.422751,316.098807,0.595317,0.000000,0.096685,1.482692,4.279195,1.100948,6.940230,98.437896,0.174548
B035,84,37.039504,7.064088,49.555325,307.850482,0.602628,0.000000,0.110426,1.523127,4.116616,1.223491,7.619514,98.489257,0.200199
B035,88,37.010153,7.111908,53.886893,306.409379,0.629187,0.000000,0.093388,1.480286,3.511542,1.393967,8.577515,98.225919,0.228998
B035,92,37.049775,7.081726,52.871136,309.386186,0.580171,0.000000,0.115731,1.507237,3.733705,1.445696,9.116989,97.916395,0.259511
B035,96,37.010846,7.096129,49.542790,311.549090,0.612937,0.000000,0.112522,1.620316,3.748685,1.705061,9.906903,98.289269,0.292794
B035,100,36.966588,7.052725,46.504817,326.259467,0.654508,0.000000,0.123583,1.556303,4.131634,1.812538,11.183669,98.389058,0.330405
B035,104,36.948930,7.038736,49.496146,310.651417,0.660833,0.000000,0.122327,1.619148,3.928983,1.859343,11.604615,98.079321,0.369309
B035,108,37.054795,7.057221,49.935910,313.538967,0.662936,0.000000,0.130461,1.636469,3.593712,1.931969,12.464398,98.291931,0.411185
B035,112,37.125320,7.100528,52.409254,320.227944,0.689411,0.000000,0.132166,1.668800,3.146332,2.235397,13.378455,98.324032,0.456148
B035,116,37.073010,7.019952,52.129426,316.125723,0.728851,0.000000,0.146441,1.716451,3.080290,2.333686,14.256841,98.126966,0.503966
B035,120,36.970806,7.119805,49.886694,315.608239,0.754402,0.000000,0.158863,1.685888,3.489045,2.354809,14.756584,98.133183,0.553464
B035,124,37.010245,7.033309,48.775315,320.070420,0.751359,0.000000,0.151268,1.742904,3.697210,2.532505,15.487874,98.277821,0.605491
B035,128,36.928961,7.054867,46.195469,328.832832,0.703941,0.000000,0.171953,1.695417,3.510125,2.412685,15.991483,98.044806,0.659082
B035,132,36.997664,7.042682,53.246533,317.795360,0.782130,0.000000,0.163841,1.801093,3.239935,2.620774,16.755961,98.174209,0.715310
B035,136,37.092423,7.097301,50.177809,315.673751,0.766542,0.000000,0.174330,1.687128,2.774645,2.814252,17.189111,97.520510,0.772607
B035,140,37.053514,7.061536,53.129472,317.990179,0.769242,0.000000,0.164064,1.782036,2.772842,2.625085,17.458931,97.500327,0.830791
B035,144,36.948727,7.009924,49.508699,320.356075,0.785223,0.000000,0.173848,1.778739,2.988525,2.854912,18.102669,96.757162,0.890661
B035,148,36.951060,7.045743,49.427657,317.938606,0.817166,0.000000,0.166620,1.829154,3.385863,2.762845,18.370075,97.487289,0.951874
B035,152,37.061209,6.994080,48.866465,320.072965,0.788898,0.000000,0.179660,1.850314,3.299449,2.540954,18.577706,96.788564,1.013334
B035,156,36.999382,7.043001,51.125087,317.916286,0.805590,0.000000,0.163562,1.838321,3.005499,2.505152,18.826381,96.919293,1.075702
B035,160,37.031790,7.067883,51.564006,322.347061,0.782003,0.000000,0.172201,1.738553,2.624953,2.294384,18.705753,96.974824,1.137706
B035,164,37.049824,7.092367,52.760302,319.713097,0.834590,0.000000,0.173533,1.861626,2.715020,2.265020,19.305303,97.049578,1.201746
B035,168,36.992896,7.114407,48.505399,324.393472,0.780261,0.000000,0.170957,1.914872,2.890357,2.330674,19.377342,96.775924,1.265844
B035,172,36.918359,7.006388,44.282289,335.634860,0.795006,0.030919,0.172058,1.882158,3.148882,1.932181,18.992729,96.809940,1.328692
B035,176,36.975791,7.080661,49.552479,322.409448,0.774919,0.000000,0.176282,1.942569,3.377120,1.883523,19.095122,96.093831,1.391411
B035,180,36.964678,7.075948,49.097222,322.895534,0.810116,0.000000,0.170812,1.929512,3.076745,1.841090,18.445870,96.127359,1.452019
B035,184,36.996692,7.094506,52.773822,322.279556,0.768887,0.000000,0.175537,2.035567,2.880112,1.624336,18.202768,96.057537,1.511784
B035,188,37.000791,7.099947,51.478971,320.790521,0.758381,0.000000,0.172578,1.995096,3.074815,1.544685,18.037398,95.946954,1.570939
B035,192,36.975710,7.054241,48.264278,325.454384,0.732362,0.000000,0.172087,1.974392,3.244945,1.393981,17.324747,95.664523,1.627589
B035,196,36.945491,6.990875,52.053286,319.738600,0.763491,0.000000,0.157395,2.000842,3.618160,1.371953,17.414065,95.803168,1.684613
B035,200,36.958976,7.078246,47.670324,329.251427,0.775217,0.000000,0.165731,2.010764,3.560264,1.240315,16.895503,95.169687,1.739574
B035,204,36.983821,7.097076,51.813847,317.236689,0.755013,0.000000,0.151380,2.027743,3.106830,1.131062,16.702108,95.321458,1.793992
B035,208,37.045064,7.073653,51.717196,317.790319,0.731151,0.000000,0.164261,2.032653,3.079986,1.199977,16.155136,95.346517,1.846642
B035,212,37.004364,7.073704,50.422222,315.941169,0.758801,0.000000,0.152334,2.104852,3.120506,1.038366,15.950500,94.816585,1.898336
B035,216,36.991154,7.064030,51.167386,316.428378,0.741265,0.000000,0.153252,2.091083,3.481014,0.842912,15.556867,94.614126,1.948647
B035,220,36.948701,7.131079,48.385306,323.842262,0.725954,0.000000,0.144785,2.160445,3.880632,0.858918,15.466413,94.673459,1.998697
B035,224,36.952224,7.118895,48.486609,319.762633,0.731946,0.000000,0.147471,2.136952,3.963089,0.643681,15.182847,94.308087,2.047639
B035,228,37.040063,7.113356,50.748339,316.355343,0.703981,0.000000,0.129505,2.151392,3.628305,0.652506,14.759906,94.702074,2.095417
B035,232,37.026230,7.085516,49.879406,316.527914,0.699597,0.000000,0.135622,2.155750,3.472142,0.624229,14.288463,94.170970,2.141409
B035,236,37.033039,7.072724,50.548948,315.394988,0.687292,0.000000,0.144220,2.222881,3.543387,0.631911,14.216993,93.929870,2.187054
B035,240,36.944419,7.118833,47.165672,331.211686,0.712223,0.000000,0.134672,2.165789,3.693483,0.588061,13.507965,93.069347,2.230025
B036,0,36.869177,7.062255,48.705738,304.782325,0.471270,0.000000,0.038352,0.000000,5.881767,0.099751,0.235003,98.368779,0.000000
B036,4,36.960788,7.101715,48.086290,303.111881,0.470710,0.000000,0.028700,0.000000,5.641777,0.303202,0.847256,98.423112,0.003305
B036,8,37.053532,7.105966,52.853220,301.619134,0.435375,0.000000,0.029450,0.078927,5.362594,0.318457,0.862390,98.079064,0.006657
B036,12,37.092249,7.108485,52.115943,300.324363,0.469518,0.000000,0.049192,0.000000,5.486179,0.267748,0.649838,98.344513,0.009190
B036,16,36.999036,7.134209,50.586774,308.371469,0.447754,0.000000,0.057824,0.000000,5.513019,0.332453,0.994632,98.068259,0.013055
B036,20,37.001424,7.118018,46.056074,308.329413,0.500154,0.000000,0.042613,0.000000,5.444512,0.397574,1.032629,98.114909,0.017070
B036,24,36.931688,7.117744,45.439311,309.709900,0.516072,0.010092,0.044946,0.000000,5.351602,0.326587,1.361124,98.128197,0.022364
B036,28,37.011454,7.102256,48.688814,302.138157,0.478945,0.000000,0.044019,0.000000,5.156652,0.395729,1.600519,98.158858,0.028590
B036,32,37.029839,7.097804,51.867679,302.041663,0.468226,0.000000,0.056939,0.000000,5.019168,0.294183,1.624706,97.978430,0.034899
B036,36,37.095992,7.145701,49.772044,305.249572,0.453806,0.000000,0.045018,0.025972,4.988453,0.375252,1.882396,98.070614,0.042215
B036,40,36.945545,7.105404,50.538207,300.502482,0.503340,0.000000,0.052227,0.007623,4.831475,0.432132,1.917130,97.966131,0.049658
B036,44,36.971229,7.058247,49.821415,300.592826,0.494967,0.000000,0.042269,0.019562,4.741760,0.472681,2.573594,98.264773,0.059680
B036,48,36.973721,7.077950,45.636208,311.908066,0.472425,0.006548,0.059013,1.331286,4.607201,0.607055,2.847670,98.393116,0.070784
B036,52,37.058808,7.060072,48.199958,303.813872,0.526899,0.000000,0.053969,1.358666,4.837851,0.542979,3.073939,98.467862,0.082780
B036,56,37.074063,7.100202,51.420226,305.140012,0.506112,0.000000,0.059150,1.461428,4.966007,0.578537,3.135011,97.626566,0.094909
B036,60,37.060366,7.107724,52.294548,300.391669,0.497045,0.000000,0.062388,1.404782,4.426991,0.749842,3.577253,98.113980,0.108819
B036,64,37.014886,7.084490,49.896179,305.929387,0.535569,0.000000,0.074065,1.454596,4.208812,0.849623,4.259364,97.877787,0.125341
B036,68,36.956832,7.073304,47.989183,312.130624,0.563580,0.000000,0.073127,1.429735,4.175098,0.749166,4.946969,98.161123,0.144586
B036,72,37.039562,7.068505,45.493162,319.985620,0.557146,0.009123,0.079062,1.490170,4.595572,0.841825,5.470096,97.922329,0.165814
B036,76,36.955006,7.066857,47.216894,314.448421,0.569439,0.000000,0.089737,1.489366,4.681831,0.898788,5.823713,98.157114,0.188468
B036,80,37.097817,7.112277,50.885414,304.396983,0.575573,0.000000,0.083483,1.453008,4.711955,1.032318,6.631366,98.013063,0.214226
B036,84,37.056834,7.096081,49.200810,307.211285,0.595183,0.000000,0.094022,1.571286,4.199484,1.107095,7.161113,97.876873,0.242004
B036,88,36.972497,7.081912,49.811535,310.323028,0.560354,0.000000,0.102489,1.555210,3.611628,1.352844,8.055287,97.704957,0.273195
B036,92,36.918974,7.059466,49.723512,312.707055,0.587101,0.000000,0.109754,1.546415,3.780207,1.465213,8.591272,98.392259,0.306695
B036,96,36.904573,7.081571,49.896010,305.600940,0.584422,0.000000,0.109065,1.533307,3.758601,1.369524,8.992395,98.125843,0.341665
B036,100,36.992951,7.039957,48.796579,317.114309,0.607445,0.000000,0.104868,1.489305,4.107089,1.533433,9.556735,97.958320,0.378766
B036,104,37.031046,7.084021,51.570674,314.388592,0.635670,0.000000,0.110413,1.518882,4.113170,1.694613,10.699792,98.249429,0.420428
B036,108,37.075442,7.105875,54.101515,312.555058,0.658358,0.000000,0.127608,1.676874,3.748336,1.909744,11.340021,98.290395,0.464601
B036,112,37.009046,7.056175,51.353394,314.633638,0.622888,0.000000,0.114276,1.608535,3.441075,1.934466,11.871139,98.141314,0.510772
B036,116,36.940327,7.048262,49.357187,314.808004,0.693249,0.000000,0.125144,1.613019,3.182239,1.984971,12.635178,98.425176,0.560058
B036,120,36.968308,7.065412,48.501267,319.529407,0.663585,0.000000,0.137822,1.645209,3.506383,2.061433,13.027409,98.347534,0.610833
B036,124,36.990007,7.018699,50.479030,319.035691,0.732787,0.000000,0.139851,1.765188,3.721698,2.125875,13.919055,98.360533,0.665091
B036,128,37.069418,7.064131,52.506362,314.053880,0.700573,0.000000,0.142957,1.704690,3.566726,2.213079,14.544012,98.021923,0.721590
B036,132,37.040173,7.102994,51.128435,320.040344,0.710363,0.000000,0.144772,1.731485,3.168192,2.317876,14.925608,97.645277,0.779348
B036,136,36.981696,7.067793,51.040990,320.244512,0.755006,0.000000,0.138761,1.786577,3.024360,2.355443,15.248222,97.533052,0.838287
B036,140,36.889609,7.046068,49.820633,319.515793,0.745899,0.000000,0.130315,1.746432,2.844388,2.539974,15.756752,97.400283,0.899109
B036,144,36.965264,7.064215,48.405027,323.619302,0.766117,0.000000,0.162570,1.809205,3.257084,2.670438,16.600400,97.226224,0.963073
B036,148,36.952296,7.059011,47.838269,322.005643,0.750390,0.000000,0.159957,1.862311,3.702640,2.572890,16.655763,97.404416,1.027368
B036,152,37.053259,7.040760,50.535237,318.362676,0.750514,0.000000,0.168466,1.806676,3.586275,2.425966,17.341507,97.715639,1.094523
B036,156,37.022625,7.082191,50.702324,318.256558,0.760736,0.000000,0.160811,1.893617,2.956801,2.380128,17.610818,96.797458,1.162081
B036,160,37.039162,7.029067,49.528303,324.388363,0.784457,0.000000,0.161495,1.778373,2.773763,2.316574,18.351370,97.355110,1.232885
B036,164,36.971134,7.064598,48.408918,324.820212,0.761984,0.000000,0.172849,1.849711,2.880966,2.184366,18.129364,97.053961,1.302617
B036,168,36.963410,7.070247,48.777278,324.422981,0.785297,0.000000,0.171880,1.908434,3.002938,1.950238,18.211453,96.198846,1.372047
B036,172,36.913430,7.069204,50.513948,315.502117,0.803087,0.000000,0.174901,1.887976,3.372635,1.987641,18.381664,96.488130,1.442336
B036,176,37.012754,7.061221,52.681301,312.653862,0.772106,0.000000,0.176969,1.930460,3.634964,1.816570,18.274658,96.981038,1.512574
B036,180,37.100152,7.110505,53.284184,317.360362,0.770531,0.000000,0.171732,1.879048,3.026752,1.611431,18.134544,96.069705,1.581617
B036,184,36.995238,7.064962,50.231450,317.042096,0.761994,0.000000,0.169420,1.959158,3.054197,1.554447,17.583337,96.058708,1.648555
B036,188,37.032459,7.068075,46.713328,328.205154,0.774512,0.000000,0.168942,1.977927,2.782658,1.434568,17.556634,96.049453,1.715385
B036,192,36.972819,7.108672,45.636860,332.531718,0.762193,0.006537,0.174999,1.961206,3.105636,1.365425,17.395724,95.790502,1.781423
B036,196,36.983961,7.064477,50.708460,317.717559,0.762344,0.000000,0.146429,2.083235,3.641965,1.193336,17.000189,95.484852,1.845754
B036,200,36.994043,7.105716,52.645546,317.805298,0.734201,0.000000,0.165542,2.057383,3.772917,1.208894,16.789568,95.270530,1.909145
B036,204,37.094766,7.124902,51.096911,317.294795,0.724170,0.000000,0.168028,2.062872,3.326496,1.183649,16.846731,95.260520,1.972746
B036,208,36.991764,7.055445,50.089485,315.765012,0.788843,0.000000,0.174107,2.066049,3.004244,1.025142,16.830898,94.774546,2.035963
B036,212,36.997647,7.073812,48.891150,322.626971,0.709337,0.000000,0.148670,2.132145,3.212934,0.888525,16.045686,94.757423,2.096219
B036,216,36.922922,7.093992,46.295304,325.750570,0.728128,0.000000,0.142106,2.124801,3.447019,1.000567,15.806468,94.776513,2.155589
B036,220,37.038669,7.120004,49.212299,319.898066,0.739150,0.000000,0.162099,2.087883,3.744054,0.758205,15.666228,94.746212,2.214414
B036,224,37.076566,7.089143,52.742278,318.368997,0.722887,0.000000,0.149445,2.203451,3.934753,0.752464,15.116449,94.843408,2.271232
B036,228,37.067567,7.091671,50.901126,315.267759,0.740941,0.000000,0.150112,2.113410,3.694523,0.666187,14.957751,94.026711,2.326970
B036,232,36.997090,7.101294,52.191793,315.776604,0.724206,0.000000,0.149656,2.171967,3.461550,0.714747,14.691334,93.818076,2.381593
B036,236,37.007738,7.071259,48.663625,318.850249,0.711669,0.000000,0.141417,2.221359,3.424738,0.666393,14.972543,93.464078,2.437052
B036,240,36.881115,7.093960,46.195135,322.122897,0.700437,0.000000,0.133636,2.191618,3.985241,0.506515,14.307544,93.535826,2.490089
B037,0,36.947160,7.080933,47.946849,304.462695,0.506401,0.000000,0.029704,0.006504,5.707968,0.250491,0.526837,97.818681,0.000000
B037,4,37.008329,7.094772,49.294458,301.798593,0.466833,0.000000,0.047190,0.035889,5.582762,0.188876,0.558430,98.350255,0.001743
B037,8,37.009940,7.169671,50.702104,302.850506,0.447641,0.000000,0.040353,0.027241,5.541728,0.296476,0.873477,98.086206,0.004461
B037,12,37.021055,7.101948,51.602512,297.019479,0.481737,0.000000,0.045460,0.000000,5.537844,0.192875,0.673593,97.920095,0.006554
B037,16,36.912318,7.107364,48.786146,302.042409,0.483122,0.000000,0.044112,0.023654,5.148454,0.297442,0.919038,98.100028,0.009414
B037,20,36.986675,7.052953,48.435149,307.875126,0.476277,0.000000,0.064506,0.000000,5.437134,0.440627,1.215140,98.417230,0.013209
B037,24,36.964000,7.114517,51.037453,304.656394,0.473788,0.000000,0.043238,0.022361,5.158995,0.370747,1.502561,98.180240,0.017890
B037,28,37.026657,7.108722,51.563542,303.582938,0.464499,0.000000,0.051811,0.002303,5.296730,0.418353,1.533156,98.315723,0.022672
B037,32,36.999836,7.097018,52.272303,302.889070,0.465074,0.000000,0.031625,0.000000,5.088036,0.288451,1.847926,98.129924,0.028426
B037,36,37.049298,7.084879,52.267407,310.753756,0.467258,0.000000,0.047244,0.014644,5.160157,0.278062,1.858024,98.495115,0.034232
B037,40,37.011300,7.099594,50.782989,299.849179,0.489689,0.000000,0.059592,0.000000,4.848674,0.401904,2.176644,97.836680,0.040989
B037,44,36.980578,7.095114,49.013405,307.052265,0.520527,0.000000,0.050232,0.022846,5.087968,0.618819,2.475291,98.552714,0.048729
B037,48,36.895868,7.063170,47.212118,305.118172,0.509585,0.000000,0.070328,1.285739,4.732749,0.474833,2.727974,98.221033,0.057231
B037,52,37.025413,7.083203,50.285755,301.874046,0.483330,0.000000,0.045820,1.322562,4.893943,0.552466,3.288004,98.464378,0.067503
B037,56,36.990368,7.118873,52.886919,303.980153,0.533930,0.000000,0.070431,1.333646,4.822398,0.626969,3.550055,98.688213,0.078620
B037,60,37.031541,7.129528,52.196042,301.707180,0.531827,0.000000,0.066745,1.466210,4.380464,0.723595,4.327686,98.232102,0.092108
B037,64,36.957832,7.059623,50.373758,303.913937,0.543585,0.000000,0.073643,1.415643,4.254614,0.845987,4.909600,98.271391,0.107416
B037,68,36.941022,7.162153,46.699788,309.425041,0.539819,0.000000,0.060254,1.409450,3.909712,0.940235,5.298232,98.506092,0.123976
B037,72,36.923645,7.076504,48.911960,308.246930,0.574300,0.000000,0.080575,1.487213,4.264902,0.953377,5.992291,98.382778,0.142682
B037,76,36.941931,7.092675,52.350523,308.437131,0.547271,0.000000,0.089169,1.442334,4.598341,1.133595,6.340391,98.163575,0.162429
B037,80,37.035105,7.110714,51.265561,307.035473,0.586677,0.000000,0.085622,1.497623,4.395027,1.269210,7.054852,98.162816,0.184403
B037,84,37.089542,7.106013,50.954632,310.385541,0.570400,0.000000,0.090350,1.533799,4.196196,1.298126,7.751397,98.355845,0.208593
B037,88,37.027661,7.106658,47.541919,313.550280,0.609366,0.000000,0.110222,1.519399,3.671503,1.401389,8.946896,98.343920,0.236510
B037,92,36.955002,7.018228,49.055822,310.147038,0.636036,0.000000,0.113510,1.505966,3.661153,1.591795,9.402125,98.501456,0.265895
B037,96,36.957422,7.042631,47.525540,315.112195,0.637838,0.000000,0.113139,1.598531,3.703036,1.740392,10.476546,97.969140,0.298461
B037,100,37.006019,7.071899,48.953430,313.855010,0.666825,0.000000,0.105959,1.587085,4.156151,1.752548,11.262353,98.277884,0.333580
B037,104,37.020984,7.075198,51.226630,315.211295,0.653590,0.000000,0.119283,1.565919,3.974683,1.902587,12.046241,98.207892,0.371116
B037,108,37.033987,7.063254,51.775943,319.174811,0.681070,0.000000,0.122968,1.612642,3.358264,2.011556,13.081570,98.162913,0.411860
B037,112,37.027846,7.002356,48.611018,321.404187,0.697732,0.000000,0.144043,1.637891,3.109668,2.267997,13.843697,98.184135,0.454987
B037,116,36.938450,7.032992,47.122553,320.691508,0.736300,0.000000,0.134984,1.688474,3.014038,2.184975,14.214090,98.094565,0.499228
B037,120,36.946128,7.042324,48.177172,319.845899,0.722255,0.000000,0.139946,1.726330,3.574146,2.352816,15.167539,97.889422,0.546337
B037,124,37.062809,7.049904,48.348519,317.907523,0.740576,0.000000,0.162237,1.770225,3.813573,2.391995,15.569822,97.884255,0.594693
B037,128,37.055098,7.042336,53.154374,316.495918,0.765336,0.000000,0.151253,1.792685,3.453275,2.579991,16.539124,97.847517,0.646041
B037,132,37.016153,7.114630,54.421857,322.571986,0.771155,0.000000,0.167323,1.704241,3.044481,2.702523,17.142652,97.966852,0.699326
B037,136,37.021310,7.005329,50.212675,318.884778,0.776394,0.000000,0.169552,1.748472,2.510989,2.790308,17.684890,97.799033,0.754204
B037,140,36.943987,7.024392,47.717464,324.923970,0.772664,0.000000,0.163495,1.797675,2.790243,2.765295,18.063121,97.461884,0.810062
B037,144,36.948064,7.030806,49.194250,319.555029,0.752417,0.000000,0.159368,1.885297,2.853337,2.812723,18.422593,97.520717,0.867065
B037,148,36.971962,7.025140,50.057716,319.957868,0.780687,0.000000,0.167863,1.791842,3.386035,2.686821,18.689334,97.729116,0.925018
B037,152,37.047416,7.106166,53.818937,323.157189,0.815943,0.000000,0.190623,1.799307,3.304863,2.665768,19.495533,96.772346,0.984879
B037,156,37.075947,7.028283,52.973210,323.748391,0.829874,0.000000,0.183146,1.859941,2.607463,2.519289,19.659107,97.159016,1.045483
B037,160,36.939976,7.046717,50.565598,321.085805,0.797797,0.000000,0.178651,1.830605,2.601790,2.484430,19.430082,96.652798,1.105069
B037,164,36.973298,7.053728,49.356640,319.141939,0.812114,0.000000,0.193877,1.844016,2.685010,2.363970,19.829892,96.937276,1.166060
B037,168,36.975278,7.007942,45.342170,334.012583,0.822217,0.011841,0.180037,1.866032,2.839036,2.351488,19.991283,96.578804,1.227320
B037,172,37.011027,7.078218,52.052175,322.264877,0.826524,0.000000,0.182036,1.927577,3.221695,2.074316,20.314626,96.421078,1.289470
B037,176,37.055999,7.069585,51.714662,322.017567,0.796428,0.000000,0.182905,1.929133,3.163446,1.961314,19.882250,96.857220,1.350571
B037,180,37.132137,7.011328,53.292355,322.248111,0.823253,0.000000,0.176031,1.946291,3.191689,1.810938,19.685282,96.563211,1.410884
B037,184,37.047413,7.114986,48.185089,329.144846,0.801262,0.000000,0.181751,1.944246,2.562446,1.613461,19.605545,96.533146,1.470934
B037,188,37.004242,7.046973,48.482025,328.029490,0.808130,0.000000,0.174973,1.987082,2.774640,1.638482,18.862853,95.558050,1.528125
B037,192,36.877813,7.060136,48.119419,328.500062,0.762740,0.000000,0.177082,1.981220,3.082026,1.505081,18.637814,95.824506,1.584792
B037,196,37.045476,7.121458,50.658824,321.324404,0.811624,0.000000,0.177997,2.013175,3.519205,1.408660,18.672652,95.654281,1.641464
B037,200,37.039619,7.091239,50.719459,319.801543,0.781884,0.000000,0.171130,2.069836,3.477747,1.416294,18.297801,94.973340,1.696602
B037,204,37.098463,7.031879,52.821911,323.303229,0.789681,0.000000,0.169617,2.059591,3.299373,1.092853,17.883836,95.437951,1.750757
B037,208,36.990438,7.054669,48.296699,330.821106,0.761377,0.000000,0.166690,2.119698,2.835621,1.166832,17.915527,95.017082,1.804769
B037,212,36.996455,7.127457,48.069968,325.532585,0.797039,0.000000,0.163538,2.060689,2.855272,1.010531,17.484689,95.002456,1.857473
B037,216,36.955567,7.086910,50.724921,321.960070,0.735377,0.000000,0.158752,1.984635,3.517457,1.032457,17.294826,95.081581,1.909649
B037,220,36.962484,7.101240,50.493751,323.537829,0.774084,0.000000,0.169840,2.105941,3.448909,0.921281,17.054938,94.689078,1.960889
B037,224,37.057943,7.047747,54.127102,320.263131,0.771644,0.000000,0.162906,2.178629,3.562804,0.849508,16.372025,94.812930,2.010141
B037,228,37.023285,7.112283,50.135909,320.295457,0.741267,0.000000,0.171596,2.131309,3.595550,0.745105,16.355535,94.269900,2.059062
B037,232,36.994393,7.074962,48.361239,324.830042,0.728081,0.000000,0.164687,2.178035,3.325155,0.820475,15.812240,94.386560,2.106416
B037,236,36.934077,7.047095,45.636981,329.877977,0.774763,0.006534,0.153507,2.235017,3.558372,0.687979,15.691591,93.703441,2.153069
B037,240,36.915816,7.090080,48.524104,317.829171,0.717909,0.000000,0.154007,2.212034,3.748798,0.756556,15.503810,93.957117,2.199288
B038,0,37.031649,7.066500,47.632462,306.233176,0.484087,0.000000,0.033813,0.042854,5.720836,0.096206,0.493471,98.133875,0.000000
B038,4,36.952670,7.130007,48.313331,302.812877,0.460495,0.000000,0.036720,0.000000,5.535990,0.331893,0.683279,98.285559,0.002391
B038,8,36.964137,7.112282,48.684335,307.399526,0.478214,0.000000,0.040909,0.000000,5.443317,0.178371,0.842903,97.799148,0.005327
B038,12,37.011408,7.025054,49.950609,299.632862,0.461319,0.000000,0.024238,0.007886,5.431722,0.135240,0.836849,98.589005,0.008265
B038,16,37.064522,7.087434,52.149908,299.618695,0.501948,0.000000,0.048557,0.000000,5.124495,0.436625,1.319346,98.214503,0.012879
B038,20,36.979815,7.139204,50.438560,298.866979,0.468296,0.000000,0.046134,0.002215,5.425653,0.209789,0.921263,98.552655,0.016112
B038,24,36.991740,7.057574,49.955280,306.149424,0.464315,0.000000,0.047291,0.000000,5.303200,0.296001,1.465885,98.554849,0.021257
B038,28,36.902480,7.103456,49.640008,296.480895,0.472884,0.000000,0.052910,0.003623,4.917023,0.389860,1.686578,98.345835,0.027164
B038,32,37.015129,7.093919,51.169158,304.400806,0.482931,0.000000,0.035440,0.034583,5.004831,0.424093,1.633396,98.320709,0.032882
B038,36,37.064397,7.147455,52.191262,303.248399,0.527225,0.000000,0.033734,0.000000,5.051723,0.417045,1.840595,98.178457,0.039317
B038,40,36.995588,7.090378,54.921783,304.584940,0.493910,0.000000,0.047806,0.000000,4.710502,0.575586,2.350710,98.378969,0.047553
B038,44,36.953477,7.170804,50.215566,302.147318,0.496929,0.000000,0.053257,0.000000,4.771641,0.600414,2.306103,98.447060,0.055637
B038,48,36.981459,7.105248,48.102407,310.488749,0.538450,0.000000,0.065177,1.347723,4.770135,0.554353,3.169099,97.597062,0.066651
B038,52,36.969170,7.083111,48.350889,306.734416,0.501991,0.000000,0.050038,1.372221,5.151055,0.685940,3.535949,98.696187,0.079079
B038,56,36.959169,7.090799,49.400194,306.908519,0.516100,0.000000,0.063408,1.331721,4.845362,0.711510,3.797975,98.287963,0.092372
B038,60,37.026140,7.070641,52.526401,306.196988,0.505543,0.000000,0.075096,1.355520,4.520284,0.894946,4.300231,98.567357,0.107465
B038,64,37.052462,7.085772,51.126742,306.013753,0.550640,0.000000,0.066631,1.349538,4.271462,0.804040,4.722649,98.602502,0.124048
B038,68,36.998963,7.081641,50.231583,304.117831,0.563880,0.000000,0.061657,1.375096,3.953576,0.978129,5.405605,98.438409,0.142997
B038,72,36.912087,7.113950,48.155852,309.819133,0.560925,0.000000,0.086248,1.425626,4.112358,1.068947,5.989650,97.877076,0.163873
B038,76,36.932861,7.026504,48.689946,311.643669,0.595137,0.000000,0.080114,1.472225,4.589231,0.963017,6.414642,97.621032,0.186172
B038,80,37.041112,7.135844,50.926558,310.256831,0.582825,0.000000,0.086634,1.631717,4.414417,1.300910,7.781911,98.391550,0.213438
B038,84,37.029120,7.089684,52.304210,304.972557,0.573771,0.000000,0.077935,1.579474,3.964980,1.409357,8.146267,98.311016,0.241957
B038,88,37.100654,7.072881,51.555615,311.236618,0.612121,0.000000,0.082133,1.515306,3.579410,1.314951,8.716948,98.242761,0.272453
B038,92,36.957805,7.039594,50.785706,311.128218,0.659353,0.000000,0.105869,1.579719,3.501795,1.650723,9.357098,98.023606,0.305115
B038,96,36.881761,7.116132,45.354323,324.262772,0.632603,0.011622,0.116162,1.602552,3.892199,1.549355,10.279348,98.063310,0.341011
B038,100,37.013023,7.137247,49.142756,316.990323,0.685769,0.000000,0.108051,1.539503,4.153911,1.805433,11.147896,98.342297,0.380051
B038,104,37.041598,7.030762,49.943455,312.817741,0.683439,0.000000,0.133280,1.561279,3.883297,1.948590,12.497590,98.208840,0.423758
B038,108,37.055945,7.137848,50.110674,307.873284,0.679410,0.000000,0.119513,1.696548,3.819219,2.007387,12.708456,97.874978,0.468051
B038,112,37.019737,7.065924,52.089238,312.663090,0.700438,0.000000,0.138737,1.682364,3.012784,2.160596,13.574509,98.575910,0.515701
B038,116,37.013485,7.043982,52.159124,322.077110,0.668382,0.000000,0.142091,1.609616,3.173320,2.146914,14.414937,98.589664,0.566309
B038,120,36.937830,7.053851,47.487007,326.764916,0.713894,0.000000,0.150732,1.662767,3.399666,2.476535,15.348975,98.285815,0.620030
B038,124,36.917689,7.090210,50.008989,317.296734,0.724457,0.000000,0.163841,1.683673,3.522942,2.657474,16.125381,97.911980,0.676254
B038,128,36.989184,7.038823,49.168092,322.596210,0.758793,0.000000,0.160396,1.676557,3.443441,2.559975,16.774853,97.677395,0.734602
B038,132,37.054569,7.080065,53.850976,321.678355,0.747076,0.000000,0.165112,1.680266,3.155312,2.619761,16.977885,97.852086,0.793762
B038,136,37.032144,7.055923,53.363733,318.676789,0.758835,0.000000,0.175764,1.746101,2.853724,2.707751,17.625430,97.681799,0.855071
B038,140,37.022265,7.021648,49.011510,320.827275,0.747954,0.000000,0.174361,1.797907,2.449884,2.946359,17.984951,96.948908,0.917162
B038,144,36.949924,7.072459,50.665537,319.420326,0.751417,0.000000,0.174724,1.744440,2.914192,2.813440,18.530606,97.187660,0.981294
B038,148,36.895306,7.052813,46.406903,327.112806,0.791362,0.000000,0.181267,1.861544,3.182548,2.691035,18.880964,96.782250,1.046365
B038,152,36.993821,7.044270,49.775459,319.259217,0.843083,0.000000,0.174926,1.792689,3.273444,2.651282,19.764212,97.240344,1.114804
B038,156,36.971440,7.036328,52.062452,322.372804,0.788120,0.000000,0.194212,1.803119,2.727772,2.608234,19.677500,96.550949,1.182459
B038,160,37.027917,7.076793,55.659893,320.023945,0.795014,0.000000,0.196087,1.884070,2.393918,2.645403,20.419441,96.962493,1.252964
B038,164,37.052216,7.106010,51.343160,325.535505,0.817845,0.000000,0.193788,1.895432,2.360899,2.409455,20.637931,96.672395,1.324010
B038,168,36.970654,7.094599,49.403633,322.184583,0.819457,0.000000,0.203572,1.866025,2.948047,2.321655,20.814585,96.339020,1.395418
B038,172,36.899994,7.052070,46.110641,333.422771,0.822951,0.000000,0.190057,1.891978,3.145942,2.075424,20.281466,96.302472,1.464970
B038,176,37.001030,7.048890,50.722862,317.388212,0.771681,0.000000,0.181596,1.999335,3.180009,1.890222,20.149903,96.651801,1.534322
B038,180,37.060517,7.087288,51.386020,325.309881,0.814115,0.000000,0.172853,1.916530,3.063118,1.954497,19.980240,95.989915,1.602618
B038,184,37.055165,7.089977,50.800805,326.687845,0.836359,0.000000,0.175172,1.969296,2.737651,1.942547,19.973263,96.273417,1.671093
B038,188,37.037122,7.086644,50.334752,321.466334,0.788213,0.000000,0.189559,1.975403,2.718653,1.713233,19.566019,95.763718,1.737816
B038,192,36.991259,7.100583,49.319772,322.108322,0.789293,0.000000,0.190465,2.047854,2.981277,1.444056,19.423359,96.163965,1.804329
B038,196,37.007067,7.079167,46.956613,332.339253,0.776100,0.000000,0.179660,2.024898,3.233519,1.458590,19.036763,95.638349,1.869163
B038,200,36.975821,7.111808,48.881062,323.217897,0.800668,0.000000,0.179112,2.070956,3.546586,1.251190,18.426374,95.251332,1.931663
B038,204,37.006914,7.091080,50.895697,317.803883,0.773493,0.000000,0.171686,2.049476,3.372021,1.233692,18.437685,95.115794,1.994114
B038,208,37.080076,7.059223,51.994377,316.344196,0.794458,0.000000,0.166862,2.092513,3.090618,1.209775,18.122748,95.137435,2.055511
B038,212,37.013522,7.092054,48.127322,330.290789,0.780093,0.000000,0.177542,2.072736,3.118481,1.190092,17.990263,94.162571,2.115835
B038,216,37.017397,7.061594,47.579620,324.121561,0.748779,0.000000,0.175782,2.102403,3.380435,0.942344,17.601407,94.389497,2.174997
B038,220,36.942260,7.113709,49.397780,322.017870,0.767403,0.000000,0.167215,2.084441,3.665161,0.873655,17.304462,94.479900,2.233217
B038,224,37.013092,7.109778,47.585845,326.765731,0.794210,0.000000,0.171535,2.164523,3.821128,0.916733,17.062702,94.493874,2.290632
B038,228,37.028048,7.131974,52.470857,317.633085,0.745153,0.000000,0.161021,2.146316,3.741017,0.863871,16.758875,94.428114,2.346985
B038,232,37.098302,7.144994,53.853190,321.019386,0.727399,0.000000,0.159807,2.158251,3.120466,0.748600,16.439098,94.384488,2.402237
B038,236,36.954278,7.109082,52.295925,315.978682,0.743911,0.000000,0.163139,2.232579,3.326359,0.672950,16.201057,93.853975,2.456384
B038,240,36.918189,7.067134,48.429663,320.087280,0.760042,0.000000,0.144790,2.157538,3.937655,0.618574,15.854170,93.501513,2.509172
B039,0,37.026914,7.109443,51.586795,299.366190,0.468563,0.000000,0.025928,0.000000,5.845492,0.246884,0.402235,98.134251,0.000000
B039,4,36.923863,7.064395,48.206342,308.426155,0.469364,0.000000,0.041876,0.014063,5.707411,0.136097,0.511588,97.979462,0.001718
B039,8,36.956846,7.121595,50.556181,296.817832,0.444332,0.000000,0.036300,0.072491,5.792813,0.256118,0.277860,98.094113,0.002652
B039,12,36.998973,7.121723,50.991565,299.105272,0.471947,0.000000,0.041334,0.018242,5.516968,0.141790,0.718028,98.155180,0.005068
B039,16,37.100884,7.122218,50.280030,301.333894,0.475245,0.000000,0.024091,0.000000,5.666777,0.111538,0.634588,98.496961,0.007210
B039,20,37.058578,7.119451,49.771306,294.274304,0.448185,0.000000,0.039270,0.019061,5.375127,0.210312,0.920260,98.562721,0.010319
B039,24,36.960786,7.072976,48.523306,305.238658,0.504208,0.000000,0.057440,0.000000,5.139932,0.287281,1.314801,97.867856,0.014729
B039,28,36.969493,7.051877,49.400569,301.315332,0.443685,0.000000,0.045945,0.005096,5.378252,0.438624,1.582475,98.322036,0.020062
B039,32,36.987294,7.081393,50.732386,305.425148,0.489423,0.000000,0.043818,0.000000,5.048403,0.310361,1.434004,97.914774,0.024874
B039,36,37.016548,7.104936,52.300629,307.938715,0.459743,0.000000,0.052185,0.000000,5.066856,0.426725,1.849841,97.519633,0.031057
B039,40,37.060674,7.075289,51.518220,304.846513,0.495059,0.000000,0.041263,0.000000,4.896064,0.339274,2.058340,98.196950,0.037985
B039,44,37.039140,7.098164,51.744842,300.085626,0.473186,0.000000,0.042477,0.004955,4.806950,0.666151,2.256176,98.346247,0.045590
B039,48,36.968940,7.084231,49.566671,301.283815,0.511004,0.000000,0.053025,1.653847,4.792405,0.428782,2.431005,98.085120,0.053762
B039,52,36.939929,7.083935,47.562932,308.881491,0.506983,0.000000,0.046508,1.636855,5.036151,0.551913,2.915904,97.961445,0.063553
B039,56,36.930472,7.106430,49.491848,305.172922,0.506898,0.000000,0.070688,1.674712,5.004407,0.768808,3.491875,98.257470,0.075312
B039,60,37.060041,7.045534,51.728164,307.823146,0.513659,0.000000,0.083835,1.671343,4.553017,0.789518,3.677659,98.904093,0.087779
B039,64,37.028528,7.114792,50.942356,307.086015,0.533902,0.000000,0.067697,1.648034,4.163362,0.747708,4.447418,97.846417,0.102694
B039,68,36.983482,7.102769,52.126904,303.989089,0.539855,0.000000,0.057319,1.704457,4.060668,0.735149,5.142533,98.313733,0.120022
B039,72,36.927699,7.025755,46.649538,313.800703,0.554780,0.000000,0.099707,1.707515,4.375131,0.901648,5.941205,98.184676,0.140015
B039,76,36.939151,7.154285,47.235001,317.573625,0.564289,0.000000,0.083086,1.748179,4.642953,1.022678,6.404591,97.895492,0.161505
B039,80,36.926139,7.004088,50.344154,309.115634,0.572306,0.000000,0.085696,1.751594,4.571156,1.059492,7.051774,98.019817,0.185195
B039,84,37.061376,7.101693,47.330426,318.708442,0.597820,0.000000,0.092989,1.822319,4.110982,1.248990,8.157827,98.418058,0.212713
B039,88,37.104995,7.073159,51.158530,312.587738,0.597372,0.000000,0.085216,1.842081,3.936478,1.613938,9.047376,98.130098,0.243143
B039,92,36.991827,7.097991,51.227774,310.191782,0.633837,0.000000,0.115277,1.837678,3.677040,1.676100,10.110599,98.361287,0.277228
B039,96,36.972321,7.099546,49.510892,310.133773,0.651037,0.000000,0.100099,1.867213,3.613052,1.719501,11.137086,97.766227,0.314547
B039,100,36.908582,7.084464,50.161074,312.817758,0.687393,0.000000,0.128852,1.960989,3.958014,1.833608,11.778059,98.413755,0.354275
B039,104,36.961207,7.058599,47.442403,321.315855,0.686975,0.000000,0.135017,1.953578,4.115158,2.050887,12.894643,98.707427,0.397899
B039,108,36.991759,7.056299,50.466862,313.332070,0.701035,0.000000,0.125864,1.976390,3.567646,2.022676,13.213327,98.266508,0.442401
B039,112,37.004143,7.061355,52.353879,321.860418,0.686498,0.000000,0.142458,1.964209,3.334572,2.295444,14.670975,98.359432,0.491860
B039,116,37.013080,7.017514,48.880934,320.700827,0.745181,0.000000,0.139837,1.955257,3.059761,2.498460,15.784634,97.998552,0.544877
B039,120,36.978042,7.054952,47.891415,323.367365,0.765939,0.000000,0.158074,2.051315,3.558361,2.473659,16.311626,97.886968,0.599603
B039,124,36.840041,6.986810,47.821840,326.437039,0.765480,0.000000,0.157913,2.079710,3.708920,2.694639,17.288535,98.073828,0.657716
B039,128,37.029984,7.014979,49.759375,329.810387,0.780817,0.000000,0.166601,2.029127,3.515313,2.782499,17.980371,97.450328,0.717771
B039,132,37.052968,7.085379,50.849200,326.104210,0.787042,0.000000,0.160615,2.046003,3.312406,2.854035,18.426728,97.041749,0.779059
B039,136,37.086424,7.061669,50.315026,317.142303,0.793478,0.000000,0.171684,2.127389,2.933319,2.963219,18.909919,97.559791,0.842290
B039,140,37.059777,7.086088,48.450971,324.530100,0.765245,0.000000,0.182103,2.144255,3.054103,3.004485,19.130216,96.890613,0.905818
B039,144,37.008467,7.020110,47.914338,328.049167,0.841692,0.000000,0.186896,2.157530,3.119445,3.031412,20.085875,97.329170,0.972822
B039,148,36.904795,7.040943,47.783514,328.806040,0.842120,0.000000,0.203281,2.189732,3.663379,3.083518,20.550276,96.975289,1.041126
B039,152,36.933127,7.042323,47.727632,325.038081,0.824874,0.000000,0.196801,2.176448,3.473033,2.824732,20.421487,96.578918,1.108724
B039,156,37.101762,7.070713,51.500207,323.602202,0.851363,0.000000,0.185431,2.234913,3.214077,2.706446,20.961855,97.303783,1.178632
B039,160,37.076668,7.041505,50.529678,321.953320,0.799204,0.000000,0.195329,2.233315,2.897465,2.590462,21.067739,97.101593,1.248747
B039,164,36.987389,7.080808,50.652516,325.354490,0.838986,0.000000,0.200660,2.183275,2.938529,2.548293,21.161760,96.541374,1.318769
B039,168,37.029646,7.033720,49.178820,328.749715,0.828969,0.000000,0.197762,2.294328,3.052206,2.439256,21.673977,96.265420,1.390280
B039,172,36.975698,7.019559,48.491605,329.978962,0.833048,0.000000,0.200292,2.310613,3.403547,2.340067,21.510794,96.713658,1.461583
B039,176,37.030677,6.993089,48.246881,325.619965,0.816199,0.000000,0.189979,2.312009,3.399968,2.086758,21.010170,96.581793,1.531133
B039,180,36.986001,7.084876,54.031223,323.575186,0.813387,0.000000,0.193168,2.305150,3.518685,1.849647,20.817710,96.339155,1.599871
B039,184,37.056710,7.097492,51.027551,322.691024,0.819696,0.000000,0.188075,2.351983,3.086926,1.718898,20.236569,96.304542,1.666667
B039,188,37.045598,7.056785,51.475682,326.848557,0.796675,0.000000,0.190315,2.412062,2.966040,1.632160,20.046249,95.732615,1.732442
B039,192,36.986362,7.119065,50.410770,321.433212,0.806267,0.000000,0.182454,2.374157,3.737281,1.610507,19.396825,95.325209,1.795815
B039,196,36.944328,7.068943,48.792803,323.814712,0.797845,0.000000,0.180841,2.371581,3.746315,1.512057,19.443163,95.486707,1.859447
B039,200,37.027578,7.033631,47.775640,330.034541,0.791456,0.000000,0.173080,2.380874,4.163949,1.461856,18.669742,95.777434,1.920734
B039,204,37.036737,7.129919,48.879564,325.000870,0.782181,0.000000,0.177684,2.419233,3.786419,1.274441,18.373139,95.669398,1.980980
B039,208,37.043874,7.068825,51.845253,320.908205,0.789558,0.000000,0.181088,2.459614,3.349362,1.153251,18.184217,95.120352,2.040263
B039,212,37.005858,7.107667,49.832703,317.901346,0.780084,0.000000,0.172033,2.527665,3.416794,1.218227,18.006579,94.901237,2.098833
B039,216,36.961827,7.102076,50.345470,321.020435,0.766047,0.000000,0.177923,2.501767,4.123185,0.885270,17.303009,94.699362,2.154994
B039,220,36.978226,7.069445,47.424065,328.041355,0.742477,0.000000,0.167298,2.586872,4.220047,1.016012,16.710481,94.273130,2.208987
B039,224,36.922868,7.073480,48.784213,316.826774,0.759460,0.000000,0.151696,2.544214,4.695505,0.926106,16.290363,94.338291,2.261660
B039,228,37.001460,7.094141,50.056852,322.776135,0.727050,0.000000,0.156087,2.563412,4.182743,0.807639,16.283490,93.720777,2.313966
B039,232,37.112225,7.091787,53.676461,319.207038,0.743117,0.000000,0.154698,2.654389,4.214265,0.702291,15.845851,93.868687,2.364946
B039,236,37.088478,7.031355,50.312286,320.625521,0.750511,0.000000,0.157881,2.659798,3.978436,0.450321,15.506710,93.827887,2.414814
B039,240,36.923339,7.065994,50.678251,314.623416,0.711253,0.000000,0.157331,2.689985,4.723096,0.691441,14.846636,93.543063,2.462414
B040,0,37.057216,7.113292,52.214650,300.583772,0.424588,0.000000,0.029861,0.024769,5.768790,0.064422,0.512409,98.288995,0.000000
B040,4,37.084790,7.112043,53.323579,308.043039,0.466806,0.000000,0.044033,0.000000,5.531379,0.190557,0.678971,98.304202,0.002444
B040,8,37.051155,7.104698,50.999880,300.874955,0.492232,0.000000,0.040743,0.020727,5.650949,0.318572,0.893723,98.151409,0.005657
B040,12,36.949016,7.109458,49.284721,306.562466,0.472810,0.000000,0.042223,0.000000,5.430007,0.257155,1.135494,97.931996,0.009729
B040,16,36.939303,7.066014,45.877693,312.432149,0.466264,0.002202,0.038115,0.000000,5.457814,0.331203,0.996654,98.218197,0.013314
B040,20,37.025187,7.093175,49.505017,301.094619,0.471410,0.000000,0.049075,0.006197,5.354865,0.289916,1.433341,98.479281,0.018483
B040,24,37.047840,7.090464,49.932301,300.673450,0.436617,0.000000,0.056159,0.008797,5.494343,0.170145,1.039662,98.186498,0.022221
B040,28,37.014593,7.103577,53.138861,298.927909,0.448758,0.000000,0.053869,0.000000,5.093275,0.247897,1.152019,98.362823,0.026371
B040,32,37.021467,7.113343,52.464061,298.498791,0.468111,0.000000,0.066939,0.000000,5.192605,0.343668,1.859992,98.266555,0.033064
B040,36,36.972437,7.061259,47.582015,309.538296,0.495896,0.000000,0.058427,0.049796,4.941080,0.356122,1.863202,98.170303,0.039762
B040,40,36.936135,7.065680,45.922696,309.044864,0.494489,0.001391,0.058136,0.000000,4.860045,0.500543,2.107724,98.389830,0.047357
B040,44,37.032944,7.083320,47.782521,311.947132,0.464965,0.000000,0.057774,0.000000,4.691719,0.491239,2.639848,98.252732,0.056855
B040,48,37.008212,7.121104,51.709194,306.218334,0.471233,0.000000,0.072540,1.364572,4.670243,0.536188,2.656254,98.685293,0.066454
B040,52,37.076833,7.112203,51.349503,300.121370,0.499535,0.000000,0.054488,1.385528,4.842926,0.450744,2.982092,98.046696,0.077162
B040,56,37.000405,7.099948,49.441468,302.988099,0.500566,0.000000,0.074622,1.365234,5.024401,0.630190,3.428134,98.435430,0.089519
B040,60,36.980061,7.082766,46.505427,315.154118,0.520507,0.000000,0.051809,1.392855,4.343655,0.769784,4.042833,98.683893,0.104129
B040,64,36.953655,7.055665,46.704297,312.772844,0.510673,0.000000,0.086127,1.482333,4.137585,0.808951,4.811723,98.366436,0.121462
B040,68,36.939671,7.107073,48.994092,313.604296,0.492808,0.000000,0.064679,1.352723,4.022649,0.758360,4.686521,98.667218,0.138396
B040,72,37.042151,7.082741,50.239113,308.832604,0.557075,0.000000,0.087905,1.452274,4.173049,0.963487,5.554650,98.481411,0.158428
B040,76,37.072426,7.044392,52.677464,302.912530,0.564216,0.000000,0.088535,1.517767,4.481568,1.109154,6.293236,97.920496,0.180995
B040,80,36.995573,7.078440,51.630141,303.967563,0.569726,0.000000,0.090600,1.518446,4.458641,1.059586,6.750724,97.833645,0.205181
B040,84,36.965941,7.073986,50.363493,316.612429,0.595338,0.000000,0.083378,1.529497,4.091417,1.141936,7.081524,97.725007,0.230524
B040,88,36.971943,7.046060,47.256059,309.670043,0.606141,0.000000,0.101192,1.526787,3.989863,1.416419,7.630725,98.008855,0.257911
B040,92,36.991146,7.087428,48.183793,311.579750,0.576871,0.000000,0.099823,1.558172,3.724507,1.449294,8.934893,98.206323,0.290045
B040,96,37.019191,7.057479,50.336646,306.678878,0.617439,0.000000,0.106729,1.584710,3.951113,1.507959,9.100444,98.324889,0.322813
B040,100,37.027295,7.069853,50.485336,309.051768,0.647043,0.000000,0.098326,1.572091,4.193536,1.710536,10.069374,98.266447,0.359048
B040,104,37.040806,7.079235,48.970902,317.064781,0.671798,0.000000,0.111796,1.574400,4.281043,1.713596,11.114495,98.281715,0.399050
B040,108,36.976178,7.054942,49.305791,315.630063,0.634107,0.000000,0.123970,1.573467,3.668367,1.916044,11.962901,97.756500,0.441876
B040,112,36.993629,7.043899,49.096568,314.698120,0.674062,0.000000,0.130468,1.619876,3.315440,2.116214,12.503182,97.838814,0.486674
B040,116,36.992300,7.069656,49.422093,322.516028,0.673952,0.000000,0.129906,1.696161,3.106451,2.032237,13.116082,98.130284,0.533807
B040,120,37.053621,7.069076,51.312847,314.968290,0.678788,0.000000,0.136241,1.655699,3.553570,2.313958,13.999209,97.866027,0.583979
B040,124,37.051060,7.056025,53.318972,321.330813,0.706331,0.000000,0.146488,1.727858,3.796518,2.308329,14.466505,97.943650,0.635867
B040,128,36.988977,7.061434,49.406245,314.690900,0.708133,0.000000,0.152655,1.668848,3.709190,2.312310,14.879779,97.959098,0.689245
B040,132,36.991022,7.027653,49.181408,323.857393,0.717794,0.000000,0.149142,1.786062,3.315741,2.516900,15.461515,97.934981,0.744696
B040,136,36.988572,7.046933,49.003548,319.692786,0.737674,0.000000,0.149717,1.739054,2.973192,2.435970,16.198880,97.603886,0.802596
B040,140,36.981361,7.059431,51.850986,322.410334,0.734880,0.000000,0.180871,1.700686,3.003186,2.624636,17.007550,97.541947,0.863347
B040,144,37.080940,7.057184,51.233860,317.566051,0.766214,0.000000,0.164383,1.736051,2.878691,2.733029,17.372744,97.350866,0.925282
B040,148,37.042061,7.035258,52.246291,320.245703,0.754160,0.000000,0.162561,1.784656,3.107524,2.646866,18.027338,97.335077,0.989539
B040,152,36.986786,7.050622,50.508979,321.137903,0.775287,0.000000,0.159351,1.839776,3.381288,2.549740,18.067949,97.005176,1.053724
B040,156,36.950297,7.024447,46.914730,328.569430,0.761426,0.000000,0.167543,1.798520,2.811038,2.426521,18.658067,96.742998,1.119825
B040,160,36.970775,7.054286,45.765638,332.400089,0.777118,0.004219,0.190988,1.885057,2.578850,2.217375,18.760676,97.213671,1.186613
B040,164,36.968505,7.067208,50.033154,323.019140,0.807545,0.000000,0.180933,1.834158,2.743738,2.232440,19.388922,97.291583,1.255693
B040,168,37.020119,7.062644,53.290864,319.209497,0.787239,0.000000,0.185691,1.864462,2.812583,2.094194,19.522146,96.683472,1.324813
B040,172,37.035626,7.082800,53.115336,322.168676,0.801515,0.000000,0.180048,1.889322,3.207697,1.947863,19.600363,96.631104,1.394172
B040,176,37.021281,7.047479,51.182332,325.372654,0.803978,0.000000,0.189884,1.886490,3.374656,2.010424,19.447829,96.233248,1.462708
B040,180,36.988327,7.012224,47.681797,327.288529,0.797861,0.000000,0.197536,1.921726,3.091287,1.873428,18.937300,96.126026,1.529371
B040,184,36.968112,7.050893,49.169585,321.666539,0.773729,0.000000,0.185440,1.999680,2.656837,1.700291,18.590219,95.904782,1.594661
B040,188,37.012380,7.087764,48.367610,325.312950,0.790051,0.000000,0.169169,1.977980,2.748139,1.611451,18.733861,96.161293,1.660632
B040,192,37.070685,7.069620,53.009252,321.954129,0.762035,0.000000,0.172908,2.044583,3.214899,1.457039,18.650566,95.833178,1.726085
B040,196,37.041717,7.055731,51.935506,318.459531,0.771803,0.000000,0.180412,1.944348,3.370153,1.390486,18.312210,95.452261,1.790096
B040,200,37.091833,7.073666,52.284565,314.573365,0.793190,0.000000,0.169955,2.010583,3.519309,1.168671,17.868480,95.286809,1.852447
B040,204,37.000473,7.064392,46.158433,330.495833,0.791905,0.000000,0.172002,2.033188,3.317254,1.205528,17.689329,95.282217,1.914170
B040,208,36.951839,7.059381,48.556725,323.786260,0.741036,0.000000,0.173851,2.049074,3.031294,1.205838,17.637636,95.052095,1.975564
B040,212,36.997695,7.096895,47.325773,330.810665,0.735115,0.000000,0.166690,2.090197,3.033369,1.169374,17.554445,94.655822,2.036413
B040,216,36.990034,7.099951,53.451646,316.131353,0.766987,0.000000,0.156263,2.109212,3.113790,0.954190,16.875771,94.723195,2.094952
B040,220,37.001397,7.110983,52.811528,319.409253,0.717251,0.000000,0.155248,2.124154,3.795092,0.894349,16.476710,94.479791,2.151960
B040,224,36.962733,7.097445,51.605274,317.373768,0.747784,0.000000,0.148883,2.168998,3.807514,0.753183,16.358039,94.395705,2.208506
B040,228,36.883896,7.077628,50.580972,319.086112,0.728044,0.000000,0.174088,2.189687,3.538310,0.866363,16.190286,93.998573,2.264238
B040,232,36.949553,7.084111,48.516819,321.855890,0.730226,0.000000,0.144244,2.234225,3.350693,0.657012,15.515276,93.477508,2.317349
B040,236,37.037794,7.078746,49.938720,317.590441,0.713637,0.000000,0.146214,2.212309,3.316288,0.675382,15.562901,93.882529,2.370855
B040,240,37.116140,7.082928,52.055341,316.177435,0.735760,0.000000,0.141348,2.161000,3.742727,0.523884,15.320017,93.755123,2.423454
B041,0,36.999638,7.128240,52.470853,303.079595,0.471102,0.000000,0.036221,0.000000,5.844150,0.299824,0.558453,98.237396,0.000000
B041,4,36.947851,7.106288,51.205041,300.872427,0.494793,0.000000,0.032957,0.025193,5.390668,0.131900,0.607499,98.249120,0.002171
B041,8,36.946597,7.058713,49.734876,299.773024,0.425111,0.000000,0.038960,0.030453,5.702910,0.291349,0.672296,98.085938,0.004569
B041,12,37.003292,7.089548,46.108080,312.050254,0.483035,0.000000,0.033470,0.057505,5.540052,0.176753,0.647738,98.366898,0.006887
B041,16,36.954125,7.077418,48.716043,301.872130,0.488096,0.000000,0.028530,0.000000,5.383610,0.261739,0.923045,98.301654,0.010187
B041,20,36.960573,7.118368,51.865615,302.210552,0.463880,0.000000,0.041372,0.000000,5.344362,0.274210,0.931244,97.870814,0.013502
B041,24,37.100456,7.126892,51.055816,301.663075,0.481425,0.000000,0.045921,0.038147,5.384515,0.208169,1.193279,98.372207,0.017772
B041,28,37.044600,7.149194,51.779014,305.062024,0.473605,0.000000,0.043301,0.000000,5.123175,0.389368,1.433273,98.002629,0.022881
B041,32,37.024361,7.099049,49.676708,298.490675,0.446868,0.000000,0.040187,0.027668,5.041077,0.419721,1.507343,97.959074,0.028252
B041,36,36.975202,7.086426,47.974310,307.642200,0.483651,0.000000,0.053482,0.000000,4.839359,0.410833,1.800581,98.137022,0.034679
B041,40,36.940530,7.079660,49.140931,302.323071,0.498354,0.000000,0.039937,0.000000,4.854489,0.386305,1.631237,98.068548,0.040497
B041,44,37.049236,7.083682,51.643422,302.021684,0.476886,0.000000,0.051560,0.000000,4.871677,0.421217,2.156664,98.543418,0.048227
B041,48,37.068537,7.119946,50.616416,306.203879,0.465400,0.000000,0.067898,1.347226,4.666153,0.384949,2.941557,98.041410,0.058717
B041,52,37.006859,7.099774,51.415147,299.650315,0.520965,0.000000,0.061649,1.372361,5.054972,0.573799,2.932843,98.278920,0.069201
B041,56,36.969562,7.079187,48.908138,304.636935,0.540952,0.000000,0.049823,1.345493,5.111084,0.660915,3.478900,97.969699,0.081597
B041,60,36.964174,7.071986,45.300573,316.257002,0.531658,0.012590,0.052912,1.384105,4.217331,0.721239,4.016979,98.555172,0.095997
B041,64,36.984880,7.035558,48.762398,304.967288,0.531388,0.000000,0.068860,1.486439,4.055745,0.745609,4.734856,98.168843,0.112904
B041,68,36.996760,7.088143,50.928349,303.353071,0.507039,0.000000,0.068632,1.436583,4.090716,0.982636,5.490793,98.113400,0.132498
B041,72,37.049050,7.086954,49.263940,310.333052,0.554480,0.000000,0.073006,1.476909,4.298003,1.120465,6.076910,98.232475,0.154211
B041,76,37.063249,7.102484,51.629223,305.289348,0.574349,0.000000,0.075457,1.498099,4.515168,1.283646,7.007833,98.430395,0.179300
B041,80,36.946194,7.059720,50.361433,305.741034,0.586432,0.000000,0.087751,1.504010,4.248247,1.231190,7.558826,98.199439,0.206298
B041,84,36.858659,7.068366,48.193307,309.750865,0.605954,0.000000,0.100589,1.490541,4.159112,1.450542,8.669814,98.548642,0.237374
B041,88,36.956997,7.093584,49.233869,315.315491,0.646899,0.000000,0.113522,1.473755,3.567063,1.650849,9.770644,97.657054,0.272080
B041,92,37.008417,7.102850,51.774063,316.279639,0.648527,0.000000,0.122493,1.544362,3.649684,1.648569,10.695921,98.116177,0.310251
B041,96,37.111044,7.116677,49.119631,308.503248,0.685689,0.000000,0.114848,1.574391,3.969020,1.773968,11.334917,98.072836,0.350684
B041,100,37.036336,7.078860,48.486552,317.320545,0.664420,0.000000,0.125547,1.593200,4.092825,1.970154,12.233329,97.697377,0.394155
B041,104,36.961010,7.033924,49.961137,316.821024,0.698028,0.000000,0.145643,1.591366,3.821284,2.111738,13.219888,98.473031,0.441505
B041,108,36.942908,7.035542,46.537995,325.027829,0.694811,0.000000,0.151472,1.586969,3.565020,2.272553,14.084132,97.995914,0.491705
B041,112,36.947044,7.053458,48.251502,322.716333,0.756188,0.000000,0.150777,1.635194,3.126382,2.509336,15.187667,97.787628,0.545724
B041,116,36.985847,7.085240,52.378481,320.068719,0.727089,0.000000,0.165168,1.736928,3.154444,2.439065,15.560502,97.975780,0.601176
B041,120,37.078839,7.105873,52.149515,316.914363,0.730133,0.000000,0.161244,1.654269,3.211542,2.613106,16.530105,97.724498,0.659932
B041,124,37.046994,7.049388,52.840782,324.398486,0.744067,0.000000,0.149186,1.695871,3.476127,2.709347,17.143417,97.547791,0.720757
B041,128,36.996802,7.042352,48.790404,321.656167,0.786477,0.000000,0.177798,1.708186,3.304214,2.813335,17.767636,97.983462,0.784079
B041,132,36.935703,7.051423,47.227073,325.198926,0.787273,0.000000,0.179747,1.717324,2.869661,2.834211,18.361067,97.081944,0.848914
B041,136,36.986750,7.052477,47.913203,327.030175,0.758019,0.000000,0.179489,1.698437,2.447485,2.864403,18.947222,97.610841,0.916183
B041,140,37.092695,6.994265,52.733056,321.658643,0.779033,0.000000,0.178475,1.800133,2.588326,3.007336,19.409547,96.747661,0.984484
B041,144,37.058076,7.080800,52.575033,324.381300,0.790562,0.000000,0.189109,1.701533,2.780048,3.088948,19.849025,97.213314,1.054668
B041,148,37.031031,7.034808,50.753355,317.675037,0.807319,0.000000,0.195912,1.856497,3.149832,3.096597,20.461651,96.883081,1.126772
B041,152,36.912332,7.041998,50.195924,321.035334,0.815080,0.000000,0.181363,1.808705,2.924143,2.764338,20.828437,96.913895,1.200192
B041,156,36.951997,7.007035,47.822612,331.346054,0.871904,0.000000,0.195708,1.859829,2.916295,2.782039,21.187766,97.332853,1.275202
B041,160,36.995352,7.019856,48.400599,323.989190,0.831052,0.000000,0.196156,1.801151,2.560212,2.665629,21.271845,96.634279,1.349969
B041,164,37.034193,7.049315,50.850487,320.811471,0.847837,0.000000,0.203760,1.850738,2.302706,2.512776,21.357939,97.006333,1.425327
B041,168,37.028996,7.067637,51.563000,320.905989,0.845862,0.000000,0.181812,1.976612,2.665697,2.507115,21.531576,96.341336,1.500777
B041,172,37.088999,7.068279,50.645319,330.112421,0.803750,0.000000,0.190242,1.933449,2.835287,2.230969,21.395391,96.856419,1.576151
B041,176,37.000400,7.081635,48.881462,323.488401,0.846122,0.000000,0.196415,1.909190,3.229763,2.041316,21.151509,96.615041,1.650480
B041,180,36.973122,7.050374,47.470878,333.167928,0.795121,0.000000,0.200956,1.966261,2.963702,1.968517,20.540104,96.112392,1.722285
B041,184,37.021189,7.051944,48.827244,328.557253,0.799858,0.000000,0.198412,1.887544,2.548754,1.804214,20.183621,96.423794,1.793072
B041,188,37.065552,7.054118,50.673590,324.198172,0.846831,0.000000,0.188645,2.010877,2.633392,1.829257,20.140921,95.930298,1.863348
B041,192,37.043277,7.062882,51.970917,322.102633,0.786169,0.000000,0.177103,2.048727,2.998055,1.606790,19.547303,95.717901,1.931402
B041,196,37.082072,7.102912,52.521485,320.581049,0.799528,0.000000,0.169625,2.021209,3.346109,1.462842,19.064767,95.957295,1.997941
B041,200,37.036993,7.077665,49.002640,319.178059,0.798992,0.000000,0.190904,2.004382,3.531818,1.346804,18.757253,95.440008,2.063055
B041,204,36.899203,7.067126,48.988739,323.018999,0.790874,0.000000,0.170134,2.063189,3.072261,1.236832,18.650555,95.614342,2.127916
B041,208,36.988875,7.075801,49.008481,328.234128,0.794013,0.000000,0.162236,2.066831,2.865536,1.250055,18.472712,95.450246,2.192049
B041,212,37.021693,7.085126,54.154278,317.634431,0.798998,0.000000,0.167323,2.144516,2.995641,1.063700,17.611458,94.792030,2.252770
B041,216,37.078512,7.091841,51.741944,320.040662,0.729639,0.000000,0.159375,2.084470,3.396100,1.028761,17.089610,94.610574,2.311579
B041,220,37.012658,7.056260,50.954853,322.623360,0.754981,0.000000,0.160310,2.155770,3.825533,0.976570,16.842090,95.181349,2.369886
B041,224,37.016755,7.096259,47.432835,328.059535,0.792518,0.000000,0.176751,2.167666,3.825288,0.862592,16.616213,93.853136,2.426608
B041,228,36.968650,7.088152,48.696277,317.050182,0.725193,0.000000,0.160075,2.173178,3.804125,0.724378,16.070289,94.266224,2.481708
B041,232,36.951867,7.073071,47.584354,326.900311,0.722654,0.000000,0.159488,2.160530,3.430998,0.723068,15.876481,93.499421,2.535701
B041,236,36.985010,7.113081,51.725859,312.538506,0.721693,0.000000,0.147456,2.205212,3.559574,0.606408,15.495119,93.184092,2.588219
B041,240,37.043356,7.081946,50.997276,319.588359,0.739737,0.000000,0.143755,2.236563,3.586174,0.727395,14.831696,93.719337,2.638777
B042,0,37.030037,7.139437,51.072448,301.245431,0.445830,0.000000,0.031963,0.000000,5.768586,0.201824,0.525808,98.545730,0.000000
B042,4,37.087937,7.148059,52.277157,299.107314,0.448687,0.000000,0.033457,0.000000,5.529636,0.186184,0.439773,98.207983,0.001516
B042,8,37.030939,7.109095,49.787339,303.311901,0.440888,0.000000,0.038836,0.042087,5.841554,0.189722,0.760609,97.929271,0.004131
B042,12,37.050607,7.108981,50.408071,298.069915,0.435452,0.000000,0.043456,0.008899,5.367235,0.313428,0.532499,97.959401,0.005962
B042,16,36.916087,7.070510,50.675532,298.959166,0.465579,0.000000,0.052633,0.028332,5.295045,0.309514,0.852348,98.420548,0.008907
B042,20,36.933056,7.053236,48.121037,305.235106,0.450126,0.000000,0.046095,0.043103,5.380784,0.367073,1.082478,98.448690,0.012648
B042,24,36.963582,7.077311,48.969534,307.903493,0.477253,0.000000,0.045945,0.000000,5.266006,0.227018,1.374649,97.755099,0.017365
B042,28,37.052422,7.096015,52.721966,303.494754,0.486921,0.000000,0.052515,0.000000,5.203341,0.270086,1.829005,98.012697,0.023658
B042,32,36.991296,7.097144,51.436201,299.088199,0.481440,0.000000,0.056420,0.000000,5.040500,0.436160,2.034901,98.157600,0.030669
B042,36,36.975506,7.059497,49.560145,311.716022,0.503176,0.000000,0.038611,0.000000,4.692864,0.400748,2.620085,98.183972,0.039700
B042,40,36.971459,7.100403,50.111077,302.933316,0.507896,0.000000,0.054682,0.046044,4.851185,0.643985,2.778397,97.766946,0.049235
B042,44,36.940153,7.063909,47.370795,313.391520,0.524190,0.000000,0.072359,0.051849,4.738155,0.563391,3.259119,98.258883,0.060476
B042,48,36.929931,7.108606,48.914493,309.547385,0.531657,0.000000,0.066383,1.416346,4.597144,0.834959,4.095115,98.345529,0.074614
B042,52,37.007751,7.071740,51.768767,306.413600,0.555821,0.000000,0.075641,1.324860,4.842865,0.951548,4.486185,98.517320,0.090128
B042,56,37.015760,7.093017,52.716216,310.558183,0.551958,0.000000,0.070930,1.301616,4.599916,0.970204,5.212427,98.358652,0.108125
B042,60,36.969643,7.084066,49.096007,304.775587,0.534520,0.000000,0.084116,1.374023,4.371908,0.955292,5.788713,98.559137,0.128153
B042,64,36.867609,7.055026,47.801467,316.985780,0.596619,0.000000,0.089121,1.409951,3.963849,1.100847,6.377041,98.225924,0.150141
B042,68,36.879224,7.048588,46.133150,317.154689,0.574998,0.000000,0.108845,1.423730,4.001058,1.217114,7.494656,98.308952,0.176005
B042,72,36.988947,7.049285,49.140921,313.449349,0.626161,0.000000,0.092085,1.366019,3.744486,1.394445,8.320078,97.921065,0.204604
B042,76,37.041653,7.121196,50.794629,305.393064,0.648951,0.000000,0.086579,1.551672,4.285859,1.548169,9.031387,98.432960,0.235811
B042,80,37.082338,7.118593,52.053444,311.268908,0.619993,0.000000,0.101101,1.472663,3.978031,1.654079,9.864873,98.416128,0.269891
B042,84,37.023787,7.018886,53.192392,314.605780,0.614136,0.000000,0.115059,1.556731,3.825027,1.917402,11.147667,97.580038,0.308076
B042,88,36.924100,7.085026,47.585968,319.741572,0.661827,0.000000,0.128106,1.515548,3.440266,1.792967,11.804792,98.487759,0.348888
B042,92,36.957976,7.060491,48.248087,317.705055,0.674632,0.000000,0.132675,1.534340,3.124707,2.058635,12.984714,98.372711,0.393727
B042,96,36.973564,7.041249,50.041531,314.991764,0.708732,0.000000,0.137378,1.500969,3.610988,2.272852,13.927625,98.477441,0.441874
B042,100,37.017385,7.071250,51.714848,316.153022,0.706426,0.000000,0.149047,1.511303,3.712815,2.343721,14.587682,97.927001,0.492020
B042,104,37.064137,7.131579,53.172787,316.408652,0.695298,0.000000,0.148350,1.608834,3.536598,2.531351,15.248716,98.048533,0.544503
B042,108,37.015483,7.030092,49.566737,320.787007,0.769382,0.000000,0.146417,1.608538,2.981769,2.574621,16.363177,98.149346,0.600881
B042,112,36.921493,7.053011,48.560914,319.416696,0.767528,0.000000,0.150267,1.705764,2.785230,2.567911,16.655699,97.994547,0.658175
B042,116,36.869563,7.060121,50.355343,319.268314,0.757312,0.000000,0.180759,1.647716,2.747031,2.784709,17.718870,97.935486,0.719090
B042,120,36.951424,7.074761,51.154851,318.281197,0.797776,0.000000,0.171684,1.658468,3.057511,2.841610,17.903224,97.677938,0.780477
B042,124,37.081844,7.041890,52.362933,320.301299,0.768589,0.000000,0.177150,1.675428,3.247810,2.912975,18.677695,97.417891,0.844349
B042,128,37.077162,7.092358,48.166031,328.494167,0.841826,0.000000,0.186277,1.714395,3.259232,3.050414,19.146698,97.489038,0.909873
B042,132,37.008449,7.028355,49.615420,325.940301,0.851671,0.000000,0.191897,1.722333,2.721620,3.030821,19.593105,97.227742,0.976745
B042,136,36.968572,7.018174,49.759789,323.942138,0.785256,0.000000,0.176717,1.737464,2.369824,3.032616,19.860661,96.910751,1.044309
B042,140,36.895047,7.038337,47.578471,332.948384,0.842544,0.000000,0.187420,1.734099,2.461715,3.265593,20.134466,96.941013,1.112825
B042,144,36.987717,6.993378,49.580970,327.951543,0.815394,0.000000,0.190114,1.757902,2.970947,3.260008,20.558510,97.103762,1.182902
B042,148,36.988385,7.088454,52.221225,322.340946,0.845745,0.000000,0.194623,1.797980,2.933319,3.025688,20.853532,97.058940,1.253952
B042,152,37.081961,7.042217,53.319780,325.814289,0.831141,0.000000,0.193877,1.804230,3.147779,2.889880,21.080383,96.765279,1.325558
B042,156,37.003343,7.040290,49.807804,323.919299,0.828860,0.000000,0.198950,1.837718,2.748403,2.806926,21.118934,96.919680,1.397409
B042,160,36.973414,7.020615,48.822762,326.806255,0.807803,0.000000,0.198981,1.911205,2.298902,2.595547,21.383548,97.317991,1.470459
B042,164,36.936968,7.083169,49.640846,321.078829,0.820331,0.000000,0.217251,1.852666,2.347228,2.680852,21.606483,96.618748,1.543741
B042,168,36.944158,7.016617,49.547391,322.827773,0.851784,0.000000,0.179487,1.845110,2.568950,2.425964,21.451666,96.511838,1.616417
B042,172,37.025092,7.035591,48.585817,330.020429,0.852124,0.000000,0.185961,1.858847,3.224099,2.158621,21.047058,96.731816,1.687884
B042,176,37.051470,7.077466,53.994668,323.246839,0.841431,0.000000,0.183695,1.932784,2.831702,2.098338,20.726344,96.512164,1.758103
B042,180,36.994376,7.084552,49.854310,324.564507,0.836021,0.000000,0.192581,1.979207,2.625020,1.967513,20.881842,96.141728,1.828577
B042,184,36.934242,7.046958,47.522123,327.590552,0.803048,0.000000,0.185175,1.927211,2.811412,1.829943,20.158480,95.730550,1.896319
B042,188,36.927464,7.050605,47.116544,335.253014,0.814385,0.000000,0.188184,1.968613,2.495902,1.562451,20.216564,96.109452,1.964525
B042,192,36.934355,7.043298,47.803198,327.404986,0.795590,0.000000,0.190478,1.993693,3.146510,1.570613,19.189641,96.018406,2.029205
B042,196,37.016952,7.098273,51.009948,321.449360,0.762944,0.000000,0.182328,2.016065,3.504616,1.298853,18.827780,95.732055,2.092476
B042,200,37.036862,7.114682,51.249429,320.678641,0.816490,0.000000,0.170215,2.095424,3.310578,1.419934,18.660304,95.632680,2.155119
B042,204,37.016846,7.095150,51.158575,323.193166,0.811923,0.000000,0.179483,2.017378,3.161787,1.192575,18.348791,94.823967,2.216196
B042,208,36.903624,7.107888,48.221461,327.057331,0.807547,0.000000,0.175081,2.111871,2.948723,1.229503,18.366614,95.240355,2.277600
B042,212,36.972319,7.073723,47.086522,323.184470,0.778642,0.000000,0.161604,2.053338,2.769400,1.068500,18.052588,94.812949,2.337684
B042,216,36.941693,7.098444,51.992872,319.170324,0.772183,0.000000,0.153014,2.104729,3.289633,0.932999,17.536596,94.904633,2.396106
B042,220,37.068592,7.073758,50.767859,321.906189,0.748351,0.000000,0.162863,2.188483,3.926286,1.050438,16.907458,94.792351,2.452367
B042,224,37.112904,7.112126,52.620381,317.456088,0.763413,0.000000,0.156053,2.177811,3.652366,0.834017,16.904100,94.211754,2.508271
B042,228,36.973131,7.025739,49.325424,320.977502,0.744147,0.000000,0.160217,2.164195,3.492983,0.888117,16.788546,94.270987,2.563828
B042,232,36.940646,7.112960,51.377985,310.540814,0.747930,0.000000,0.143646,2.191072,3.346321,0.655440,15.795769,93.834888,2.615858
B042,236,36.893163,7.105007,48.171138,318.353791,0.745398,0.000000,0.162993,2.173415,3.326571,0.799847,16.007031,94.081207,2.668722
B042,240,36.972005,7.086836,50.415836,316.962989,0.723316,0.000000,0.164725,2.198093,3.772192,0.563592,15.333806,93.868107,2.719249
B043,0,37.113613,7.150990,52.159920,301.056100,0.487732,0.000000,0.028394,0.000000,5.557481,0.187640,0.515654,98.189685,0.000000
B043,4,37.070545,7.094537,52.192891,298.326807,0.465531,0.000000,0.027904,0.000000,5.818254,0.261100,0.558692,98.318304,0.002368
B043,8,36.985884,7.093980,49.582189,299.890742,0.436055,0.000000,0.031993,0.000000,5.764265,0.091685,0.357213,98.479257,0.003884
B043,12,36.964653,7.083834,50.542357,304.309394,0.489846,0.000000,0.030987,0.014105,5.532368,0.263295,0.720787,98.041239,0.006930
B043,16,36.940457,7.132907,47.923800,306.231043,0.454800,0.000000,0.052871,0.004199,5.426575,0.209114,1.071323,98.205773,0.011464
B043,20,37.047252,7.114849,49.955005,295.251878,0.501281,0.000000,0.042374,0.000000,5.440490,0.307057,0.926766,98.041819,0.015380
B043,24,37.137820,7.089566,52.374084,299.279668,0.438817,0.000000,0.045552,0.036304,5.258826,0.405500,1.008734,98.858969,0.019678
B043,28,37.133807,7.068221,48.447972,305.158441,0.482124,0.000000,0.047813,0.034090,5.341042,0.333424,1.146889,98.244435,0.024535
B043,32,37.001209,7.057882,49.497363,303.573233,0.466764,0.000000,0.036153,0.000000,4.792657,0.350554,1.250019,97.984858,0.029814
B043,36,36.947372,7.099529,45.792569,317.908371,0.462600,0.003734,0.048114,0.013978,5.100125,0.366580,1.770625,98.406318,0.037324
B043,40,37.017183,7.105458,48.830310,304.541495,0.490421,0.000000,0.052503,0.000000,4.762474,0.514380,1.988768,98.712203,0.045785
B043,44,37.055294,7.134112,49.149244,301.953263,0.491117,0.000000,0.048657,0.000000,4.806764,0.454721,2.231234,98.393774,0.055248
B043,48,37.056830,7.077733,53.782541,312.226361,0.513027,0.000000,0.038701,1.365523,4.599309,0.349316,2.460083,98.490341,0.065691
B043,52,37.052318,7.091578,50.825738,308.623149,0.522699,0.000000,0.056929,1.350360,5.044963,0.446771,2.755240,97.828310,0.077308
B043,56,37.010927,7.082215,49.464778,303.817516,0.513538,0.000000,0.073664,1.300581,4.711764,0.586426,3.472010,97.798733,0.091943
B043,60,36.950353,7.010881,46.199354,312.897275,0.493752,0.000000,0.076164,1.426104,4.390202,0.789499,3.910236,98.670648,0.108573
B043,64,36.962794,7.092770,48.275899,309.370184,0.562509,0.000000,0.067604,1.334761,4.226130,0.692615,4.367952,98.085837,0.127039
B043,68,37.036630,7.136459,49.194212,307.757873,0.550514,0.000000,0.068602,1.440600,3.990918,0.841661,4.899411,97.984922,0.147730
B043,72,37.106709,7.077546,53.168389,304.197244,0.557406,0.000000,0.095248,1.426404,4.342378,0.881613,5.225449,98.199771,0.169847
B043,76,37.033126,7.139652,49.572603,304.600832,0.590834,0.000000,0.089012,1.445658,4.817087,1.111279,6.483629,98.355785,0.197332
B043,80,36.982944,7.062805,49.603263,307.710569,0.595012,0.000000,0.085678,1.499208,4.387454,1.053593,6.947953,98.258697,0.226757
B043,84,36.965009,7.027844,46.856208,315.480403,0.606290,0.000000,0.108115,1.524725,4.144640,1.271796,7.598103,98.332022,0.258959
B043,88,37.005135,7.031009,47.915223,312.808298,0.603352,0.000000,0.100196,1.574688,3.773166,1.469107,8.757529,98.031764,0.295962
B043,92,37.026189,7.024673,48.737691,320.827199,0.623837,0.000000,0.114896,1.577537,3.868594,1.540965,9.674850,98.014451,0.336833
B043,96,37.122000,7.072861,52.499431,310.667297,0.674040,0.000000,0.107175,1.589047,3.584262,1.625634,10.228838,98.240526,0.380145
B043,100,37.085295,7.110932,52.449116,315.255714,0.668083,0.000000,0.107681,1.608477,4.043965,1.863888,11.166980,98.081298,0.427352
B043,104,37.042984,7.030128,47.766056,320.470285,0.636517,0.000000,0.110591,1.539728,3.936903,1.919534,11.763334,98.100861,0.477090
B043,108,36.911631,7.046812,48.344661,317.849421,0.699724,0.000000,0.130546,1.599099,3.344535,2.037489,13.172246,98.490584,0.533007
B043,112,36.902094,7.085870,50.597090,313.030130,0.707583,0.000000,0.138642,1.681228,3.188040,2.215694,13.858974,97.869764,0.591467
B043,116,37.004066,7.043392,48.961422,317.807434,0.740145,0.000000,0.135708,1.611202,3.146090,2.273249,14.536348,97.654237,0.652651
B043,120,37.122217,7.069997,52.459292,320.823922,0.716592,0.000000,0.139500,1.684240,3.168528,2.483187,15.406147,97.742433,0.717553
B043,124,37.028231,7.072056,49.407192,317.139152,0.748891,0.000000,0.160347,1.669509,3.548322,2.461872,16.149691,97.748210,0.785593
B043,128,36.985012,7.076568,51.632951,319.939470,0.754371,0.000000,0.165202,1.683835,3.525686,2.431692,16.707203,98.091085,0.856227
B043,132,36.900163,7.009209,46.623734,327.406511,0.741589,0.000000,0.174383,1.729518,3.079922,2.823993,17.574984,97.347407,0.929968
B043,136,36.930510,7.007792,47.928035,327.483753,0.784923,0.000000,0.171567,1.687840,2.694599,2.771075,18.261168,97.445423,1.006664
B043,140,37.019943,7.104845,50.057417,318.767961,0.810144,0.000000,0.195193,1.783648,2.550043,2.882600,18.867174,97.200142,1.085706
B043,144,37.090322,7.017857,53.177625,319.707239,0.837596,0.000000,0.165546,1.724046,3.000511,3.027302,19.257603,96.851228,1.166095
B043,148,37.071082,7.050681,51.986123,320.257405,0.804873,0.000000,0.183814,1.804485,3.301309,2.949087,19.583878,97.016887,1.247985
B043,152,36.971866,7.057686,49.983541,322.955794,0.823144,0.000000,0.190411,1.736517,3.121044,2.835819,20.087345,96.788823,1.331783
B043,156,36.937132,7.016918,47.391910,325.133101,0.848733,0.000000,0.193826,1.854834,2.810550,2.785142,20.494802,97.317338,1.417748
B043,160,36.939307,7.045042,47.602247,328.519132,0.808040,0.000000,0.169675,1.835406,2.437423,2.528885,20.840907,97.278072,1.505129
B043,164,37.002191,7.060592,49.204785,326.663502,0.837177,0.000000,0.205101,1.848457,2.529222,2.451843,21.230071,96.776340,1.593682
B043,168,37.095567,7.038170,53.528105,324.779544,0.846008,0.000000,0.199416,1.949549,2.793393,2.283538,21.126145,97.305988,1.682285
B043,172,37.070639,7.061199,51.631524,327.100513,0.842719,0.000000,0.193922,1.940700,3.164627,2.147919,21.070617,96.198257,1.769648
B043,176,36.991094,7.034339,49.306320,326.972000,0.858156,0.000000,0.196081,1.876793,2.825105,2.241113,20.899630,96.568429,1.856636
B043,180,36.950198,7.047215,47.946444,328.226866,0.842718,0.000000,0.192407,1.926874,2.952921,1.954809,20.496273,96.424309,1.941818
B043,184,36.950455,7.106545,48.131499,330.167158,0.789898,0.000000,0.172112,1.971067,2.511666,1.870310,20.039544,96.551438,2.025212
B043,188,36.984515,7.116594,51.345136,321.269523,0.794323,0.000000,0.187585,2.000954,2.550379,1.682437,19.939712,96.217088,2.107902
B043,192,37.060121,7.090990,51.961223,326.855843,0.795905,0.000000,0.188284,2.023331,2.863633,1.492606,19.879170,96.035945,2.190187
B043,196,37.079320,7.066257,51.010802,320.987390,0.807567,0.000000,0.177095,2.002549,3.365839,1.381136,19.540458,95.286192,2.270438
B043,200,37.016530,7.098972,46.061618,332.380209,0.770727,0.000000,0.170089,2.094967,3.380976,1.275570,19.164463,95.301942,2.349158
B043,204,36.959336,7.050410,49.026410,325.609064,0.786936,0.000000,0.161688,2.034952,3.254856,1.203962,19.085659,95.146771,2.427426
B043,208,36.936154,7.086526,49.111601,327.860695,0.790296,0.000000,0.169590,2.068900,2.965480,1.255213,18.860087,95.213461,2.504824
B043,212,37.033430,7.092690,49.668857,321.615759,0.794374,0.000000,0.169366,2.113198,2.990647,1.124161,18.404881,94.640348,2.579899
B043,216,37.047643,7.072670,51.380554,319.496212,0.785732,0.000000,0.171829,2.056383,3.260920,0.997542,17.871908,94.939116,2.653030
B043,220,37.075324,7.064696,53.603905,321.826062,0.773414,0.000000,0.167491,2.071456,3.713367,0.978986,17.719264,94.818966,2.725444
B043,224,36.978341,7.118658,48.410077,327.193392,0.737936,0.000000,0.159223,2.072600,3.730519,0.836500,17.471104,94.407919,2.796535
B043,228,36.975588,7.058796,47.501524,321.405373,0.772133,0.000000,0.162687,2.172675,3.439102,0.767980,17.035079,94.465160,2.865894
B043,232,36.905937,7.044054,47.986653,325.946534,0.729373,0.000000,0.158495,2.220750,3.086715,0.707063,16.703247,94.060647,2.933611
B043,236,36.990696,7.058349,49.550397,321.253582,0.724715,0.000000,0.150574,2.188830,3.123623,0.559297,16.208096,93.576637,2.998982
B043,240,37.082118,7.137160,52.335657,318.522404,0.748948,0.000000,0.156064,2.262280,3.500970,0.719708,16.086073,93.917566,3.064097
B044,0,37.043079,7.124128,52.378981,305.143661,0.450259,0.000000,0.042099,0.000000,5.913347,0.211197,0.575515,98.279860,0.000000
B044,4,37.084809,7.086305,51.256610,302.560597,0.456289,0.000000,0.039818,0.010694,5.679272,0.207806,0.494019,98.393588,0.001743
B044,8,37.010675,7.071847,50.923848,298.581190,0.451483,0.000000,0.036428,0.014626,5.675671,0.162109,0.384513,98.340247,0.003100
B044,12,37.003159,7.073384,47.450431,309.872385,0.478780,0.000000,0.038691,0.000000,5.516897,0.145291,0.508937,98.375561,0.004896
B044,16,37.028681,7.095051,48.657395,309.376339,0.481075,0.000000,0.039896,0.000000,5.510807,0.344352,0.927327,98.183176,0.008161
B044,20,37.013333,7.093803,49.317758,297.670109,0.434301,0.000000,0.035819,0.000000,5.238350,0.242091,1.042240,98.136042,0.011830
B044,24,37.037657,7.101264,52.768925,299.720591,0.473619,0.000000,0.060494,0.040645,5.275498,0.155017,1.046961,98.128328,0.015515
B044,28,37.026679,7.022123,51.996525,301.259194,0.488700,0.000000,0.043526,0.000000,5.061450,0.279582,0.930313,98.194584,0.018791
B044,32,36.955245,7.087125,50.615890,301.532980,0.462353,0.000000,0.037751,0.000000,5.077787,0.442674,1.170704,98.489025,0.022927
B044,36,36.977208,7.068992,47.294986,304.159524,0.473354,0.000000,0.034379,0.011459,5.042524,0.402415,1.320948,97.812273,0.027561
B044,40,36.945874,7.073394,48.750312,312.037097,0.446008,0.000000,0.045122,0.000000,4.941854,0.254796,1.416759,97.767008,0.032529
B044,44,36.971315,7.121364,49.878160,302.386559,0.471138,0.000000,0.040704,0.024017,4.927334,0.320557,1.862241,98.108040,0.039082
B044,48,36.958187,7.084086,52.833634,300.328371,0.483048,0.000000,0.051591,1.595598,4.895174,0.379804,1.739220,98.324368,0.045216
B044,52,37.026106,7.102375,50.570134,301.918789,0.501667,0.000000,0.056610,1.633891,5.177137,0.362729,2.337605,98.522729,0.053477
B044,56,37.023397,7.146059,47.698303,306.204431,0.483356,0.000000,0.039428,1.648050,5.110414,0.399624,2.651789,98.241651,0.062821
B044,60,37.014073,7.089764,48.417868,307.314230,0.503165,0.000000,0.047205,1.686562,4.813954,0.473928,2.751217,97.974557,0.072489
B044,64,36.905967,7.087224,49.461645,303.569201,0.482172,0.000000,0.067739,1.655569,4.263643,0.714886,3.013143,98.344655,0.083118
B044,68,37.017841,7.084152,48.769782,303.717128,0.489237,0.000000,0.045308,1.738109,4.238825,0.615146,3.167462,97.899198,0.094240
B044,72,37.050693,7.025925,51.596324,308.496168,0.503930,0.000000,0.069222,1.781892,4.719744,0.693718,3.856038,98.470852,0.107859
B044,76,37.126277,7.130946,51.984491,303.003519,0.523190,0.000000,0.073398,1.709706,4.825375,0.695009,4.175076,98.066599,0.122545
B044,80,36.990733,7.084160,48.942104,305.315410,0.523511,0.000000,0.060147,1.716499,5.039059,0.893519,4.551147,98.197398,0.138575
B044,84,36.979515,7.046072,47.740029,315.176607,0.559408,0.000000,0.071593,1.803968,4.496405,0.983592,4.846900,98.131339,0.155634
B044,88,36.910818,7.015132,49.219853,312.393513,0.549029,0.000000,0.080230,1.827453,3.825520,0.950061,5.969340,98.263509,0.176673
B044,92,36.909329,7.053497,50.528575,307.737596,0.568768,0.000000,0.088661,1.885609,4.273340,1.135955,6.338342,98.314336,0.199024
B044,96,37.013032,7.041861,50.543117,303.460894,0.587356,0.000000,0.095973,1.833190,4.464132,1.133684,6.802447,98.055034,0.222949
B044,100,37.015473,7.093507,51.773440,304.455591,0.562435,0.000000,0.078965,1.921152,4.753564,1.169342,7.485577,98.253918,0.249329
B044,104,37.015039,7.061697,52.462763,311.305157,0.592775,0.000000,0.104918,1.906247,4.613524,1.376076,8.197243,98.330952,0.278240
B044,108,36.974154,7.088324,48.226609,311.954912,0.591967,0.000000,0.118972,1.955429,4.022242,1.480806,9.107011,98.446500,0.310397
B044,112,36.961119,7.034766,48.150728,315.930753,0.634153,0.000000,0.115318,1.993261,3.597959,1.548305,9.830556,97.621310,0.344819
B044,116,36.971405,7.085503,49.820196,308.309492,0.643209,0.000000,0.134561,2.013842,3.671395,1.735485,10.812917,97.870555,0.382777
B044,120,37.077231,7.094997,52.952640,313.093637,0.660095,0.000000,0.132404,2.006259,4.182834,1.803730,11.301310,98.637355,0.422759
B044,124,37.066245,7.088600,53.297346,314.362542,0.660425,0.000000,0.140798,1.982178,4.039867,1.940646,12.410464,98.333410,0.466531
B044,128,37.060728,7.052766,50.969592,319.954036,0.697298,0.000000,0.143562,2.044692,4.165926,2.118433,12.983700,98.096053,0.512214
B044,132,36.959273,7.060179,47.793137,316.317521,0.736045,0.000000,0.138001,2.077766,3.467139,2.193860,13.940411,97.922581,0.561177
B044,136,36.868581,7.055936,45.768261,324.130923,0.722354,0.004171,0.155405,2.101134,3.588844,2.324405,14.248178,97.237121,0.610870
B044,140,36.986051,7.062526,50.201701,316.282737,0.745740,0.000000,0.159242,2.050406,3.400700,2.462117,15.080528,97.458751,0.663586
B044,144,37.028762,7.107331,51.090114,324.051149,0.706279,0.000000,0.157618,2.165031,3.602236,2.578286,16.100452,97.547326,0.687246
B044,148,37.063494,7.104694,51.417352,316.674400,0.735398,0.000000,0.168864,2.166138,3.944187,2.366359,16.547594,97.166168,0.711467
B044,152,37.016868,7.020205,50.067655,322.896220,0.765473,0.000000,0.167460,2.161346,3.800921,2.453913,17.707281,97.094448,0.737367
B044,156,36.929078,6.962361,47.760765,327.167595,0.766633,0.000000,0.157601,2.252292,3.307478,2.514207,18.535098,97.143674,0.764492
B044,160,36.962938,7.053028,48.605405,323.274983,0.797046,0.000000,0.189391,2.197036,3.277862,2.444758,18.985239,96.805835,0.792179
B044,164,36.954281,7.068922,49.192186,325.432769,0.783304,0.000000,0.174817,2.242834,3.033674,2.347496,19.317617,97.346900,0.820508
B044,168,37.080523,7.074296,53.131078,319.993500,0.815584,0.000000,0.188635,2.260685,3.408191,2.295470,19.945612,96.916468,0.849628
B044,172,37.022261,7.070499,52.390166,323.892125,0.796113,0.000000,0.199102,2.251057,3.648912,2.137417,20.350803,96.751487,0.879290
B044,176,36.992168,7.031738,49.833176,324.161449,0.764149,0.000000,0.178227,2.332305,3.635511,2.085568,20.248110,96.695673,0.908784
B044,180,36.904288,7.059234,49.130946,324.350595,0.834486,0.000000,0.200570,2.356209,3.529863,1.968342,20.279973,96.072614,0.938135
B044,184,36.969577,7.087434,51.131147,320.992423,0.812637,0.000000,0.183179,2.341788,3.150511,1.870836,20.181737,96.203059,0.967384
B044,188,37.030325,7.072652,52.063049,327.565599,0.824156,0.000000,0.172190,2.341663,3.185702,1.730196,20.015580,96.172119,0.996382
B044,192,37.019556,7.072455,53.986749,315.801314,0.808940,0.000000,0.185333,2.369391,3.505304,1.631144,19.848102,95.906423,1.025058
B044,196,37.077688,7.088041,52.410119,325.393178,0.807000,0.000000,0.184461,2.466789,3.760237,1.439302,19.759755,95.418628,1.053461
B044,200,36.963700,7.083787,51.445721,325.059729,0.803304,0.000000,0.180263,2.417538,3.817521,1.389191,19.693457,95.790055,1.081880
B044,204,36.981795,7.011480,46.723679,330.680977,0.780609,0.000000,0.183561,2.505656,3.585691,1.398140,19.396936,95.019686,1.109645
B044,208,36.956746,7.074239,45.581948,331.820515,0.807067,0.007525,0.167978,2.447514,3.491411,1.234056,19.203421,95.315250,1.137218
B044,212,36.958431,7.097547,48.880253,321.204302,0.790269,0.000000,0.192859,2.524415,3.437103,1.181309,19.233841,94.303912,1.164543
B044,216,37.065899,7.117543,52.737719,318.108321,0.802887,0.000000,0.181119,2.534191,4.060488,0.974219,18.685786,94.628835,1.191180
B044,220,37.080035,7.088847,52.585950,320.945140,0.773820,0.000000,0.167520,2.573275,4.385608,0.935352,18.051903,94.710283,1.216936
B044,224,36.977755,7.150467,48.635451,325.737922,0.800647,0.000000,0.174821,2.555703,4.211943,0.935770,18.282393,94.302067,1.242908
B044,228,36.992377,7.079439,44.475207,333.253203,0.792426,0.027446,0.158773,2.661918,3.860007,0.829124,17.859782,94.203039,1.268253
B044,232,36.966884,7.079329,45.649644,330.101857,0.755832,0.006306,0.175566,2.671609,3.844258,0.810419,17.456158,93.545724,1.292853
B044,236,36.997366,7.076608,48.582772,320.494989,0.789727,0.000000,0.172619,2.652210,3.854172,0.667836,17.679170,93.722598,1.317814
B044,240,37.066744,7.049283,50.933718,323.073339,0.720957,0.000000,0.169376,2.674761,4.245051,0.704418,16.832178,93.217057,1.341451
B045,0,36.938721,7.085949,49.419157,300.390904,0.428697,0.000000,0.048944,0.000000,5.720837,0.158107,0.380589,98.469106,0.000000
B045,4,36.923222,7.059538,47.312648,306.481114,0.448931,0.000000,0.035905,0.000000,5.813213,0.149851,0.385957,98.108205,0.001517
B045,8,37.015806,7.091784,49.705748,298.171241,0.426528,0.000000,0.050072,0.011278,5.541688,0.293065,0.854171,98.038617,0.004872
B045,12,37.052525,7.101524,53.773006,301.254802,0.456409,0.000000,0.047426,0.033126,5.441618,0.279241,0.687266,98.582101,0.007587
B045,16,37.083375,7.043419,52.592061,300.779602,0.454291,0.000000,0.033326,0.005012,5.438549,0.129939,0.595539,97.957750,0.009924
B045,20,37.086896,7.115231,48.228333,306.933728,0.461284,0.000000,0.054789,0.000000,5.344953,0.278837,1.136586,97.951240,0.014384
B045,24,36.936562,7.076206,46.151524,316.567902,0.488145,0.000000,0.047767,0.028584,5.197745,0.458729,1.574178,98.184316,0.020577
B045,28,36.935181,7.034549,47.199602,309.236253,0.478769,0.000000,0.043478,0.000000,5.059145,0.322056,1.518635,98.132156,0.026547
B045,32,36.966296,7.028933,48.606747,312.128885,0.499060,0.000000,0.052066,0.047128,4.921451,0.381301,2.126859,99.065745,0.034989
B045,36,37.019428,7.138115,50.696244,304.720646,0.473233,0.000000,0.041960,0.000000,5.063031,0.400063,1.880289,98.029845,0.042374
B045,40,37.102491,7.081434,52.394789,300.361312,0.501085,0.000000,0.050408,0.045316,4.798557,0.394201,2.135872,98.269617,0.050783
B045,44,37.015211,7.118507,52.546526,299.434009,0.503567,0.000000,0.054930,0.036772,4.604819,0.486998,2.728301,98.472468,0.061547
B045,48,37.010534,7.086776,50.833124,301.791086,0.497290,0.000000,0.052438,1.310581,4.900551,0.456745,2.927807,98.319371,0.073080
B045,52,36.903862,7.059053,48.730006,307.799005,0.504719,0.000000,0.056635,1.349064,4.899435,0.709845,3.536591,98.102092,0.086980
B045,56,36.981008,7.086362,46.410790,311.057056,0.534030,0.000000,0.063239,1.360852,4.903898,0.668127,3.869077,98.032179,0.102176
B045,60,37.057542,7.072123,52.604421,302.872710,0.504236,0.000000,0.057193,1.348453,4.589731,0.670295,4.091748,98.221863,0.118278
B045,64,37.026415,7.080516,52.944642,309.606110,0.527936,0.000000,0.066824,1.401374,4.470162,0.822046,4.616877,98.409727,0.136481
B045,68,36.995826,7.097180,50.405769,306.232185,0.538601,0.000000,0.075484,1.439570,4.102894,0.961863,5.951457,98.018242,0.159853
B045,72,36.951336,7.076872,48.596653,311.243558,0.566091,0.000000,0.075330,1.411692,4.235486,1.193014,6.733462,98.221478,0.186350
B045,76,36.918844,7.064765,47.106036,315.884267,0.551398,0.000000,0.076852,1.470070,4.512783,1.106440,6.899593,98.505859,0.213580
B045,80,36.967647,7.061695,49.249965,304.765100,0.624294,0.000000,0.090717,1.467196,4.475111,1.263093,7.665960,98.573573,0.243855
B045,84,37.009507,7.071470,52.425071,310.009692,0.590196,0.000000,0.095885,1.498755,4.072001,1.443383,8.489687,98.065840,0.277211
B045,88,37.036704,7.084044,53.449654,312.981585,0.607658,0.000000,0.112573,1.568659,3.547647,1.642713,9.701657,98.356113,0.315441
B045,92,37.021379,7.071620,49.932092,312.024370,0.669499,0.000000,0.119138,1.607513,3.586951,1.661468,10.479146,98.335812,0.356726
B045,96,36.946269,7.061149,47.721906,319.462894,0.619987,0.000000,0.129773,1.541180,3.850699,1.892393,11.272489,98.610981,0.401262
B045,100,36.958286,6.976213,48.585173,323.265085,0.688450,0.000000,0.124025,1.548878,3.900589,2.020800,12.468642,98.185762,0.450310
B045,104,36.983078,7.064963,47.643610,314.823010,0.700266,0.000000,0.142623,1.612238,3.766910,2.079017,12.905873,98.089455,0.501029
B045,108,36.999238,7.065582,50.706615,316.906267,0.691991,0.000000,0.131299,1.665248,3.544601,2.177671,13.907019,98.183145,0.555735
B045,112,37.074252,7.104876,54.560887,314.408382,0.716322,0.000000,0.139957,1.635727,3.000346,2.390319,14.545425,98.303331,0.613021
B045,116,37.061718,7.051401,52.453830,319.435788,0.702634,0.000000,0.157162,1.669763,2.930892,2.467693,15.569437,97.747253,0.673994
B045,120,36.958448,7.119720,48.243194,317.744367,0.726546,0.000000,0.149643,1.731036,3.285283,2.471576,16.185880,98.186636,0.737666
B045,124,36.916467,7.078573,46.489853,328.630757,0.751372,0.000000,0.160697,1.674313,3.359447,2.703740,16.977724,97.995685,0.804323
B045,128,36.949075,7.056048,49.169941,322.276471,0.775290,0.000000,0.169489,1.680233,3.560987,2.774531,17.552580,97.289763,0.872741
B045,132,37.050219,7.041835,52.662058,319.414910,0.774883,0.000000,0.188056,1.746301,2.975338,2.823111,18.084712,97.668327,0.943507
B045,136,37.028974,7.042183,53.771342,315.396779,0.805681,0.000000,0.163629,1.805304,2.818189,2.896425,18.515118,97.596230,1.015903
B045,140,37.099581,7.061636,49.828474,316.371493,0.829888,0.000000,0.168913,1.704077,2.610369,2.928967,18.966454,96.878282,1.089519
B045,144,37.013291,7.065881,49.773165,324.921561,0.785486,0.000000,0.183162,1.786290,2.842088,2.987198,19.779675,96.916963,1.166322
B045,148,36.917773,7.017265,46.787769,323.691876,0.793560,0.000000,0.177719,1.737109,3.239114,2.926461,19.749416,97.260055,1.243279
B045,152,37.035425,7.044832,50.628043,323.138156,0.851235,0.000000,0.193638,1.846742,3.115815,2.903752,20.356363,96.738728,1.322176
B045,156,36.996026,7.089952,53.924702,324.926171,0.791525,0.000000,0.192656,1.854879,2.863720,2.793295,20.505980,96.533352,1.401484
B045,160,37.061210,7.066495,52.009654,323.930640,0.798545,0.000000,0.186573,1.838886,2.694829,2.494186,20.847688,96.850949,1.482379
B045,164,37.023499,7.052726,51.961770,325.714552,0.848026,0.000000,0.206392,1.869095,2.364056,2.531151,21.341654,96.800350,1.565147
B045,168,36.973056,7.033041,50.180643,324.132028,0.813858,0.000000,0.194205,1.873326,2.370462,2.411956,21.077100,97.098037,1.647141
B045,172,36.936837,7.062891,49.804247,327.443820,0.854953,0.000000,0.205488,1.858164,3.102369,2.201969,21.090569,96.428989,1.728622
B045,176,36.945727,7.131683,50.630104,322.993170,0.796245,0.000000,0.194270,1.897596,3.167596,2.065042,20.555930,96.431836,1.808040
B045,180,37.057212,7.048457,51.957144,329.065021,0.828629,0.000000,0.195921,1.967375,2.834109,1.935517,20.244166,96.357684,1.886193
B045,184,37.053284,7.082306,50.456932,323.859149,0.829629,0.000000,0.168718,2.024525,2.770433,1.886804,20.213025,96.534001,1.964368
B045,188,36.988824,7.044843,52.726241,326.304507,0.809011,0.000000,0.173813,1.980052,2.791516,1.662391,19.639032,95.903623,2.039828
B045,192,36.934019,7.015084,50.545419,321.124721,0.808404,0.000000,0.193452,1.973740,3.048546,1.532502,19.499047,95.740256,2.114622
B045,196,36.910376,7.083682,46.211450,331.499139,0.779955,0.000000,0.182188,2.043696,3.442033,1.454638,18.697058,95.721212,2.186325
B045,200,36.953728,7.064492,49.386393,324.712758,0.770488,0.000000,0.185675,2.021354,3.354129,1.252906,18.514125,95.452297,2.257128
B045,204,37.004224,7.083247,52.651731,321.814234,0.754449,0.000000,0.167476,2.075710,3.180898,1.327152,18.211338,95.387238,2.326725
B045,208,37.130611,7.098828,51.996497,322.869273,0.764249,0.000000,0.178035,2.139664,3.108356,1.132356,17.931927,95.347532,2.395226
B045,212,37.036629,7.090328,51.061697,320.270205,0.751434,0.000000,0.166941,2.094196,2.879993,1.054370,17.360077,95.023795,2.461317
B045,216,36.909964,7.026341,50.244699,321.241451,0.743682,0.000000,0.168606,2.065699,3.462977,1.085318,17.019510,94.371298,2.525667
B045,220,36.956058,7.098827,46.973681,323.358086,0.738183,0.000000,0.150060,2.093830,3.712430,0.836592,16.552465,94.371744,2.588251
B045,224,36.972205,7.071548,49.599264,320.466619,0.727486,0.000000,0.156457,2.191105,3.716570,0.768686,15.903650,94.461693,2.648439
B045,228,37.016055,7.065702,53.001549,318.302774,0.719912,0.000000,0.158050,2.106501,3.592676,0.825434,15.801841,93.837728,2.707847
B045,232,37.035030,7.082960,53.022495,318.913344,0.696353,0.000000,0.150281,2.142966,3.467219,0.673530,15.276159,93.633748,2.765154
B045,236,37.028658,7.114249,50.511567,316.915777,0.737615,0.000000,0.150385,2.219696,3.558423,0.648652,14.964969,94.067078,2.821553
B045,240,36.909018,7.068364,49.445061,318.843267,0.705684,0.000000,0.145206,2.219110,3.855333,0.678832,14.420169,93.603823,2.875631
B046,0,36.998554,7.093749,52.475447,303.190283,0.434579,0.000000,0.038373,0.000000,5.804362,0.163929,0.120002,98.027533,0.000000
B046,4,37.017109,7.064476,49.228880,305.079379,0.476094,0.000000,0.045860,0.000000,5.630227,0.296893,0.848651,98.020572,0.003383
B046,8,36.921181,7.109302,48.362205,304.699484,0.442280,0.000000,0.033288,0.000000,5.674754,0.205977,0.477339,98.236642,0.005290
B046,12,36.962326,7.109459,51.410933,298.393216,0.451700,0.000000,0.043716,0.000000,5.453433,0.141710,0.363922,97.867861,0.006738
B046,16,36.980108,7.104712,52.790645,298.839746,0.466733,0.000000,0.039324,0.000000,5.432859,0.195728,0.816010,98.038358,0.009991
B046,20,37.124045,7.120191,50.705507,302.278557,0.472740,0.000000,0.040087,0.000000,5.304878,0.286989,0.936580,97.944907,0.013721
B046,24,36.931333,7.092434,47.854586,307.043199,0.456069,0.000000,0.038147,0.006074,5.032594,0.159468,0.866498,98.370736,0.017188
B046,28,36.979393,7.070648,46.844086,311.633411,0.446585,0.000000,0.042584,0.042743,5.324391,0.215717,0.735077,98.266192,0.020125
B046,32,36.916425,7.094980,49.008671,305.456874,0.452782,0.000000,0.041626,0.000000,5.130394,0.177596,1.228217,97.539773,0.024996
B046,36,36.944987,7.107727,50.127456,301.177254,0.476560,0.000000,0.055132,0.009300,4.914987,0.357727,1.316710,97.856790,0.030236
B046,40,37.045199,7.102454,51.470219,304.513215,0.482862,0.000000,0.052539,0.055666,4.867213,0.330118,1.532156,97.918070,0.036337
B046,44,37.052014,7.103766,52.278320,304.805981,0.519762,0.000000,0.042605,0.020224,4.783077,0.461783,1.691629,98.186041,0.043091
B046,48,37.022252,7.117384,50.541169,304.272444,0.498625,0.000000,0.056149,1.625722,4.576575,0.250079,1.895136,98.337168,0.050669
B046,52,36.945165,7.085622,48.449013,305.378345,0.499215,0.000000,0.053556,1.660508,4.960864,0.426081,2.208542,98.125823,0.059482
B046,56,36.954396,7.080488,48.355665,309.856417,0.521651,0.000000,0.057130,1.669197,5.077251,0.462926,2.315299,97.932139,0.068702
B046,60,36.973818,7.083760,48.195482,307.289155,0.486558,0.000000,0.048674,1.716398,4.696152,0.588669,2.769765,97.911183,0.079730
B046,64,37.085264,7.098715,53.206565,299.116719,0.542657,0.000000,0.060186,1.710230,4.192018,0.486976,2.926636,98.264289,0.091425
B046,68,37.005003,7.094387,50.798294,301.433686,0.501073,0.000000,0.064754,1.710332,4.352309,0.537223,3.459953,98.126680,0.105231
B046,72,37.026772,7.080228,51.518534,304.504312,0.523932,0.000000,0.069290,1.779924,4.732362,0.697129,3.854622,97.569483,0.120524
B046,76,36.954067,7.075496,47.213194,312.910610,0.531930,0.000000,0.071311,1.773309,4.825955,0.781585,4.613226,98.265988,0.138959
B046,80,36.954631,7.070389,46.423572,314.631139,0.543279,0.000000,0.079685,1.792190,4.897758,0.986675,5.200201,98.191743,0.159723
B046,84,36.991627,7.088042,49.318771,304.056685,0.575660,0.000000,0.070468,1.771080,4.666845,0.985242,5.563134,98.112663,0.181918
B046,88,37.061239,7.108510,51.364358,304.093891,0.535142,0.000000,0.083375,1.894428,3.986218,0.938830,6.261442,98.258197,0.206936
B046,92,37.035685,7.076163,52.374875,308.360621,0.528153,0.000000,0.078502,1.835119,4.181780,1.062553,6.673742,98.198169,0.233586
B046,96,37.026177,7.072911,52.075308,315.245212,0.561411,0.000000,0.092364,1.881695,4.303473,1.166898,7.306491,98.133841,0.262743
B046,100,36.946860,7.082081,47.748865,320.106278,0.584771,0.000000,0.083500,1.877228,4.533621,1.277687,7.838074,97.939402,0.293959
B046,104,36.928091,7.066141,45.811823,321.979645,0.574427,0.003387,0.097321,1.929191,4.452990,1.498697,8.885192,97.628417,0.329234
B046,108,36.948579,7.064038,48.331877,316.895738,0.608345,0.000000,0.113481,1.907703,3.983606,1.629082,10.041855,97.818313,0.369178
B046,112,37.088218,7.087182,51.919828,312.489677,0.615400,0.000000,0.126068,1.964927,3.785252,1.773461,10.588790,98.129540,0.411431
B046,116,37.138472,7.095074,50.829024,311.560824,0.634703,0.000000,0.111748,1.980256,3.551126,1.756026,11.140647,97.872640,0.455770
B046,120,37.019856,7.054540,46.066747,325.417316,0.685357,0.000000,0.131316,2.010891,3.669812,1.914427,12.058705,97.644640,0.503651
B046,124,36.973501,7.041844,47.934541,317.955379,0.687430,0.000000,0.138380,1.946384,4.218725,1.993707,12.743794,98.408511,0.554649
B046,128,36.937918,7.043913,47.121773,324.135994,0.725437,0.000000,0.141218,2.072483,3.998590,2.140043,13.542156,98.120743,0.608682
B046,132,37.005481,7.051929,49.664589,324.314001,0.714530,0.000000,0.147939,2.009004,3.878767,2.336499,14.191487,97.984428,0.665228
B046,136,37.057298,7.054658,52.323496,314.656194,0.697540,0.000000,0.144224,2.122595,3.376855,2.322865,14.556239,98.277204,0.723401
B046,140,37.070470,7.064326,53.358856,313.288633,0.726641,0.000000,0.161320,2.149530,3.410801,2.508702,15.504951,97.450858,0.784844
B046,144,37.033607,7.068671,51.481180,323.914954,0.743312,0.000000,0.171397,2.147430,3.522950,2.674258,16.175948,97.430042,0.848932
B046,148,36.906808,7.037623,49.350935,322.876388,0.749017,0.000000,0.169362,2.102835,3.901938,2.498328,16.744105,96.915353,0.914921
B046,152,36.956665,7.033994,48.102848,325.487320,0.773259,0.000000,0.167362,2.229674,3.881732,2.418395,17.459397,96.326088,0.983311
B046,156,37.059876,7.056277,48.358580,325.683862,0.754673,0.000000,0.170208,2.235797,3.279410,2.513944,17.888588,96.874499,1.053780
B046,160,37.061170,7.073968,52.666782,323.280562,0.777618,0.000000,0.184432,2.245270,3.145079,2.343036,18.121946,96.827401,1.125134
B046,164,37.034290,7.061105,51.969159,324.307422,0.784120,0.000000,0.185262,2.235524,3.119886,2.192203,18.803554,96.483495,1.198909
B046,168,36.992434,7.061885,49.157709,324.533356,0.788884,0.000000,0.167421,2.281119,3.525173,2.262131,19.361000,96.583966,1.274950
B046,172,36.980511,7.038647,47.932645,322.206748,0.809210,0.000000,0.181777,2.264852,3.801494,2.042584,19.462891,96.578004,1.351387
B046,176,36.905514,7.050205,47.880420,324.623463,0.797727,0.000000,0.177848,2.320539,3.938016,1.875707,18.981232,96.362475,1.425766
B046,180,37.051740,7.072338,51.029150,322.611315,0.782982,0.000000,0.178649,2.328840,3.384811,1.671476,19.244319,96.345712,1.501162
B046,184,37.048404,7.090542,49.669628,323.239615,0.761677,0.000000,0.193355,2.302939,3.346238,1.665281,18.949417,96.095601,1.575211
B046,188,37.029201,7.082903,51.396416,318.134583,0.764398,0.000000,0.164405,2.354704,3.311936,1.671642,19.008148,96.084400,1.649480
B046,192,37.045316,7.090932,48.690691,327.752760,0.793608,0.000000,0.166875,2.434109,3.715676,1.488134,18.556872,95.510734,1.721553
B046,196,36.959927,7.062675,47.398549,328.527071,0.782715,0.000000,0.171312,2.484266,3.952925,1.510229,18.642473,95.262549,1.793770
B046,200,36.887504,7.049262,49.543033,321.923915,0.794555,0.000000,0.161386,2.401964,4.068927,1.267341,18.034221,96.275093,1.864374
B046,204,36.957613,7.080414,49.648299,322.699880,0.747167,0.000000,0.171895,2.428885,3.919777,1.247928,17.736388,94.854111,1.932787
B046,208,37.027029,7.076473,50.942123,317.783657,0.763068,0.000000,0.168421,2.444926,3.625724,1.070314,17.875938,95.347725,2.002097
B046,212,37.057112,7.097982,53.409802,318.313215,0.784264,0.000000,0.157193,2.494541,3.557762,1.076071,17.596296,94.538117,2.069743
B046,216,37.059821,7.099477,50.314799,324.039821,0.741161,0.000000,0.161916,2.568369,3.941471,1.087390,17.712724,95.001915,2.138171
B046,220,36.940908,7.062966,49.334601,318.807332,0.785410,0.000000,0.167475,2.595760,4.253863,0.939045,17.359731,94.660647,2.204995
B046,224,36.922690,7.061450,46.343976,328.425447,0.758267,0.000000,0.160614,2.582528,4.494462,0.946502,16.787448,94.399735,2.269437
B046,228,36.991768,7.067101,50.095246,313.709538,0.770010,0.000000,0.168526,2.578890,4.293852,0.811108,16.683098,94.390154,2.333472
B046,232,37.059522,7.087444,53.144913,322.666006,0.736443,0.000000,0.153714,2.634548,4.046848,0.782840,16.210999,93.978259,2.395424
B046,236,37.079113,7.084862,51.996765,322.860467,0.758455,0.000000,0.148659,2.600054,4.025771,0.593982,16.116011,94.035373,2.457050
B046,240,36.998575,7.089555,50.156959,315.836665,0.731895,0.000000,0.168936,2.625984,4.584803,0.609233,15.849500,93.348661,2.517215
B047,0,37.047671,7.094044,53.951847,297.206762,0.462875,0.000000,0.034093,0.035619,5.717830,0.297801,0.553503,98.135982,0.000000
B047,4,37.036719,7.110658,49.119422,307.513824,0.482831,0.000000,0.036447,0.000000,5.807825,0.189371,0.754188,98.278861,0.002820
B047,8,36.902787,7.070296,47.402985,307.571572,0.464000,0.000000,0.033262,0.031969,5.641062,0.162778,0.521615,98.484642,0.004774
B047,12,36.953721,7.112246,51.342733,304.090921,0.478567,0.000000,0.044148,0.002835,5.406622,0.082234,0.627399,98.420300,0.007123
B047,16,36.993026,7.112761,52.134668,304.716202,0.467066,0.000000,0.036298,0.000000,5.503355,0.187832,1.189025,98.688085,0.011587
B047,20,37.064384,7.134926,52.034926,300.057531,0.465623,0.000000,0.044514,0.000000,5.266182,0.387914,1.137615,98.250187,0.015839
B047,24,37.073320,7.094809,51.647683,305.370817,0.434221,0.000000,0.028234,0.000000,5.202472,0.301378,0.893254,98.238348,0.019177
B047,28,36.960220,7.076667,48.786336,302.126768,0.475990,0.000000,0.049501,0.000000,4.955824,0.326826,1.226227,98.288417,0.023762
B047,32,36.926375,7.084418,47.311548,314.453955,0.481070,0.000000,0.045856,0.006619,4.997942,0.246676,1.653729,98.774630,0.029976
B047,36,37.009040,7.097581,49.012697,302.688048,0.465591,0.000000,0.045671,0.010034,4.818235,0.414534,1.751730,97.839566,0.036496
B047,40,37.063631,7.080527,49.482150,301.072535,0.481114,0.000000,0.053009,0.012345,4.813300,0.522528,1.987073,98.366301,0.043931
B047,44,37.057156,7.115016,52.872883,301.071599,0.482874,0.000000,0.047188,0.019564,4.821300,0.396692,2.076684,98.000765,0.051673
B047,48,36.998935,7.094523,51.204831,301.324638,0.540305,0.000000,0.056656,1.442059,4.686323,0.506623,2.726669,98.573460,0.061898
B047,52,36.918164,7.083401,48.438814,303.800074,0.488307,0.000000,0.061786,1.374286,5.021159,0.536954,2.977626,97.800603,0.072976
B047,56,36.943693,7.083244,46.458084,305.889437,0.518349,0.000000,0.054992,1.347284,5.186452,0.636034,3.179322,98.371021,0.084874
B047,60,36.991051,7.155849,47.856376,307.630680,0.537138,0.000000,0.058668,1.421795,4.622787,0.695972,3.935621,98.447221,0.099613
B047,64,37.005963,7.069773,51.269236,303.942009,0.539961,0.000000,0.069146,1.434934,4.157335,0.712792,4.330975,98.001758,0.115759
B047,68,37.118141,7.138523,51.766030,305.470478,0.525613,0.000000,0.065641,1.401088,4.211745,0.771459,4.389422,98.268716,0.132168
B047,72,37.040146,7.082015,50.893779,306.099742,0.540821,0.000000,0.055807,1.458777,4.362135,0.851804,5.175899,98.097690,0.151484
B047,76,36.985130,7.074788,48.357284,310.098319,0.560569,0.000000,0.079249,1.446021,4.747570,0.949340,5.774937,98.201869,0.173057
B047,80,36.911422,7.012910,47.149893,311.863430,0.579330,0.000000,0.082183,1.524103,4.614897,1.093699,6.588270,98.560468,0.197759
B047,84,37.034133,7.048711,48.772449,311.832387,0.548242,0.000000,0.074184,1.569655,4.006564,1.112245,7.172480,98.264303,0.224571
B047,88,37.027843,7.066093,50.741272,310.283110,0.597256,0.000000,0.090636,1.539509,3.623874,1.442886,7.804496,98.227535,0.253734
B047,92,37.060635,7.054612,50.466633,309.225339,0.627009,0.000000,0.106958,1.512520,3.414164,1.510313,8.551207,98.292677,0.285709
B047,96,37.082918,7.116523,50.786335,306.851111,0.609919,0.000000,0.121230,1.495087,3.975924,1.448132,9.277196,98.335473,0.320413
B047,100,36.939950,7.077061,47.043189,322.940589,0.618720,0.000000,0.102031,1.580507,4.280435,1.636219,9.657677,98.340113,0.356542
B047,104,36.940168,7.076538,48.792996,316.066774,0.659767,0.000000,0.114444,1.611958,4.000518,1.873520,10.788480,98.200124,0.396845
B047,108,36.995226,7.022742,50.816352,316.562776,0.687612,0.000000,0.103062,1.590089,3.684581,1.785471,11.293554,98.190694,0.439030
B047,112,36.998708,7.073670,50.657350,318.389600,0.654950,0.000000,0.116730,1.636884,3.357550,1.865441,11.831181,98.179978,0.483218
B047,116,37.084704,7.094657,55.346568,312.787504,0.678525,0.000000,0.149086,1.680097,3.387560,2.125475,12.976439,98.094274,0.531642
B047,120,37.051550,7.046964,52.605841,312.323912,0.689498,0.000000,0.133691,1.739146,3.670147,2.185079,13.613803,98.212186,0.582505
B047,124,37.016378,7.044296,48.563377,320.487711,0.714727,0.000000,0.148244,1.602099,3.867330,2.311599,14.439398,97.904426,0.636283
B047,128,36.942961,7.075593,47.765713,323.190640,0.683045,0.000000,0.154391,1.771616,3.615455,2.254734,14.790488,98.340987,0.691615
B047,132,36.990744,7.052918,47.198019,324.114781,0.699680,0.000000,0.155310,1.729049,3.176650,2.496665,15.146597,98.115875,0.748149
B047,136,37.115476,7.047154,54.156938,317.396152,0.752206,0.000000,0.161373,1.806471,2.803558,2.503687,15.806562,97.563971,0.806815
B047,140,37.080115,7.095871,50.956301,318.159036,0.765393,0.000000,0.155556,1.714855,2.725777,2.520347,16.452340,97.427300,0.867792
B047,144,37.026169,7.049108,52.392605,316.430048,0.748563,0.000000,0.155426,1.813707,3.232280,2.708471,16.954316,97.546443,0.930706
B047,148,36.982285,7.044625,46.962485,331.698597,0.730882,0.000000,0.169173,1.783075,3.555303,2.626147,17.018816,97.471004,0.993811
B047,152,37.007011,7.034138,48.346773,328.740526,0.736953,0.000000,0.162413,1.818053,3.543704,2.521951,18.032789,97.609029,1.060770
B047,156,36.994860,7.031480,49.625531,322.067469,0.783093,0.000000,0.163233,1.827936,3.305070,2.384940,17.846459,97.258680,1.126799
B047,160,37.062410,7.043030,49.990615,323.370824,0.771145,0.000000,0.178356,1.915286,2.496288,2.327175,18.382634,97.059092,1.194673
B047,164,37.059308,7.049070,51.912963,322.358516,0.784552,0.000000,0.156951,1.837855,2.621122,2.056568,18.609391,96.494432,1.262984
B047,168,37.104282,7.083980,50.276736,320.503484,0.783349,0.000000,0.177281,1.843351,2.941936,2.174552,18.577467,96.367788,1.331088
B047,172,36.998840,7.024817,50.911920,322.325337,0.797845,0.000000,0.178076,1.912994,3.151897,1.996221,18.509321,96.872524,1.399298
B047,176,36.939327,7.067424,48.659680,324.967237,0.809830,0.000000,0.185227,1.903985,3.327129,1.727226,18.271333,96.185414,1.466154
B047,180,36.963087,7.110736,51.381072,319.529263,0.740284,0.000000,0.171633,1.923501,3.180174,1.776938,18.161391,95.865873,1.532386
B047,184,37.035775,7.058503,53.291940,319.240695,0.764812,0.000000,0.171816,2.004284,2.876310,1.541940,17.721115,96.316244,1.597317
B047,188,37.064679,7.078228,52.574007,316.531369,0.806539,0.000000,0.172423,1.957449,2.831474,1.436150,17.863086,95.563595,1.662256
B047,192,37.020011,7.105673,51.084708,322.829218,0.770637,0.000000,0.165074,2.032259,3.401366,1.337215,17.449553,95.791423,1.725843
B047,196,37.031941,7.068993,48.347711,323.562238,0.760461,0.000000,0.159867,2.003392,3.418090,1.249640,17.478928,95.588275,1.789402
B047,200,36.992896,7.065990,47.402909,325.476544,0.745676,0.000000,0.161346,2.109149,3.754078,1.198184,16.832863,95.305378,1.850430
B047,204,37.023130,7.089568,47.104847,322.659491,0.749344,0.000000,0.139239,2.098872,3.429848,1.110569,16.663316,95.529829,1.910986
B047,208,37.005181,7.078048,52.150818,323.920093,0.731426,0.000000,0.158831,2.086850,3.338238,0.975307,16.243625,95.315875,1.969885
B047,212,37.056852,7.097647,52.326993,314.046316,0.732032,0.000000,0.150021,2.065799,3.054255,1.013945,15.911566,95.416595,2.027640
B047,216,37.062808,7.083614,49.903431,316.840574,0.722451,0.000000,0.165524,2.036771,3.382693,0.859641,15.663419,94.943511,2.084213
B047,220,36.985373,7.058043,49.958627,315.807859,0.729089,0.000000,0.142931,2.063888,3.975111,0.678714,15.391303,94.269651,2.139409
B047,224,36.942765,7.118166,47.475792,323.861773,0.730446,0.000000,0.138983,2.128877,3.939940,0.764414,15.324660,94.323794,2.194397
B047,228,36.945545,7.052867,48.213102,317.340276,0.691474,0.000000,0.144982,2.167927,3.916409,0.709245,14.876128,94.114771,2.247657
B047,232,36.965624,7.101294,53.278788,316.941740,0.728251,0.000000,0.128382,2.221275,3.431425,0.631553,14.995922,93.878449,2.301212
B047,236,37.070099,7.102875,49.887943,311.845160,0.698287,0.000000,0.152559,2.209783,3.319222,0.562736,14.226273,94.099611,2.352138
B047,240,37.037333,7.114681,52.348806,319.586141,0.704310,0.000000,0.132678,2.203650,3.769722,0.521872,14.389494,93.530129,2.403336
B048,0,37.032544,7.097177,49.232438,308.793050,0.478263,0.000000,0.044621,0.003031,5.779981,0.270492,0.579018,97.848249,0.000000
B048,4,36.966703,7.101939,47.853333,312.986676,0.448651,0.000000,0.039944,0.000781,5.738882,0.163406,0.719661,97.942483,0.002642
B048,8,36.934113,7.104962,47.002414,306.665639,0.457850,0.000000,0.051169,0.000000,5.615012,0.275986,0.898530,98.656984,0.005965
B048,12,36.990890,7.072998,51.278993,298.429740,0.464362,0.000000,0.041188,0.035288,5.479188,0.256612,0.764636,98.031484,0.008775
B048,16,37.078288,7.093795,53.476982,299.594542,0.457543,0.000000,0.027206,0.051165,5.262378,0.355645,1.302872,98.485675,0.013585
B048,20,37.005555,7.115757,51.822562,302.782739,0.479948,0.000000,0.050928,0.000000,5.320993,0.307959,1.360798,98.289733,0.018598
B048,24,37.034724,7.113547,49.453551,299.618798,0.457628,0.000000,0.050034,0.087236,5.375831,0.454254,1.727444,98.225195,0.024959
B048,28,36.993193,7.069441,47.302558,313.952431,0.501623,0.000000,0.043439,0.022155,4.951801,0.245891,1.730632,98.040947,0.031319
B048,32,36.951393,7.056454,47.186675,312.475255,0.515280,0.000000,0.058830,0.009065,5.042001,0.490463,2.231162,98.225607,0.039534
B048,36,36.992088,7.073269,46.921657,316.352152,0.504425,0.000000,0.057596,0.020520,4.956077,0.518468,2.649895,98.125749,0.049281
B048,40,37.026145,7.093174,48.443402,307.660902,0.501154,0.000000,0.047460,0.037094,4.816529,0.516782,2.864452,97.807853,0.059783
B048,44,37.108917,7.096442,53.129224,299.230066,0.516936,0.000000,0.056982,0.000000,4.682442,0.546958,2.937857,98.294899,0.070608
B048,48,37.013891,7.081895,52.143667,299.868661,0.469674,0.000000,0.055604,1.634289,4.586139,0.689566,3.548976,97.632041,0.083596
B048,52,36.964741,7.071653,48.937317,305.899091,0.501333,0.000000,0.061749,1.683339,4.766049,0.803964,4.364825,98.297095,0.099679
B048,56,36.974959,7.082939,46.471317,317.215436,0.555954,0.000000,0.072982,1.647689,4.758234,0.817810,4.796908,98.013315,0.117304
B048,60,37.005477,7.088511,49.009562,310.457903,0.555059,0.000000,0.081975,1.711174,4.576560,0.942925,5.259759,98.695011,0.136762
B048,64,37.080552,7.072538,52.942199,301.476698,0.582303,0.000000,0.075104,1.698823,3.874547,0.920351,6.054757,98.551781,0.159130
B048,68,37.053462,7.087830,53.504378,310.519555,0.547555,0.000000,0.089529,1.717854,4.084787,1.067841,6.579597,98.063961,0.183316
B048,72,37.075243,7.055938,51.708036,307.559459,0.568532,0.000000,0.068283,1.761585,4.181080,1.147755,7.524209,98.186742,0.211010
B048,76,36.934091,7.062565,48.019440,314.989296,0.610644,0.000000,0.110248,1.746584,4.516302,1.364051,8.427415,98.631458,0.242167
B048,80,36.979207,7.094011,49.848496,310.590688,0.590182,0.000000,0.108368,1.792416,4.387176,1.423921,8.975398,98.330285,0.275250
B048,84,36.999667,7.048198,49.742321,312.395643,0.594974,0.000000,0.117583,1.775139,3.949683,1.501244,9.707919,98.661319,0.311153
B048,88,37.012184,7.055122,54.528601,316.374690,0.631299,0.000000,0.115533,1.796318,3.516882,1.854664,10.935021,98.468199,0.351515
B048,92,37.059271,7.079093,52.049296,315.674306,0.688195,0.000000,0.132820,1.916552,3.528288,1.909186,12.193684,98.111947,0.396361
B048,96,37.079177,7.066348,50.764551,313.777284,0.663351,0.000000,0.137175,1.907701,3.681210,2.041092,12.788236,97.765758,0.443226
B048,100,36.956174,7.052834,48.264961,323.576597,0.722603,0.000000,0.131805,1.862653,3.815570,2.200055,13.978398,97.973936,0.494563
B048,104,36.925377,7.043093,47.158549,320.394852,0.711335,0.000000,0.155516,1.872482,3.692697,2.354381,14.470688,97.990170,0.547716
B048,108,37.012458,7.054683,50.363622,317.279910,0.732901,0.000000,0.141148,1.921203,3.447250,2.462297,15.560993,97.912928,0.604830
B048,112,37.044949,7.084953,51.925338,315.494023,0.763628,0.000000,0.159431,1.919783,3.275317,2.430354,16.394257,98.340717,0.665264
B048,116,37.083402,7.070831,50.092407,324.813928,0.763966,0.000000,0.153683,2.012426,2.980141,2.646186,17.266999,97.262733,0.728218
B048,120,36.983379,7.051400,51.092352,318.255779,0.754850,0.000000,0.172603,1.992466,3.295351,2.720094,17.803994,97.533414,0.793310
B048,124,36.902256,7.041552,46.118775,329.659907,0.807019,0.000000,0.175596,1.996759,3.499641,2.930050,18.497458,97.609329,0.860990
B048,128,36.927364,7.041644,47.799819,327.293369,0.812778,0.000000,0.186637,2.076021,3.459287,3.111173,19.352892,97.573738,0.931775
B048,132,36.956673,7.039947,49.951762,325.205386,0.819182,0.000000,0.188074,2.039628,3.121991,3.075730,19.699835,97.669376,1.003899
B048,136,37.091467,7.049815,51.588510,316.705193,0.810898,0.000000,0.201113,2.053761,2.952213,3.155197,20.436075,97.335312,1.078463
B048,140,37.021003,7.043894,51.428532,324.107088,0.832530,0.000000,0.196801,2.107585,2.731259,3.089542,20.684314,97.197024,1.153825
B048,144,36.993283,7.035429,50.220305,324.936709,0.852599,0.000000,0.217821,2.133340,3.046433,3.287210,21.538953,97.071246,1.232199
B048,148,36.981318,7.034249,48.441355,331.468888,0.876395,0.000000,0.190035,2.167641,3.468739,3.225763,22.000394,96.988880,1.312185
B048,152,36.923515,7.043134,46.206455,330.962227,0.877216,0.000000,0.202333,2.108029,3.292240,3.155829,22.343130,96.318754,1.392855
B048,156,36.954958,7.049287,51.010330,321.708797,0.850922,0.000000,0.224479,2.164579,2.872137,3.028378,22.653487,96.486229,1.474788
B048,160,37.088345,7.068387,52.080376,327.245690,0.879639,0.000000,0.212150,2.180752,2.761755,2.810259,23.049176,96.703829,1.558340
B048,164,37.009528,7.075547,52.413239,329.225058,0.862921,0.000000,0.207564,2.310154,2.865056,2.727335,23.085027,96.305533,1.641678
B048,168,36.991272,7.051135,49.137513,325.860196,0.833397,0.000000,0.196394,2.288938,2.911953,2.595026,23.313578,96.331173,1.725863
B048,172,36.968412,7.038306,48.097192,327.755066,0.875409,0.000000,0.217234,2.264988,3.444708,2.471659,23.060417,96.468749,1.809253
B048,176,36.963325,7.047477,48.536426,324.310228,0.865121,0.000000,0.194528,2.304154,3.359686,2.315209,22.195029,96.554277,1.889584
B048,180,36.977877,7.057923,49.823986,330.614866,0.856210,0.000000,0.193427,2.319178,3.328155,2.155831,22.135380,96.591338,1.969731
B048,184,37.046745,7.080173,50.472571,331.407169,0.839821,0.000000,0.192987,2.356155,2.879104,1.803554,21.425790,96.325467,2.047094
B048,188,37.040803,7.086627,53.317122,323.280088,0.848000,0.000000,0.184960,2.326057,3.046660,1.706268,20.945482,95.689889,2.122225
B048,192,37.049069,7.062535,51.066577,323.363645,0.791665,0.000000,0.196515,2.426172,3.507070,1.633930,20.534452,96.213535,2.196284
B048,196,36.971737,7.042471,50.027390,323.042242,0.803831,0.000000,0.189564,2.411258,3.964799,1.666838,20.298010,95.834237,2.269201
B048,200,36.951494,7.050723,50.075582,320.685072,0.809209,0.000000,0.187576,2.451558,4.090690,1.442149,19.334103,95.496274,2.338411
B048,204,37.041656,7.056404,50.471727,320.187991,0.767990,0.000000,0.177181,2.420666,3.710287,1.315505,19.179979,95.366164,2.406976
B048,208,37.024800,7.084259,51.719339,323.437925,0.815180,0.000000,0.186896,2.462677,3.585717,1.180124,18.919332,95.408396,2.474639
B048,212,37.065943,7.096536,53.097509,321.454760,0.743597,0.000000,0.168697,2.453267,3.606340,1.063139,18.524856,94.718772,2.540413
B048,216,37.005546,7.100330,51.873667,323.284295,0.751904,0.000000,0.173470,2.555906,3.980883,1.000404,17.695087,94.837982,2.603319
B048,220,36.937216,7.083360,48.710470,318.479642,0.783779,0.000000,0.160545,2.589255,4.435029,0.955905,17.359846,94.426823,2.664766
B048,224,36.972851,7.075366,48.549337,320.430599,0.766010,0.000000,0.165900,2.602522,4.413792,0.990989,17.121289,94.303376,2.725289
B048,228,37.028295,7.078265,50.490735,320.781041,0.758297,0.000000,0.159357,2.597984,4.192498,0.859983,16.383763,94.266522,2.783183
B048,232,37.058595,7.085104,50.090346,320.023106,0.754626,0.000000,0.139904,2.574228,4.113900,0.941646,16.376175,94.062088,2.840924
B048,236,37.051458,7.086936,51.420667,319.700161,0.725964,0.000000,0.150707,2.624565,4.337672,0.827568,15.895320,93.710321,2.896760
B048,240,37.005354,7.109022,49.537011,323.489818,0.725830,0.000000,0.148717,2.596214,4.623468,0.668135,15.665605,93.452601,2.951638
B049,0,37.099516,7.115716,53.193661,300.282507,0.424617,0.000000,0.043193,0.000000,5.698884,0.183752,0.271651,98.417673,0.000000
B049,4,37.005508,7.101504,51.601883,300.440697,0.468824,0.000000,0.025230,0.000000,5.681463,0.307037,0.487972,98.084644,0.001616
B049,8,36.941634,7.065913,49.961620,302.622279,0.486703,0.000000,0.036744,0.001504,5.410038,0.144926,0.546888,98.016071,0.003426
B049,12,36.931637,7.104202,47.109185,305.392321,0.438087,0.000000,0.046748,0.000000,5.443524,0.256153,0.648403,97.960247,0.005570
B049,16,37.001334,7.065167,50.012722,293.680981,0.499634,0.000000,0.042706,0.000000,5.293554,0.222968,1.051053,98.524925,0.009066
B049,20,37.016600,7.047029,51.556464,301.682551,0.456012,0.000000,0.050179,0.037755,5.419581,0.243448,0.553656,98.020842,0.010898
B049,24,37.069845,7.088958,50.088261,302.669406,0.460323,0.000000,0.045357,0.000000,5.311264,0.132136,0.755577,98.326172,0.013406
B049,28,37.075112,7.093343,50.251215,299.464386,0.475388,0.000000,0.044703,0.000000,5.153303,0.244167,0.923498,98.340307,0.016473
B049,32,36.975155,7.022610,47.621654,308.780125,0.467083,0.000000,0.039122,0.000000,5.198360,0.242554,1.406697,98.745834,0.021162
B049,36,36.989902,7.040931,47.404055,306.043899,0.480698,0.000000,0.048058,0.000000,5.071816,0.356051,1.644232,98.463320,0.026628
B049,40,36.961523,7.067758,47.234998,307.303292,0.461859,0.000000,0.044381,0.048598,4.958814,0.382859,1.580707,97.958013,0.031855
B049,44,37.016116,7.134914,51.539606,308.282091,0.498936,0.000000,0.055366,0.032036,4.747578,0.298809,1.741125,97.243853,0.037572
B049,48,36.981810,7.069165,53.612274,305.760508,0.505316,0.000000,0.061821,1.293036,4.721350,0.530396,2.265419,98.190650,0.045082
B049,52,37.002421,7.097027,50.671107,307.682786,0.533833,0.000000,0.027067,1.348915,5.244672,0.672150,2.398548,98.210019,0.053034
B049,56,37.012688,7.137430,47.409795,305.531237,0.505737,0.000000,0.041247,1.418347,5.212433,0.555249,2.381684,98.048728,0.060918
B049,60,36.958535,7.050383,48.552128,302.595071,0.509363,0.000000,0.051369,1.414016,4.768255,0.612922,2.903046,98.011131,0.070524
B049,64,37.008968,7.087208,47.431529,309.102071,0.481025,0.000000,0.066500,1.376630,4.235940,0.540537,3.218456,98.146514,0.081189
B049,68,36.976030,7.084710,50.939086,300.278931,0.498046,0.000000,0.073230,1.430180,4.152501,0.685346,3.830947,98.680066,0.093951
B049,72,37.063919,7.096808,50.878874,301.070923,0.545152,0.000000,0.082964,1.454145,4.485502,0.784562,4.111315,98.163266,0.107577
B049,76,37.080095,7.079409,52.883232,307.258291,0.538305,0.000000,0.076928,1.473068,4.725604,0.857530,4.934102,97.969889,0.123896
B049,80,36.864812,7.073386,47.791462,316.163702,0.502042,0.000000,0.060089,1.528177,4.769004,0.829434,4.917014,98.073773,0.140177
B049,84,36.944087,7.101932,49.181964,309.413484,0.557972,0.000000,0.073994,1.548564,4.260746,1.015452,5.570252,98.453020,0.158692
B049,88,36.956072,7.082560,50.256289,309.558619,0.561684,0.000000,0.082070,1.474713,4.010921,0.981355,6.341261,98.047195,0.179682
B049,92,36.989856,7.080555,49.719217,304.232198,0.582392,0.000000,0.081934,1.555734,3.838842,1.153940,6.644886,97.997543,0.201667
B049,96,37.079320,7.051458,53.658276,301.890414,0.574552,0.000000,0.093440,1.554205,4.102911,1.271376,7.498041,98.243901,0.226536
B049,100,37.037099,7.103534,51.837041,308.557491,0.649225,0.000000,0.105735,1.536994,4.362411,1.366632,8.183784,98.145049,0.253653
B049,104,36.973519,7.042760,49.660097,313.631316,0.600821,0.000000,0.101013,1.661334,4.144205,1.272467,8.610104,98.655620,0.282330
B049,108,36.931993,7.089734,46.493966,317.262715,0.609443,0.000000,0.113887,1.659298,3.911805,1.685119,9.782476,98.428936,0.314838
B049,112,37.004224,7.081964,49.484097,314.554957,0.611414,0.000000,0.113623,1.611280,3.390655,1.609183,10.392593,97.993626,0.349220
B049,116,36.993240,7.067061,49.985282,316.024993,0.627643,0.000000,0.124219,1.649681,3.617855,1.795746,11.238192,98.262274,0.386502
B049,120,37.061840,7.086934,54.109402,312.443952,0.679975,0.000000,0.108814,1.680249,3.678771,1.820131,11.595406,98.307415,0.424986
B049,124,37.054470,7.088301,50.978554,315.110448,0.665370,0.000000,0.127095,1.719246,4.051738,2.117531,12.625371,98.378585,0.466920
B049,128,36.968790,7.010332,46.948884,315.113033,0.683632,0.000000,0.130405,1.724242,3.776688,2.110936,13.082862,97.266419,0.509881
B049,132,36.947547,7.028525,47.586413,324.799669,0.710099,0.000000,0.141933,1.731988,3.640855,2.167493,13.476572,98.053623,0.554493
B049,136,36.923079,7.060900,49.446644,319.590656,0.714232,0.000000,0.137571,1.792632,2.987666,2.322767,14.338499,97.671667,0.601774
B049,140,37.023097,7.028079,50.328040,318.523649,0.731141,0.000000,0.157449,1.782341,2.978758,2.435110,14.971574,98.078707,0.651348
B049,144,37.053863,7.071752,51.498468,313.601188,0.731612,0.000000,0.159730,1.754949,3.415603,2.453011,15.247052,97.637843,0.701608
B049,148,37.040349,7.080689,51.258986,321.010367,0.722062,0.000000,0.151632,1.761275,3.438992,2.501770,15.985381,97.115203,0.754019
B049,152,37.008605,7.073382,48.924118,327.409619,0.750027,0.000000,0.147245,1.813778,3.581899,2.204979,16.146851,97.112479,0.806958
B049,156,36.865360,7.039503,47.917787,327.314875,0.750699,0.000000,0.164395,1.837389,2.996727,2.124167,16.595561,97.126542,0.861376
B049,160,36.933614,7.083054,47.257239,324.141609,0.745775,0.000000,0.134144,1.829868,2.865775,2.117267,16.975794,97.445163,0.917224
B049,164,37.049753,7.091030,49.174711,319.536878,0.746250,0.000000,0.169505,1.872561,3.001653,1.914925,17.008341,97.004969,0.972925
B049,168,37.014297,7.032060,54.035794,320.645196,0.745944,0.000000,0.177063,1.877366,3.153635,1.926910,17.520645,97.161421,1.030397
B049,172,37.060695,7.078473,50.863504,320.964332,0.739105,0.000000,0.171191,1.861747,3.425064,1.843074,17.206469,96.653367,1.086544
B049,176,37.016742,7.082173,46.872855,324.295703,0.772552,0.000000,0.160970,1.943080,3.385581,1.684840,17.223571,96.520983,1.142669
B049,180,36.892421,7.006653,49.405868,321.235100,0.797081,0.000000,0.153698,1.941354,3.248220,1.610761,17.164942,96.521559,1.198604
B049,184,36.997324,7.078898,49.962418,322.404370,0.744452,0.000000,0.174473,1.916547,2.979361,1.545993,16.935232,96.050817,1.253520
B049,188,37.036338,7.084660,51.003584,321.514378,0.757011,0.000000,0.154147,1.991253,3.068124,1.539023,16.362156,96.278642,1.306705
B049,192,37.029830,7.071414,54.284515,318.847876,0.714741,0.000000,0.168123,1.999674,3.497679,1.235834,16.138782,95.660036,1.358826
B049,196,36.977358,7.054305,49.129167,325.352742,0.723045,0.000000,0.152778,1.979303,3.651599,1.233109,16.170661,95.915312,1.411189
B049,200,36.991230,7.044412,49.724470,318.327602,0.728624,0.000000,0.152303,2.056184,3.751289,1.097792,15.424847,95.488107,1.460915
B049,204,36.878691,7.041869,47.616688,328.949511,0.736418,0.000000,0.133523,1.987776,3.605275,0.931979,15.256458,94.932024,1.509812
B049,208,36.974744,7.057719,46.551685,323.892940,0.708479,0.000000,0.121816,2.054668,3.148703,0.957083,14.408436,94.866717,1.555959
B049,212,36.954301,7.098088,52.109798,313.198969,0.715818,0.000000,0.152824,2.084706,3.278347,0.833250,14.303954,94.446144,1.601568
B049,216,37.058643,7.084780,52.178475,316.021477,0.707281,0.000000,0.151968,2.126114,3.591606,0.823736,14.228394,94.363627,1.646897
B049,220,37.022290,7.033303,49.422090,315.847157,0.725749,0.000000,0.147857,2.122148,3.996544,0.807491,13.671799,94.720239,1.690617
B049,224,37.027344,7.074685,46.044960,336.532369,0.716513,0.000000,0.133034,2.087731,4.172436,0.808951,13.615437,94.396765,1.734008
B049,228,36.941907,7.064260,47.503245,322.724647,0.707489,0.000000,0.138124,2.135606,3.925887,0.635704,13.361634,94.361675,1.776575
B049,232,36.973248,7.095548,48.775548,320.097520,0.677395,0.000000,0.130501,2.168805,3.767395,0.625706,12.868615,93.694636,1.817281
B049,236,37.069004,7.054221,52.607048,317.120126,0.666147,0.000000,0.126115,2.211888,3.602732,0.493379,12.573222,94.033281,1.857197
B049,240,37.107441,7.074553,53.985026,312.970467,0.675851,0.000000,0.134576,2.184455,3.860528,0.572928,12.295164,93.301933,1.895926
B050,0,36.937956,7.063545,46.713512,305.004358,0.444049,0.000000,0.022930,0.000000,5.904558,0.244184,0.752222,98.440169,0.000000
B050,4,36.975892,7.063826,47.053397,306.056422,0.459168,0.000000,0.038555,0.000000,5.360401,0.127163,0.647996,98.456902,0.002242
B050,8,37.027464,7.101863,51.541977,300.807268,0.466556,0.000000,0.041351,0.007929,5.606347,0.136891,0.535826,98.234465,0.004091
B050,12,36.987834,7.104765,50.055811,296.998028,0.445247,0.000000,0.045301,0.005607,5.507644,0.313478,0.904444,98.551159,0.007223
B050,16,37.065524,7.115559,51.663659,305.027029,0.475927,0.000000,0.053216,0.000000,5.422810,0.131654,1.216691,98.301903,0.011425
B050,20,36.948494,7.075852,49.291075,306.739769,0.491291,0.000000,0.053171,0.000000,5.418266,0.274128,1.367677,98.406354,0.016153
B050,24,36.914010,7.075477,49.809612,304.606529,0.479138,0.000000,0.034006,0.016259,5.210583,0.256846,1.584568,98.098852,0.021615
B050,28,36.987133,7.055364,48.519191,301.984761,0.476151,0.000000,0.059750,0.007792,5.202352,0.318798,2.000641,98.001926,0.028503
B050,32,37.005301,7.081754,51.012961,301.447180,0.470667,0.000000,0.049414,0.012701,4.954837,0.398676,1.927880,98.077673,0.035147
B050,36,37.066020,7.104540,51.824284,302.560799,0.484934,0.000000,0.060171,0.000000,4.715925,0.401990,1.905199,98.589252,0.041746
B050,40,37.047149,7.090416,51.067656,304.110501,0.523472,0.000000,0.042450,1.218294,4.964963,0.455208,2.750273,98.027607,0.051218
B050,44,37.006977,7.106450,49.953037,306.816954,0.501941,0.000000,0.063040,1.224966,5.160211,0.531242,2.872970,98.201867,0.061131
B050,48,36.907295,7.088417,48.523844,303.470288,0.507903,0.000000,0.069343,1.328311,5.258378,0.653871,3.070216,98.272156,0.071731
B050,52,36.942609,7.100077,46.671472,309.919050,0.534026,0.000000,0.064146,1.338319,4.786400,0.770816,3.745959,98.278519,0.084666
B050,56,37.044167,7.096527,49.912539,303.124213,0.537525,0.000000,0.082850,1.356428,4.248972,0.790672,4.545661,98.481544,0.100394
B050,60,37.100649,7.105267,52.672459,304.588539,0.500339,0.000000,0.082408,1.356724,4.120346,0.784337,4.777574,98.327445,0.116899
B050,64,36.988183,7.080414,52.138453,301.978926,0.554656,0.000000,0.081079,1.365695,4.817615,0.930682,5.547491,98.386299,0.136076
B050,68,36.947009,7.091542,50.172042,304.848108,0.572158,0.000000,0.079307,1.459634,4.660157,1.044086,6.228190,97.958244,0.157511
B050,72,36.953796,7.074652,48.011651,314.886497,0.576215,0.000000,0.085473,1.443674,4.698836,1.161161,6.938351,97.900699,0.181377
B050,76,36.933524,7.082601,48.980271,317.947735,0.624260,0.000000,0.090825,1.476056,4.274384,1.245052,7.518011,98.148927,0.207302
B050,80,37.032705,7.075916,49.225047,315.652747,0.614796,0.000000,0.079376,1.536408,3.716849,1.389260,8.547690,98.050916,0.236748
B050,84,37.061480,7.087293,50.943348,311.683811,0.631436,0.000000,0.096705,1.446422,3.603879,1.584265,9.365338,98.810712,0.269261
B050,88,37.049812,7.076653,54.503522,313.264907,0.659191,0.000000,0.127617,1.441535,3.927128,1.744262,10.472184,97.920753,0.305290
B050,92,36.972415,7.079197,49.698209,318.064150,0.678606,0.000000,0.111016,1.514073,4.177200,1.668902,11.190974,98.202063,0.343901
B050,96,36.967104,7.052192,47.271857,319.638105,0.645429,0.000000,0.143702,1.504732,4.004193,1.808841,11.973415,98.283176,0.385247
B050,100,37.011635,7.065001,48.885380,316.347557,0.684763,0.000000,0.141169,1.514022,3.750174,2.209257,12.922408,98.399938,0.429922
B050,104,37.037841,7.074615,49.574410,315.702285,0.695554,0.000000,0.153311,1.528524,3.374392,2.296894,13.962089,97.937653,0.477966
B050,108,37.110098,7.088218,51.376976,314.542563,0.725363,0.000000,0.162558,1.508081,3.034448,2.400565,14.842733,98.282275,0.529219
B050,112,37.051619,7.063790,51.605120,315.315648,0.755702,0.000000,0.149482,1.597219,3.117468,2.457938,15.886831,98.112716,0.583983
B050,116,36.997374,7.057605,49.756090,317.184169,0.746627,0.000000,0.162026,1.550307,3.606763,2.667932,16.683742,97.750230,0.641281
B050,120,36.975854,7.049547,47.107254,328.655340,0.776759,0.000000,0.179054,1.581801,3.455668,2.729893,17.379101,97.520931,0.700828
B050,124,36.944369,7.050960,49.700330,322.462617,0.767238,0.000000,0.173092,1.707997,3.173703,2.809035,17.840554,97.311605,0.761824
B050,128,36.976205,7.032518,49.995879,324.412931,0.793024,0.000000,0.161290,1.683067,2.834460,2.816022,18.399648,97.562324,0.824894
B050,132,37.046702,7.051044,50.701764,327.609509,0.820595,0.000000,0.175661,1.712039,2.648765,2.919182,19.079983,97.711192,0.890396
B050,136,36.985545,7.058798,53.872058,319.515171,0.802731,0.000000,0.186964,1.718941,2.905237,3.100002,19.810864,97.037837,0.957938
B050,140,36.953416,7.044917,48.043918,326.357062,0.787130,0.000000,0.188142,1.745874,3.142903,3.113725,19.945234,97.033739,1.025936
B050,144,36.944896,7.008218,48.095927,329.746153,0.813615,0.000000,0.182517,1.742727,2.961944,3.320540,20.881660,96.776666,1.096937
B050,148,36.967888,7.056686,49.754781,322.528318,0.842459,0.000000,0.195236,1.736956,2.654354,3.098865,21.081976,96.842242,1.168668
B050,152,36.985315,7.058624,50.856529,327.843945,0.834299,0.000000,0.197511,1.792937,2.540803,2.912716,21.404466,96.268841,1.241065
B050,156,37.058192,7.077819,51.647006,319.848332,0.845744,0.000000,0.209316,1.779348,2.281068,2.623904,21.762747,96.776056,1.315062
B050,160,37.001454,7.071068,49.749913,331.309740,0.822696,0.000000,0.186923,1.822603,2.783342,2.741796,21.975033,97.103321,1.390034
B050,164,36.949991,7.047360,50.603397,325.216931,0.844105,0.000000,0.212224,1.876930,2.979554,2.594550,22.204523,96.524803,1.465336
B050,168,37.039062,7.068990,48.872356,324.116967,0.844286,0.000000,0.202856,1.794772,3.112166,2.445046,22.470135,96.668415,1.541653
B050,172,36.940779,7.061204,49.276140,326.019301,0.851680,0.000000,0.195375,1.837241,2.772902,2.407104,22.432878,96.527970,1.617733
B050,176,36.988975,7.063560,50.604308,329.633991,0.863618,0.000000,0.211588,1.844889,2.592957,2.108045,21.733777,96.678942,1.691557
B050,180,37.028958,7.074633,52.274590,322.877229,0.840523,0.000000,0.190238,1.927738,2.469617,2.090148,21.585698,96.116815,1.764452
B050,184,37.057183,7.043356,49.721952,325.212678,0.844309,0.000000,0.198627,1.909625,2.841133,1.921915,20.876432,96.008795,1.834873
B050,188,37.004831,7.068495,50.088762,326.196208,0.807107,0.000000,0.190631,1.911125,3.139382,1.755371,20.475368,95.956232,1.903903
B050,192,36.933354,7.044521,46.689662,328.574915,0.830170,0.000000,0.180892,1.976814,3.241262,1.590151,20.250342,95.696677,1.971989
B050,196,36.918663,7.087431,48.599762,326.768901,0.793261,0.000000,0.195564,2.016246,3.283355,1.393505,19.726533,96.017667,2.038537
B050,200,36.953882,7.078626,51.701503,324.452194,0.801478,0.000000,0.164387,1.920024,2.678367,1.423553,19.366687,95.396691,2.103448
B050,204,37.023021,7.067418,50.806206,323.052514,0.763634,0.000000,0.164419,1.972750,2.931194,1.303919,18.875381,95.398018,2.166713
B050,208,37.016560,7.087671,52.288206,321.673284,0.822773,0.000000,0.164048,1.991771,3.159066,1.324196,18.594652,94.620476,2.228530
B050,212,37.028914,7.075135,49.724852,323.852326,0.771490,0.000000,0.174436,2.050936,3.752776,0.979367,17.885395,94.946969,2.288194
B050,216,36.948567,7.074800,47.083822,329.937939,0.781809,0.000000,0.178104,2.017132,3.613195,0.930453,17.718833,94.906548,2.347277
B050,220,37.000661,7.056483,50.308818,322.141810,0.777700,0.000000,0.167714,2.009672,3.665325,0.932013,17.378559,94.427183,2.404932
B050,224,36.976094,7.077221,50.624538,316.067851,0.775373,0.000000,0.161363,2.070838,3.336498,0.901126,16.870998,94.621461,2.461019
B050,228,37.101508,7.089493,52.866892,315.625646,0.736026,0.000000,0.160617,2.088663,3.120117,0.758744,16.545516,94.332592,2.515856
B050,232,37.005370,7.098922,51.121902,317.109024,0.742052,0.000000,0.168079,2.114957,3.896792,0.887298,15.972516,93.945493,2.568577
B050,236,36.936877,7.087707,52.218272,321.164174,0.747332,0.000000,0.154106,2.136415,4.093688,0.642804,15.838740,93.870738,2.620814
B050,240,36.920149,7.097824,48.088030,315.810318,0.741359,0.000000,0.148101,2.158565,4.081292,0.567821,15.251784,93.533223,2.670935
